/*
 Navicat Premium Data Transfer

 Source Server         : localhost
 Source Server Type    : MySQL
 Source Server Version : 50726
 Source Host           : 127.0.0.1:3306
 Source Schema         : ry-vue

 Target Server Type    : MySQL
 Target Server Version : 50726
 File Encoding         : 65001

 Date: 16/07/2020 17:11:29
*/

SET NAMES utf8mb4;
SET FOREIGN_KEY_CHECKS = 0;

-- ----------------------------
-- Table structure for erp_order
-- ----------------------------
DROP TABLE IF EXISTS `erp_order`;
CREATE TABLE `erp_order`  (
  `order_id` bigint(20) NOT NULL,
  PRIMARY KEY (`order_id`) USING BTREE
) ENGINE = MyISAM CHARACTER SET = utf8 COLLATE = utf8_general_ci ROW_FORMAT = Fixed;

-- ----------------------------
-- Table structure for erp_shop
-- ----------------------------
DROP TABLE IF EXISTS `erp_shop`;
CREATE TABLE `erp_shop`  (
  `id` bigint(20) NOT NULL AUTO_INCREMENT,
  `admin_id` bigint(20) NOT NULL,
  `shop_type_id` bigint(20) NOT NULL COMMENT '平台类型',
  `shop_name` varchar(200) CHARACTER SET utf8 COLLATE utf8_general_ci DEFAULT NULL COMMENT '店铺名称',
  `shop_data` varchar(5000) CHARACTER SET utf8 COLLATE utf8_general_ci DEFAULT NULL COMMENT '店铺配置信息:[{\"key\":\"颜色\",\"value\":\"颜色\"},{\"key\":\"容量\",\"value\":\"4G\"}]',
  `auth_date` datetime(0) DEFAULT NULL COMMENT '授权时间',
  `create_date` datetime(0) DEFAULT NULL COMMENT '创建时间',
  `modify_date` datetime(0) DEFAULT NULL COMMENT '更新时间',
  PRIMARY KEY (`id`) USING BTREE
) ENGINE = InnoDB AUTO_INCREMENT = 3 CHARACTER SET = utf8 COLLATE = utf8_general_ci COMMENT = '电商店铺' ROW_FORMAT = Dynamic;

-- ----------------------------
-- Records of erp_shop
-- ----------------------------
INSERT INTO `erp_shop` VALUES (1, 1, 1, '493886562@qq.com', '{\"message\":\"\",\"code\":0,\"data\":{\"access_token\":\"8082b8d951f44d5daef6035cc6a73fff\",\"scopes\":[\"epc:read\",\"epc:write\",\"fbs:read\",\"fbw:read\",\"fbw:write\",\"infractions:read\",\"infractions:write\",\"merchant:read\",\"merchant:write\",\"notifications:read\",\"notifications:write\",\"orders:read\",\"orders:write\",\"payments:read\",\"penalties:read\",\"product_boost:read\",\"product_boost:write\",\"products:read\",\"products:write\",\"ratings:read\",\"returns:read\",\"returns:write\",\"tickets:read\",\"tickets:write\"],\"merchant_id\":\"5eeda7133bf1ff00bc7391e1\",\"expiry_time\":\"2020-07-31T07:02:46.378+00:00\",\"refresh_token\":\"d479dfe7a0df47cc938a27824a7dc494\"}}', '2020-06-26 16:40:13', NULL, NULL);
INSERT INTO `erp_shop` VALUES (2, 1, 2, '123', NULL, '2020-06-26 16:40:13', NULL, NULL);

-- ----------------------------
-- Table structure for erp_shop_type
-- ----------------------------
DROP TABLE IF EXISTS `erp_shop_type`;
CREATE TABLE `erp_shop_type`  (
  `id` bigint(20) NOT NULL AUTO_INCREMENT,
  `name` varchar(200) CHARACTER SET utf8 COLLATE utf8_general_ci DEFAULT NULL COMMENT '平台名称',
  `short_name` varchar(200) CHARACTER SET utf8 COLLATE utf8_general_ci DEFAULT NULL COMMENT '平台简称',
  `auth_url` varchar(255) CHARACTER SET utf8 COLLATE utf8_general_ci DEFAULT NULL COMMENT '授权地址',
  `client_id` varchar(255) CHARACTER SET utf8 COLLATE utf8_general_ci DEFAULT NULL COMMENT '客户ID',
  `client_secret` varchar(255) CHARACTER SET utf8 COLLATE utf8_general_ci DEFAULT NULL COMMENT '客户密钥',
  `create_date` datetime(0) DEFAULT NULL COMMENT '创建时间',
  `modify_date` datetime(0) DEFAULT NULL COMMENT '修改时间',
  PRIMARY KEY (`id`) USING BTREE
) ENGINE = InnoDB AUTO_INCREMENT = 3 CHARACTER SET = utf8 COLLATE = utf8_general_ci COMMENT = '电商平台' ROW_FORMAT = Dynamic;

-- ----------------------------
-- Records of erp_shop_type
-- ----------------------------
INSERT INTO `erp_shop_type` VALUES (1, 'wish', 'wish', 'https://sandbox.merchant.wish.com/v3/oauth/authorize?client_id=5ef2a92621a3120021446048', '5ef2a92621a3120021446048', '658f70bc66a848eea3d27856e17faf7d', '2020-06-27 08:47:22', '2020-06-27 08:47:22');
INSERT INTO `erp_shop_type` VALUES (2, 'shopee', 'shopee', NULL, NULL, NULL, '2020-06-27 08:47:22', '2020-06-27 08:47:22');

-- ----------------------------
-- Table structure for gen_table
-- ----------------------------
DROP TABLE IF EXISTS `gen_table`;
CREATE TABLE `gen_table`  (
  `table_id` bigint(20) NOT NULL AUTO_INCREMENT COMMENT '编号',
  `table_name` varchar(200) CHARACTER SET utf8mb4 COLLATE utf8mb4_unicode_ci DEFAULT '' COMMENT '表名称',
  `table_comment` varchar(500) CHARACTER SET utf8mb4 COLLATE utf8mb4_unicode_ci DEFAULT '' COMMENT '表描述',
  `class_name` varchar(100) CHARACTER SET utf8mb4 COLLATE utf8mb4_unicode_ci DEFAULT '' COMMENT '实体类名称',
  `tpl_category` varchar(200) CHARACTER SET utf8mb4 COLLATE utf8mb4_unicode_ci DEFAULT 'crud' COMMENT '使用的模板（crud单表操作 tree树表操作）',
  `package_name` varchar(100) CHARACTER SET utf8mb4 COLLATE utf8mb4_unicode_ci DEFAULT NULL COMMENT '生成包路径',
  `module_name` varchar(30) CHARACTER SET utf8mb4 COLLATE utf8mb4_unicode_ci DEFAULT NULL COMMENT '生成模块名',
  `business_name` varchar(30) CHARACTER SET utf8mb4 COLLATE utf8mb4_unicode_ci DEFAULT NULL COMMENT '生成业务名',
  `function_name` varchar(50) CHARACTER SET utf8mb4 COLLATE utf8mb4_unicode_ci DEFAULT NULL COMMENT '生成功能名',
  `function_author` varchar(50) CHARACTER SET utf8mb4 COLLATE utf8mb4_unicode_ci DEFAULT NULL COMMENT '生成功能作者',
  `options` varchar(1000) CHARACTER SET utf8mb4 COLLATE utf8mb4_unicode_ci DEFAULT NULL COMMENT '其它生成选项',
  `create_by` varchar(64) CHARACTER SET utf8mb4 COLLATE utf8mb4_unicode_ci DEFAULT '' COMMENT '创建者',
  `create_time` datetime(0) DEFAULT NULL COMMENT '创建时间',
  `update_by` varchar(64) CHARACTER SET utf8mb4 COLLATE utf8mb4_unicode_ci DEFAULT '' COMMENT '更新者',
  `update_time` datetime(0) DEFAULT NULL COMMENT '更新时间',
  `remark` varchar(500) CHARACTER SET utf8mb4 COLLATE utf8mb4_unicode_ci DEFAULT NULL COMMENT '备注',
  PRIMARY KEY (`table_id`) USING BTREE
) ENGINE = InnoDB AUTO_INCREMENT = 3 CHARACTER SET = utf8mb4 COLLATE = utf8mb4_unicode_ci COMMENT = '代码生成业务表' ROW_FORMAT = Dynamic;

-- ----------------------------
-- Records of gen_table
-- ----------------------------
INSERT INTO `gen_table` VALUES (1, 'erp_shop', '电商店铺', 'Shop', 'crud', 'com.ruoyi.erp.shop', 'shop', 'shop', '电商店铺', 'ruoyi', '{}', 'admin', '2020-06-24 17:23:15', '', '2020-06-26 10:08:55', NULL);
INSERT INTO `gen_table` VALUES (2, 'erp_shop_type', '电商平台', 'ShopType', 'crud', 'com.ruoyi.erp.shop', 'shop', 'shop_type', '电商平台', 'ruoyi', '{}', 'admin', '2020-06-24 17:23:15', '', '2020-06-26 09:26:31', NULL);

-- ----------------------------
-- Table structure for gen_table_column
-- ----------------------------
DROP TABLE IF EXISTS `gen_table_column`;
CREATE TABLE `gen_table_column`  (
  `column_id` bigint(20) NOT NULL AUTO_INCREMENT COMMENT '编号',
  `table_id` varchar(64) CHARACTER SET utf8mb4 COLLATE utf8mb4_unicode_ci DEFAULT NULL COMMENT '归属表编号',
  `column_name` varchar(200) CHARACTER SET utf8mb4 COLLATE utf8mb4_unicode_ci DEFAULT NULL COMMENT '列名称',
  `column_comment` varchar(500) CHARACTER SET utf8mb4 COLLATE utf8mb4_unicode_ci DEFAULT NULL COMMENT '列描述',
  `column_type` varchar(100) CHARACTER SET utf8mb4 COLLATE utf8mb4_unicode_ci DEFAULT NULL COMMENT '列类型',
  `java_type` varchar(500) CHARACTER SET utf8mb4 COLLATE utf8mb4_unicode_ci DEFAULT NULL COMMENT 'JAVA类型',
  `java_field` varchar(200) CHARACTER SET utf8mb4 COLLATE utf8mb4_unicode_ci DEFAULT NULL COMMENT 'JAVA字段名',
  `is_pk` char(1) CHARACTER SET utf8mb4 COLLATE utf8mb4_unicode_ci DEFAULT NULL COMMENT '是否主键（1是）',
  `is_increment` char(1) CHARACTER SET utf8mb4 COLLATE utf8mb4_unicode_ci DEFAULT NULL COMMENT '是否自增（1是）',
  `is_required` char(1) CHARACTER SET utf8mb4 COLLATE utf8mb4_unicode_ci DEFAULT NULL COMMENT '是否必填（1是）',
  `is_insert` char(1) CHARACTER SET utf8mb4 COLLATE utf8mb4_unicode_ci DEFAULT NULL COMMENT '是否为插入字段（1是）',
  `is_edit` char(1) CHARACTER SET utf8mb4 COLLATE utf8mb4_unicode_ci DEFAULT NULL COMMENT '是否编辑字段（1是）',
  `is_list` char(1) CHARACTER SET utf8mb4 COLLATE utf8mb4_unicode_ci DEFAULT NULL COMMENT '是否列表字段（1是）',
  `is_query` char(1) CHARACTER SET utf8mb4 COLLATE utf8mb4_unicode_ci DEFAULT NULL COMMENT '是否查询字段（1是）',
  `query_type` varchar(200) CHARACTER SET utf8mb4 COLLATE utf8mb4_unicode_ci DEFAULT 'EQ' COMMENT '查询方式（等于、不等于、大于、小于、范围）',
  `html_type` varchar(200) CHARACTER SET utf8mb4 COLLATE utf8mb4_unicode_ci DEFAULT NULL COMMENT '显示类型（文本框、文本域、下拉框、复选框、单选框、日期控件）',
  `dict_type` varchar(200) CHARACTER SET utf8mb4 COLLATE utf8mb4_unicode_ci DEFAULT '' COMMENT '字典类型',
  `sort` int(11) DEFAULT NULL COMMENT '排序',
  `create_by` varchar(64) CHARACTER SET utf8mb4 COLLATE utf8mb4_unicode_ci DEFAULT '' COMMENT '创建者',
  `create_time` datetime(0) DEFAULT NULL COMMENT '创建时间',
  `update_by` varchar(64) CHARACTER SET utf8mb4 COLLATE utf8mb4_unicode_ci DEFAULT '' COMMENT '更新者',
  `update_time` datetime(0) DEFAULT NULL COMMENT '更新时间',
  PRIMARY KEY (`column_id`) USING BTREE
) ENGINE = InnoDB AUTO_INCREMENT = 13 CHARACTER SET = utf8mb4 COLLATE = utf8mb4_unicode_ci COMMENT = '代码生成业务表字段' ROW_FORMAT = Dynamic;

-- ----------------------------
-- Records of gen_table_column
-- ----------------------------
INSERT INTO `gen_table_column` VALUES (1, '1', 'id', NULL, 'bigint(20)', 'Long', 'id', '1', '1', NULL, '1', NULL, NULL, NULL, 'EQ', 'input', '', 1, 'admin', '2020-06-24 17:23:15', '', '2020-06-26 10:08:55');
INSERT INTO `gen_table_column` VALUES (2, '1', 'admin_id', NULL, 'bigint(20)', 'Long', 'adminId', '0', '0', '1', NULL, NULL, NULL, NULL, 'EQ', 'input', '', 2, 'admin', '2020-06-24 17:23:15', '', '2020-06-26 10:08:55');
INSERT INTO `gen_table_column` VALUES (3, '1', 'shop_type_id', '平台类型', 'bigint(20)', 'Long', 'shopTypeId', '0', '0', '1', '1', '1', '1', '1', 'EQ', 'input', '', 3, 'admin', '2020-06-24 17:23:15', '', '2020-06-26 10:08:55');
INSERT INTO `gen_table_column` VALUES (4, '1', 'shop_name', '店铺名称', 'varchar(200)', 'String', 'shopName', '0', '0', '1', '1', '1', '1', '1', 'LIKE', 'input', '', 4, 'admin', '2020-06-24 17:23:15', '', '2020-06-26 10:08:55');
INSERT INTO `gen_table_column` VALUES (5, '1', 'shop_data', '店铺配置信息:[{\"key\":\"颜色\",\"value\":\"颜色\"},{\"key\":\"容量\",\"value\":\"4G\"}]', 'varchar(500)', 'String', 'shopData', '0', '0', NULL, NULL, NULL, '1', NULL, 'EQ', 'textarea', '', 5, 'admin', '2020-06-24 17:23:15', '', '2020-06-26 10:08:55');
INSERT INTO `gen_table_column` VALUES (6, '1', 'create_date', '创建时间', 'datetime', 'Date', 'createDate', '0', '0', NULL, NULL, NULL, '1', '1', 'BETWEEN', 'datetime', '', 6, 'admin', '2020-06-24 17:23:15', '', '2020-06-26 10:08:55');
INSERT INTO `gen_table_column` VALUES (7, '1', 'modify_date', '修改时间', 'datetime', 'Date', 'modifyDate', '0', '0', NULL, NULL, NULL, '1', '1', 'BETWEEN', 'datetime', '', 7, 'admin', '2020-06-24 17:23:15', '', '2020-06-26 10:08:55');
INSERT INTO `gen_table_column` VALUES (8, '2', 'id', NULL, 'bigint(20)', 'Long', 'id', '1', '1', NULL, '1', NULL, NULL, NULL, 'EQ', 'input', '', 1, 'admin', '2020-06-24 17:23:15', '', '2020-06-26 09:26:31');
INSERT INTO `gen_table_column` VALUES (9, '2', 'name', '平台名称', 'varchar(200)', 'String', 'name', '0', '0', NULL, '1', '1', '1', '1', 'LIKE', 'input', '', 2, 'admin', '2020-06-24 17:23:15', '', '2020-06-26 09:26:31');
INSERT INTO `gen_table_column` VALUES (10, '2', 'short_name', '平台简称', 'varchar(200)', 'String', 'shortName', '0', '0', NULL, '1', '1', '1', '1', 'LIKE', 'input', '', 3, 'admin', '2020-06-24 17:23:15', '', '2020-06-26 09:26:31');
INSERT INTO `gen_table_column` VALUES (11, '2', 'create_date', '创建时间', 'datetime', 'Date', 'createDate', '0', '0', NULL, '1', '1', '1', '1', 'EQ', 'datetime', '', 4, 'admin', '2020-06-24 17:23:15', '', '2020-06-26 09:26:31');
INSERT INTO `gen_table_column` VALUES (12, '2', 'modify_date', '修改时间', 'datetime', 'Date', 'modifyDate', '0', '0', NULL, '1', '1', '1', '1', 'EQ', 'datetime', '', 5, 'admin', '2020-06-24 17:23:15', '', '2020-06-26 09:26:31');

-- ----------------------------
-- Table structure for qrtz_blob_triggers
-- ----------------------------
DROP TABLE IF EXISTS `qrtz_blob_triggers`;
CREATE TABLE `qrtz_blob_triggers`  (
  `sched_name` varchar(120) CHARACTER SET utf8mb4 COLLATE utf8mb4_unicode_ci NOT NULL,
  `trigger_name` varchar(200) CHARACTER SET utf8mb4 COLLATE utf8mb4_unicode_ci NOT NULL,
  `trigger_group` varchar(200) CHARACTER SET utf8mb4 COLLATE utf8mb4_unicode_ci NOT NULL,
  `blob_data` blob,
  PRIMARY KEY (`sched_name`) USING BTREE
) ENGINE = MyISAM CHARACTER SET = utf8 COLLATE = utf8_general_ci ROW_FORMAT = Dynamic;

-- ----------------------------
-- Table structure for qrtz_calendars
-- ----------------------------
DROP TABLE IF EXISTS `qrtz_calendars`;
CREATE TABLE `qrtz_calendars`  (
  `sched_name` varchar(120) CHARACTER SET utf8 COLLATE utf8_general_ci NOT NULL,
  `calendar_name` varchar(200) CHARACTER SET utf8 COLLATE utf8_general_ci NOT NULL,
  `calendar` blob NOT NULL,
  PRIMARY KEY (`sched_name`, `calendar_name`) USING BTREE
) ENGINE = InnoDB CHARACTER SET = utf8 COLLATE = utf8_general_ci ROW_FORMAT = Dynamic;

-- ----------------------------
-- Table structure for qrtz_cron_triggers
-- ----------------------------
DROP TABLE IF EXISTS `qrtz_cron_triggers`;
CREATE TABLE `qrtz_cron_triggers`  (
  `sched_name` varchar(120) CHARACTER SET utf8 COLLATE utf8_general_ci NOT NULL,
  `trigger_name` varchar(200) CHARACTER SET utf8 COLLATE utf8_general_ci NOT NULL,
  `trigger_group` varchar(200) CHARACTER SET utf8 COLLATE utf8_general_ci NOT NULL,
  `cron_expression` varchar(200) CHARACTER SET utf8 COLLATE utf8_general_ci NOT NULL,
  `time_zone_id` varchar(80) CHARACTER SET utf8 COLLATE utf8_general_ci DEFAULT NULL,
  PRIMARY KEY (`sched_name`, `trigger_name`, `trigger_group`) USING BTREE,
  CONSTRAINT `qrtz_cron_triggers_ibfk_1` FOREIGN KEY (`sched_name`, `trigger_name`, `trigger_group`) REFERENCES `qrtz_triggers` (`sched_name`, `trigger_name`, `trigger_group`) ON DELETE RESTRICT ON UPDATE RESTRICT
) ENGINE = InnoDB CHARACTER SET = utf8 COLLATE = utf8_general_ci ROW_FORMAT = Dynamic;

-- ----------------------------
-- Records of qrtz_cron_triggers
-- ----------------------------
INSERT INTO `qrtz_cron_triggers` VALUES ('RuoyiScheduler', 'TASK_CLASS_NAME1', 'DEFAULT', '* * 0/1 * * ? ', 'Asia/Shanghai');
INSERT INTO `qrtz_cron_triggers` VALUES ('RuoyiScheduler', 'TASK_CLASS_NAME2', 'DEFAULT', '0/15 * * * * ?', 'Asia/Shanghai');
INSERT INTO `qrtz_cron_triggers` VALUES ('RuoyiScheduler', 'TASK_CLASS_NAME3', 'DEFAULT', '0/20 * * * * ?', 'Asia/Shanghai');
INSERT INTO `qrtz_cron_triggers` VALUES ('RuoyiScheduler', 'TASK_CLASS_NAME4', 'wish_order', '0 0 0/1 * * ?', 'Asia/Shanghai');
INSERT INTO `qrtz_cron_triggers` VALUES ('RuoyiScheduler', 'TASK_CLASS_NAME5', 'wish_order', '0 10 0/1 * * ?', 'Asia/Shanghai');

-- ----------------------------
-- Table structure for qrtz_fired_triggers
-- ----------------------------
DROP TABLE IF EXISTS `qrtz_fired_triggers`;
CREATE TABLE `qrtz_fired_triggers`  (
  `sched_name` varchar(120) CHARACTER SET utf8 COLLATE utf8_general_ci NOT NULL,
  `entry_id` varchar(95) CHARACTER SET utf8 COLLATE utf8_general_ci NOT NULL,
  `trigger_name` varchar(200) CHARACTER SET utf8 COLLATE utf8_general_ci NOT NULL,
  `trigger_group` varchar(200) CHARACTER SET utf8 COLLATE utf8_general_ci NOT NULL,
  `instance_name` varchar(200) CHARACTER SET utf8 COLLATE utf8_general_ci NOT NULL,
  `fired_time` bigint(13) NOT NULL,
  `sched_time` bigint(13) NOT NULL,
  `priority` int(11) NOT NULL,
  `state` varchar(16) CHARACTER SET utf8 COLLATE utf8_general_ci NOT NULL,
  `job_name` varchar(200) CHARACTER SET utf8 COLLATE utf8_general_ci DEFAULT NULL,
  `job_group` varchar(200) CHARACTER SET utf8 COLLATE utf8_general_ci DEFAULT NULL,
  `is_nonconcurrent` varchar(1) CHARACTER SET utf8 COLLATE utf8_general_ci DEFAULT NULL,
  `requests_recovery` varchar(1) CHARACTER SET utf8 COLLATE utf8_general_ci DEFAULT NULL,
  PRIMARY KEY (`sched_name`, `entry_id`) USING BTREE
) ENGINE = InnoDB CHARACTER SET = utf8 COLLATE = utf8_general_ci ROW_FORMAT = Dynamic;

-- ----------------------------
-- Table structure for qrtz_job_details
-- ----------------------------
DROP TABLE IF EXISTS `qrtz_job_details`;
CREATE TABLE `qrtz_job_details`  (
  `sched_name` varchar(120) CHARACTER SET utf8 COLLATE utf8_general_ci NOT NULL,
  `job_name` varchar(200) CHARACTER SET utf8 COLLATE utf8_general_ci NOT NULL,
  `job_group` varchar(200) CHARACTER SET utf8 COLLATE utf8_general_ci NOT NULL,
  `description` varchar(250) CHARACTER SET utf8 COLLATE utf8_general_ci DEFAULT NULL,
  `job_class_name` varchar(250) CHARACTER SET utf8 COLLATE utf8_general_ci NOT NULL,
  `is_durable` varchar(1) CHARACTER SET utf8 COLLATE utf8_general_ci NOT NULL,
  `is_nonconcurrent` varchar(1) CHARACTER SET utf8 COLLATE utf8_general_ci NOT NULL,
  `is_update_data` varchar(1) CHARACTER SET utf8 COLLATE utf8_general_ci NOT NULL,
  `requests_recovery` varchar(1) CHARACTER SET utf8 COLLATE utf8_general_ci NOT NULL,
  `job_data` blob,
  PRIMARY KEY (`sched_name`, `job_name`, `job_group`) USING BTREE
) ENGINE = InnoDB CHARACTER SET = utf8 COLLATE = utf8_general_ci ROW_FORMAT = Dynamic;

-- ----------------------------
-- Records of qrtz_job_details
-- ----------------------------
INSERT INTO `qrtz_job_details` VALUES ('RuoyiScheduler', 'TASK_CLASS_NAME1', 'DEFAULT', NULL, 'com.ruoyi.common.utils.job.QuartzJobExecution', '0', '0', '0', '0', 0xACED0005737200156F72672E71756172747A2E4A6F62446174614D61709FB083E8BFA9B0CB020000787200266F72672E71756172747A2E7574696C732E537472696E674B65794469727479466C61674D61708208E8C3FBC55D280200015A0013616C6C6F77735472616E7369656E74446174617872001D6F72672E71756172747A2E7574696C732E4469727479466C61674D617013E62EAD28760ACE0200025A000564697274794C00036D617074000F4C6A6176612F7574696C2F4D61703B787001737200116A6176612E7574696C2E486173684D61700507DAC1C31660D103000246000A6C6F6164466163746F724900097468726573686F6C6478703F4000000000000C7708000000100000000174000F5441534B5F50524F5045525449455373720027636F6D2E72756F79692E70726F6A6563742E6D6F6E69746F722E646F6D61696E2E5379734A6F6200000000000000010200084C000A636F6E63757272656E747400124C6A6176612F6C616E672F537472696E673B4C000E63726F6E45787072657373696F6E71007E00094C000C696E766F6B6554617267657471007E00094C00086A6F6247726F757071007E00094C00056A6F6249647400104C6A6176612F6C616E672F4C6F6E673B4C00076A6F624E616D6571007E00094C000D6D697366697265506F6C69637971007E00094C000673746174757371007E000978720029636F6D2E72756F79692E6672616D65776F726B2E7765622E646F6D61696E2E42617365456E7469747900000000000000010200094C0009626567696E54696D6571007E00094C0008637265617465427971007E00094C000A63726561746554696D657400104C6A6176612F7574696C2F446174653B4C0007656E6454696D6571007E00094C0006706172616D7371007E00034C000672656D61726B71007E00094C000B73656172636856616C756571007E00094C0008757064617465427971007E00094C000A75706461746554696D6571007E000C78707074000561646D696E7372000E6A6176612E7574696C2E44617465686A81014B59741903000078707708000001622CDE29E07870707400007070707400013074000E2A202A20302F31202A202A203F2074001172795461736B2E72794E6F506172616D7374000744454641554C547372000E6A6176612E6C616E672E4C6F6E673B8BE490CC8F23DF0200014A000576616C7565787200106A6176612E6C616E672E4E756D62657286AC951D0B94E08B02000078700000000000000001740018E7B3BBE7BB9FE9BB98E8AEA4EFBC88E697A0E58F82EFBC8974000131740001317800);
INSERT INTO `qrtz_job_details` VALUES ('RuoyiScheduler', 'TASK_CLASS_NAME2', 'DEFAULT', NULL, 'com.ruoyi.common.utils.job.QuartzDisallowConcurrentExecution', '0', '1', '0', '0', 0xACED0005737200156F72672E71756172747A2E4A6F62446174614D61709FB083E8BFA9B0CB020000787200266F72672E71756172747A2E7574696C732E537472696E674B65794469727479466C61674D61708208E8C3FBC55D280200015A0013616C6C6F77735472616E7369656E74446174617872001D6F72672E71756172747A2E7574696C732E4469727479466C61674D617013E62EAD28760ACE0200025A000564697274794C00036D617074000F4C6A6176612F7574696C2F4D61703B787001737200116A6176612E7574696C2E486173684D61700507DAC1C31660D103000246000A6C6F6164466163746F724900097468726573686F6C6478703F4000000000000C7708000000100000000174000F5441534B5F50524F5045525449455373720027636F6D2E72756F79692E70726F6A6563742E6D6F6E69746F722E646F6D61696E2E5379734A6F6200000000000000010200084C000A636F6E63757272656E747400124C6A6176612F6C616E672F537472696E673B4C000E63726F6E45787072657373696F6E71007E00094C000C696E766F6B6554617267657471007E00094C00086A6F6247726F757071007E00094C00056A6F6249647400104C6A6176612F6C616E672F4C6F6E673B4C00076A6F624E616D6571007E00094C000D6D697366697265506F6C69637971007E00094C000673746174757371007E000978720029636F6D2E72756F79692E6672616D65776F726B2E7765622E646F6D61696E2E42617365456E7469747900000000000000010200094C0009626567696E54696D6571007E00094C0008637265617465427971007E00094C000A63726561746554696D657400104C6A6176612F7574696C2F446174653B4C0007656E6454696D6571007E00094C0006706172616D7371007E00034C000672656D61726B71007E00094C000B73656172636856616C756571007E00094C0008757064617465427971007E00094C000A75706461746554696D6571007E000C78707074000561646D696E7372000E6A6176612E7574696C2E44617465686A81014B59741903000078707708000001622CDE29E07870707400007070707400013174000E302F3135202A202A202A202A203F74001572795461736B2E7279506172616D7328277279272974000744454641554C547372000E6A6176612E6C616E672E4C6F6E673B8BE490CC8F23DF0200014A000576616C7565787200106A6176612E6C616E672E4E756D62657286AC951D0B94E08B02000078700000000000000002740018E7B3BBE7BB9FE9BB98E8AEA4EFBC88E69C89E58F82EFBC8974000133740001317800);
INSERT INTO `qrtz_job_details` VALUES ('RuoyiScheduler', 'TASK_CLASS_NAME3', 'DEFAULT', NULL, 'com.ruoyi.common.utils.job.QuartzDisallowConcurrentExecution', '0', '1', '0', '0', 0xACED0005737200156F72672E71756172747A2E4A6F62446174614D61709FB083E8BFA9B0CB020000787200266F72672E71756172747A2E7574696C732E537472696E674B65794469727479466C61674D61708208E8C3FBC55D280200015A0013616C6C6F77735472616E7369656E74446174617872001D6F72672E71756172747A2E7574696C732E4469727479466C61674D617013E62EAD28760ACE0200025A000564697274794C00036D617074000F4C6A6176612F7574696C2F4D61703B787001737200116A6176612E7574696C2E486173684D61700507DAC1C31660D103000246000A6C6F6164466163746F724900097468726573686F6C6478703F4000000000000C7708000000100000000174000F5441534B5F50524F5045525449455373720027636F6D2E72756F79692E70726F6A6563742E6D6F6E69746F722E646F6D61696E2E5379734A6F6200000000000000010200084C000A636F6E63757272656E747400124C6A6176612F6C616E672F537472696E673B4C000E63726F6E45787072657373696F6E71007E00094C000C696E766F6B6554617267657471007E00094C00086A6F6247726F757071007E00094C00056A6F6249647400104C6A6176612F6C616E672F4C6F6E673B4C00076A6F624E616D6571007E00094C000D6D697366697265506F6C69637971007E00094C000673746174757371007E000978720029636F6D2E72756F79692E6672616D65776F726B2E7765622E646F6D61696E2E42617365456E7469747900000000000000010200094C0009626567696E54696D6571007E00094C0008637265617465427971007E00094C000A63726561746554696D657400104C6A6176612F7574696C2F446174653B4C0007656E6454696D6571007E00094C0006706172616D7371007E00034C000672656D61726B71007E00094C000B73656172636856616C756571007E00094C0008757064617465427971007E00094C000A75706461746554696D6571007E000C78707074000561646D696E7372000E6A6176612E7574696C2E44617465686A81014B59741903000078707708000001622CDE29E07870707400007070707400013174000E302F3230202A202A202A202A203F74003872795461736B2E72794D756C7469706C65506172616D7328277279272C20747275652C20323030304C2C203331362E3530442C203130302974000744454641554C547372000E6A6176612E6C616E672E4C6F6E673B8BE490CC8F23DF0200014A000576616C7565787200106A6176612E6C616E672E4E756D62657286AC951D0B94E08B02000078700000000000000003740018E7B3BBE7BB9FE9BB98E8AEA4EFBC88E5A49AE58F82EFBC8974000133740001317800);
INSERT INTO `qrtz_job_details` VALUES ('RuoyiScheduler', 'TASK_CLASS_NAME4', 'wish_order', NULL, 'com.ruoyi.common.utils.job.QuartzDisallowConcurrentExecution', '0', '1', '0', '0', 0xACED0005737200156F72672E71756172747A2E4A6F62446174614D61709FB083E8BFA9B0CB020000787200266F72672E71756172747A2E7574696C732E537472696E674B65794469727479466C61674D61708208E8C3FBC55D280200015A0013616C6C6F77735472616E7369656E74446174617872001D6F72672E71756172747A2E7574696C732E4469727479466C61674D617013E62EAD28760ACE0200025A000564697274794C00036D617074000F4C6A6176612F7574696C2F4D61703B787001737200116A6176612E7574696C2E486173684D61700507DAC1C31660D103000246000A6C6F6164466163746F724900097468726573686F6C6478703F4000000000000C7708000000100000000174000F5441534B5F50524F5045525449455373720027636F6D2E72756F79692E70726F6A6563742E6D6F6E69746F722E646F6D61696E2E5379734A6F6200000000000000010200084C000A636F6E63757272656E747400124C6A6176612F6C616E672F537472696E673B4C000E63726F6E45787072657373696F6E71007E00094C000C696E766F6B6554617267657471007E00094C00086A6F6247726F757071007E00094C00056A6F6249647400104C6A6176612F6C616E672F4C6F6E673B4C00076A6F624E616D6571007E00094C000D6D697366697265506F6C69637971007E00094C000673746174757371007E000978720029636F6D2E72756F79692E6672616D65776F726B2E7765622E646F6D61696E2E42617365456E7469747900000000000000010200094C0009626567696E54696D6571007E00094C0008637265617465427971007E00094C000A63726561746554696D657400104C6A6176612F7574696C2F446174653B4C0007656E6454696D6571007E00094C0006706172616D7371007E00034C000672656D61726B71007E00094C000B73656172636856616C756571007E00094C0008757064617465427971007E00094C000A75706461746554696D6571007E000C7870707400007372000E6A6176612E7574696C2E44617465686A81014B597419030000787077080000017302F9C0887870707400007070707400013174000D30203020302F31202A202A203F7400156F726465725461736B2E7279576973684F7264657274000A776973685F6F726465727372000E6A6176612E6C616E672E4C6F6E673B8BE490CC8F23DF0200014A000576616C7565787200106A6176612E6C616E672E4E756D62657286AC951D0B94E08B02000078700000000000000004740012E794A8E688B7E8AEA2E58D95E5908CE6ADA574000131740001307800);
INSERT INTO `qrtz_job_details` VALUES ('RuoyiScheduler', 'TASK_CLASS_NAME5', 'wish_order', NULL, 'com.ruoyi.common.utils.job.QuartzDisallowConcurrentExecution', '0', '1', '0', '0', 0xACED0005737200156F72672E71756172747A2E4A6F62446174614D61709FB083E8BFA9B0CB020000787200266F72672E71756172747A2E7574696C732E537472696E674B65794469727479466C61674D61708208E8C3FBC55D280200015A0013616C6C6F77735472616E7369656E74446174617872001D6F72672E71756172747A2E7574696C732E4469727479466C61674D617013E62EAD28760ACE0200025A000564697274794C00036D617074000F4C6A6176612F7574696C2F4D61703B787001737200116A6176612E7574696C2E486173684D61700507DAC1C31660D103000246000A6C6F6164466163746F724900097468726573686F6C6478703F4000000000000C7708000000100000000174000F5441534B5F50524F5045525449455373720027636F6D2E72756F79692E70726F6A6563742E6D6F6E69746F722E646F6D61696E2E5379734A6F6200000000000000010200084C000A636F6E63757272656E747400124C6A6176612F6C616E672F537472696E673B4C000E63726F6E45787072657373696F6E71007E00094C000C696E766F6B6554617267657471007E00094C00086A6F6247726F757071007E00094C00056A6F6249647400104C6A6176612F6C616E672F4C6F6E673B4C00076A6F624E616D6571007E00094C000D6D697366697265506F6C69637971007E00094C000673746174757371007E000978720029636F6D2E72756F79692E6672616D65776F726B2E7765622E646F6D61696E2E42617365456E7469747900000000000000010200094C0009626567696E54696D6571007E00094C0008637265617465427971007E00094C000A63726561746554696D657400104C6A6176612F7574696C2F446174653B4C0007656E6454696D6571007E00094C0006706172616D7371007E00034C000672656D61726B71007E00094C000B73656172636856616C756571007E00094C0008757064617465427971007E00094C000A75706461746554696D6571007E000C7870707400007372000E6A6176612E7574696C2E44617465686A81014B5974190300007870770800000173085D64087870707400007070707400013174000E3020313020302F31202A202A203F74001D6F726465725461736B2E7279446F776E53617665576973684F7264657274000A776973685F6F726465727372000E6A6176612E6C616E672E4C6F6E673B8BE490CC8F23DF0200014A000576616C7565787200106A6176612E6C616E672E4E756D62657286AC951D0B94E08B02000078700000000000000005740018E794A8E688B7E8AEA2E58D95E4B88BE8BDBDE4BF9DE5AD9874000131740001307800);

-- ----------------------------
-- Table structure for qrtz_locks
-- ----------------------------
DROP TABLE IF EXISTS `qrtz_locks`;
CREATE TABLE `qrtz_locks`  (
  `sched_name` varchar(120) CHARACTER SET utf8 COLLATE utf8_general_ci NOT NULL,
  `lock_name` varchar(40) CHARACTER SET utf8 COLLATE utf8_general_ci NOT NULL,
  PRIMARY KEY (`sched_name`, `lock_name`) USING BTREE
) ENGINE = InnoDB CHARACTER SET = utf8 COLLATE = utf8_general_ci ROW_FORMAT = Dynamic;

-- ----------------------------
-- Records of qrtz_locks
-- ----------------------------
INSERT INTO `qrtz_locks` VALUES ('RuoyiScheduler', 'STATE_ACCESS');
INSERT INTO `qrtz_locks` VALUES ('RuoyiScheduler', 'TRIGGER_ACCESS');

-- ----------------------------
-- Table structure for qrtz_paused_trigger_grps
-- ----------------------------
DROP TABLE IF EXISTS `qrtz_paused_trigger_grps`;
CREATE TABLE `qrtz_paused_trigger_grps`  (
  `sched_name` varchar(120) CHARACTER SET utf8 COLLATE utf8_general_ci NOT NULL,
  `trigger_group` varchar(200) CHARACTER SET utf8 COLLATE utf8_general_ci NOT NULL,
  PRIMARY KEY (`sched_name`, `trigger_group`) USING BTREE
) ENGINE = InnoDB CHARACTER SET = utf8 COLLATE = utf8_general_ci ROW_FORMAT = Dynamic;

-- ----------------------------
-- Table structure for qrtz_scheduler_state
-- ----------------------------
DROP TABLE IF EXISTS `qrtz_scheduler_state`;
CREATE TABLE `qrtz_scheduler_state`  (
  `sched_name` varchar(120) CHARACTER SET utf8 COLLATE utf8_general_ci NOT NULL,
  `instance_name` varchar(200) CHARACTER SET utf8 COLLATE utf8_general_ci NOT NULL,
  `last_checkin_time` bigint(13) NOT NULL,
  `checkin_interval` bigint(13) NOT NULL,
  PRIMARY KEY (`sched_name`, `instance_name`) USING BTREE
) ENGINE = InnoDB CHARACTER SET = utf8 COLLATE = utf8_general_ci ROW_FORMAT = Dynamic;

-- ----------------------------
-- Records of qrtz_scheduler_state
-- ----------------------------
INSERT INTO `qrtz_scheduler_state` VALUES ('RuoyiScheduler', 'wkywork1594890363493', 1594890555746, 15000);

-- ----------------------------
-- Table structure for qrtz_simple_triggers
-- ----------------------------
DROP TABLE IF EXISTS `qrtz_simple_triggers`;
CREATE TABLE `qrtz_simple_triggers`  (
  `sched_name` varchar(120) CHARACTER SET utf8 COLLATE utf8_general_ci NOT NULL,
  `trigger_name` varchar(200) CHARACTER SET utf8 COLLATE utf8_general_ci NOT NULL,
  `trigger_group` varchar(200) CHARACTER SET utf8 COLLATE utf8_general_ci NOT NULL,
  `repeat_count` bigint(7) NOT NULL,
  `repeat_interval` bigint(12) NOT NULL,
  `times_triggered` bigint(10) NOT NULL,
  PRIMARY KEY (`sched_name`, `trigger_name`, `trigger_group`) USING BTREE,
  CONSTRAINT `qrtz_simple_triggers_ibfk_1` FOREIGN KEY (`sched_name`, `trigger_name`, `trigger_group`) REFERENCES `qrtz_triggers` (`sched_name`, `trigger_name`, `trigger_group`) ON DELETE RESTRICT ON UPDATE RESTRICT
) ENGINE = InnoDB CHARACTER SET = utf8 COLLATE = utf8_general_ci ROW_FORMAT = Dynamic;

-- ----------------------------
-- Table structure for qrtz_simprop_triggers
-- ----------------------------
DROP TABLE IF EXISTS `qrtz_simprop_triggers`;
CREATE TABLE `qrtz_simprop_triggers`  (
  `sched_name` varchar(120) CHARACTER SET utf8 COLLATE utf8_general_ci NOT NULL,
  `trigger_name` varchar(200) CHARACTER SET utf8 COLLATE utf8_general_ci NOT NULL,
  `trigger_group` varchar(200) CHARACTER SET utf8 COLLATE utf8_general_ci NOT NULL,
  `str_prop_1` varchar(512) CHARACTER SET utf8 COLLATE utf8_general_ci DEFAULT NULL,
  `str_prop_2` varchar(512) CHARACTER SET utf8 COLLATE utf8_general_ci DEFAULT NULL,
  `str_prop_3` varchar(512) CHARACTER SET utf8 COLLATE utf8_general_ci DEFAULT NULL,
  `int_prop_1` int(11) DEFAULT NULL,
  `int_prop_2` int(11) DEFAULT NULL,
  `long_prop_1` bigint(20) DEFAULT NULL,
  `long_prop_2` bigint(20) DEFAULT NULL,
  `dec_prop_1` decimal(13, 4) DEFAULT NULL,
  `dec_prop_2` decimal(13, 4) DEFAULT NULL,
  `bool_prop_1` varchar(1) CHARACTER SET utf8 COLLATE utf8_general_ci DEFAULT NULL,
  `bool_prop_2` varchar(1) CHARACTER SET utf8 COLLATE utf8_general_ci DEFAULT NULL,
  PRIMARY KEY (`sched_name`, `trigger_name`, `trigger_group`) USING BTREE,
  CONSTRAINT `qrtz_simprop_triggers_ibfk_1` FOREIGN KEY (`sched_name`, `trigger_name`, `trigger_group`) REFERENCES `qrtz_triggers` (`sched_name`, `trigger_name`, `trigger_group`) ON DELETE RESTRICT ON UPDATE RESTRICT
) ENGINE = InnoDB CHARACTER SET = utf8 COLLATE = utf8_general_ci ROW_FORMAT = Dynamic;

-- ----------------------------
-- Table structure for qrtz_triggers
-- ----------------------------
DROP TABLE IF EXISTS `qrtz_triggers`;
CREATE TABLE `qrtz_triggers`  (
  `sched_name` varchar(120) CHARACTER SET utf8 COLLATE utf8_general_ci NOT NULL,
  `trigger_name` varchar(200) CHARACTER SET utf8 COLLATE utf8_general_ci NOT NULL,
  `trigger_group` varchar(200) CHARACTER SET utf8 COLLATE utf8_general_ci NOT NULL,
  `job_name` varchar(200) CHARACTER SET utf8 COLLATE utf8_general_ci NOT NULL,
  `job_group` varchar(200) CHARACTER SET utf8 COLLATE utf8_general_ci NOT NULL,
  `description` varchar(250) CHARACTER SET utf8 COLLATE utf8_general_ci DEFAULT NULL,
  `next_fire_time` bigint(13) DEFAULT NULL,
  `prev_fire_time` bigint(13) DEFAULT NULL,
  `priority` int(11) DEFAULT NULL,
  `trigger_state` varchar(16) CHARACTER SET utf8 COLLATE utf8_general_ci NOT NULL,
  `trigger_type` varchar(8) CHARACTER SET utf8 COLLATE utf8_general_ci NOT NULL,
  `start_time` bigint(13) NOT NULL,
  `end_time` bigint(13) DEFAULT NULL,
  `calendar_name` varchar(200) CHARACTER SET utf8 COLLATE utf8_general_ci DEFAULT NULL,
  `misfire_instr` smallint(2) DEFAULT NULL,
  `job_data` blob,
  PRIMARY KEY (`sched_name`, `trigger_name`, `trigger_group`) USING BTREE,
  INDEX `sched_name`(`sched_name`, `job_name`, `job_group`) USING BTREE,
  CONSTRAINT `qrtz_triggers_ibfk_1` FOREIGN KEY (`sched_name`, `job_name`, `job_group`) REFERENCES `qrtz_job_details` (`sched_name`, `job_name`, `job_group`) ON DELETE RESTRICT ON UPDATE RESTRICT
) ENGINE = InnoDB CHARACTER SET = utf8 COLLATE = utf8_general_ci ROW_FORMAT = Dynamic;

-- ----------------------------
-- Records of qrtz_triggers
-- ----------------------------
INSERT INTO `qrtz_triggers` VALUES ('RuoyiScheduler', 'TASK_CLASS_NAME1', 'DEFAULT', 'TASK_CLASS_NAME1', 'DEFAULT', NULL, 1594890411000, -1, 5, 'PAUSED', 'CRON', 1594890411000, 0, NULL, -1, '');
INSERT INTO `qrtz_triggers` VALUES ('RuoyiScheduler', 'TASK_CLASS_NAME2', 'DEFAULT', 'TASK_CLASS_NAME2', 'DEFAULT', NULL, 1594890420000, -1, 5, 'PAUSED', 'CRON', 1594890411000, 0, NULL, 2, '');
INSERT INTO `qrtz_triggers` VALUES ('RuoyiScheduler', 'TASK_CLASS_NAME3', 'DEFAULT', 'TASK_CLASS_NAME3', 'DEFAULT', NULL, 1594890420000, -1, 5, 'PAUSED', 'CRON', 1594890413000, 0, NULL, 2, '');
INSERT INTO `qrtz_triggers` VALUES ('RuoyiScheduler', 'TASK_CLASS_NAME4', 'wish_order', 'TASK_CLASS_NAME4', 'wish_order', NULL, 1594893600000, -1, 5, 'WAITING', 'CRON', 1594890413000, 0, NULL, -1, '');
INSERT INTO `qrtz_triggers` VALUES ('RuoyiScheduler', 'TASK_CLASS_NAME5', 'wish_order', 'TASK_CLASS_NAME5', 'wish_order', NULL, 1594890600000, -1, 5, 'WAITING', 'CRON', 1594890414000, 0, NULL, -1, '');

-- ----------------------------
-- Table structure for sys_config
-- ----------------------------
DROP TABLE IF EXISTS `sys_config`;
CREATE TABLE `sys_config`  (
  `config_id` int(5) NOT NULL AUTO_INCREMENT COMMENT '参数主键',
  `config_name` varchar(100) CHARACTER SET utf8 COLLATE utf8_general_ci DEFAULT '' COMMENT '参数名称',
  `config_key` varchar(100) CHARACTER SET utf8 COLLATE utf8_general_ci DEFAULT '' COMMENT '参数键名',
  `config_value` varchar(500) CHARACTER SET utf8 COLLATE utf8_general_ci DEFAULT '' COMMENT '参数键值',
  `config_type` char(1) CHARACTER SET utf8 COLLATE utf8_general_ci DEFAULT 'N' COMMENT '系统内置（Y是 N否）',
  `create_by` varchar(64) CHARACTER SET utf8 COLLATE utf8_general_ci DEFAULT '' COMMENT '创建者',
  `create_time` datetime(0) DEFAULT NULL COMMENT '创建时间',
  `update_by` varchar(64) CHARACTER SET utf8 COLLATE utf8_general_ci DEFAULT '' COMMENT '更新者',
  `update_time` datetime(0) DEFAULT NULL COMMENT '更新时间',
  `remark` varchar(500) CHARACTER SET utf8 COLLATE utf8_general_ci DEFAULT NULL COMMENT '备注',
  PRIMARY KEY (`config_id`) USING BTREE
) ENGINE = InnoDB AUTO_INCREMENT = 4 CHARACTER SET = utf8 COLLATE = utf8_general_ci COMMENT = '参数配置表' ROW_FORMAT = Dynamic;

-- ----------------------------
-- Records of sys_config
-- ----------------------------
INSERT INTO `sys_config` VALUES (1, '主框架页-默认皮肤样式名称', 'sys.index.skinName', 'skin-blue', 'Y', 'admin', '2018-03-16 11:33:00', 'ry', '2018-03-16 11:33:00', '蓝色 skin-blue、绿色 skin-green、紫色 skin-purple、红色 skin-red、黄色 skin-yellow');
INSERT INTO `sys_config` VALUES (2, '用户管理-账号初始密码', 'sys.user.initPassword', '123456', 'Y', 'admin', '2018-03-16 11:33:00', 'ry', '2018-03-16 11:33:00', '初始化密码 123456');
INSERT INTO `sys_config` VALUES (3, '主框架页-侧边栏主题', 'sys.index.sideTheme', 'theme-dark', 'Y', 'admin', '2018-03-16 11:33:00', 'ry', '2018-03-16 11:33:00', '深色主题theme-dark，浅色主题theme-light');

-- ----------------------------
-- Table structure for sys_dept
-- ----------------------------
DROP TABLE IF EXISTS `sys_dept`;
CREATE TABLE `sys_dept`  (
  `dept_id` bigint(20) NOT NULL AUTO_INCREMENT COMMENT '部门id',
  `parent_id` bigint(20) DEFAULT 0 COMMENT '父部门id',
  `ancestors` varchar(50) CHARACTER SET utf8 COLLATE utf8_general_ci DEFAULT '' COMMENT '祖级列表',
  `dept_name` varchar(30) CHARACTER SET utf8 COLLATE utf8_general_ci DEFAULT '' COMMENT '部门名称',
  `order_num` int(4) DEFAULT 0 COMMENT '显示顺序',
  `leader` varchar(20) CHARACTER SET utf8 COLLATE utf8_general_ci DEFAULT NULL COMMENT '负责人',
  `phone` varchar(11) CHARACTER SET utf8 COLLATE utf8_general_ci DEFAULT NULL COMMENT '联系电话',
  `email` varchar(50) CHARACTER SET utf8 COLLATE utf8_general_ci DEFAULT NULL COMMENT '邮箱',
  `status` char(1) CHARACTER SET utf8 COLLATE utf8_general_ci DEFAULT '0' COMMENT '部门状态（0正常 1停用）',
  `del_flag` char(1) CHARACTER SET utf8 COLLATE utf8_general_ci DEFAULT '0' COMMENT '删除标志（0代表存在 2代表删除）',
  `create_by` varchar(64) CHARACTER SET utf8 COLLATE utf8_general_ci DEFAULT '' COMMENT '创建者',
  `create_time` datetime(0) DEFAULT NULL COMMENT '创建时间',
  `update_by` varchar(64) CHARACTER SET utf8 COLLATE utf8_general_ci DEFAULT '' COMMENT '更新者',
  `update_time` datetime(0) DEFAULT NULL COMMENT '更新时间',
  PRIMARY KEY (`dept_id`) USING BTREE
) ENGINE = InnoDB AUTO_INCREMENT = 110 CHARACTER SET = utf8 COLLATE = utf8_general_ci COMMENT = '部门表' ROW_FORMAT = Dynamic;

-- ----------------------------
-- Records of sys_dept
-- ----------------------------
INSERT INTO `sys_dept` VALUES (100, 0, '0', '若依科技', 0, '若依', '15888888888', 'ry@qq.com', '0', '0', 'admin', '2018-03-16 11:33:00', 'ry', '2018-03-16 11:33:00');
INSERT INTO `sys_dept` VALUES (101, 100, '0,100', '深圳总公司', 1, '若依', '15888888888', 'ry@qq.com', '0', '0', 'admin', '2018-03-16 11:33:00', 'ry', '2018-03-16 11:33:00');
INSERT INTO `sys_dept` VALUES (102, 100, '0,100', '长沙分公司', 2, '若依', '15888888888', 'ry@qq.com', '0', '0', 'admin', '2018-03-16 11:33:00', 'ry', '2018-03-16 11:33:00');
INSERT INTO `sys_dept` VALUES (103, 101, '0,100,101', '研发部门', 1, '若依', '15888888888', 'ry@qq.com', '0', '0', 'admin', '2018-03-16 11:33:00', 'ry', '2018-03-16 11:33:00');
INSERT INTO `sys_dept` VALUES (104, 101, '0,100,101', '市场部门', 2, '若依', '15888888888', 'ry@qq.com', '0', '0', 'admin', '2018-03-16 11:33:00', 'ry', '2018-03-16 11:33:00');
INSERT INTO `sys_dept` VALUES (105, 101, '0,100,101', '测试部门', 3, '若依', '15888888888', 'ry@qq.com', '0', '0', 'admin', '2018-03-16 11:33:00', 'ry', '2018-03-16 11:33:00');
INSERT INTO `sys_dept` VALUES (106, 101, '0,100,101', '财务部门', 4, '若依', '15888888888', 'ry@qq.com', '0', '0', 'admin', '2018-03-16 11:33:00', 'ry', '2018-03-16 11:33:00');
INSERT INTO `sys_dept` VALUES (107, 101, '0,100,101', '运维部门', 5, '若依', '15888888888', 'ry@qq.com', '0', '0', 'admin', '2018-03-16 11:33:00', 'ry', '2018-03-16 11:33:00');
INSERT INTO `sys_dept` VALUES (108, 102, '0,100,102', '市场部门', 1, '若依', '15888888888', 'ry@qq.com', '0', '0', 'admin', '2018-03-16 11:33:00', 'ry', '2018-03-16 11:33:00');
INSERT INTO `sys_dept` VALUES (109, 102, '0,100,102', '财务部门', 2, '若依', '15888888888', 'ry@qq.com', '0', '0', 'admin', '2018-03-16 11:33:00', 'ry', '2018-03-16 11:33:00');

-- ----------------------------
-- Table structure for sys_dict_data
-- ----------------------------
DROP TABLE IF EXISTS `sys_dict_data`;
CREATE TABLE `sys_dict_data`  (
  `dict_code` bigint(20) NOT NULL AUTO_INCREMENT COMMENT '字典编码',
  `dict_sort` int(4) DEFAULT 0 COMMENT '字典排序',
  `dict_label` varchar(100) CHARACTER SET utf8 COLLATE utf8_general_ci DEFAULT '' COMMENT '字典标签',
  `dict_value` varchar(100) CHARACTER SET utf8 COLLATE utf8_general_ci DEFAULT '' COMMENT '字典键值',
  `dict_type` varchar(100) CHARACTER SET utf8 COLLATE utf8_general_ci DEFAULT '' COMMENT '字典类型',
  `css_class` varchar(100) CHARACTER SET utf8 COLLATE utf8_general_ci DEFAULT NULL COMMENT '样式属性（其他样式扩展）',
  `list_class` varchar(100) CHARACTER SET utf8 COLLATE utf8_general_ci DEFAULT NULL COMMENT '表格回显样式',
  `is_default` char(1) CHARACTER SET utf8 COLLATE utf8_general_ci DEFAULT 'N' COMMENT '是否默认（Y是 N否）',
  `status` char(1) CHARACTER SET utf8 COLLATE utf8_general_ci DEFAULT '0' COMMENT '状态（0正常 1停用）',
  `create_by` varchar(64) CHARACTER SET utf8 COLLATE utf8_general_ci DEFAULT '' COMMENT '创建者',
  `create_time` datetime(0) DEFAULT NULL COMMENT '创建时间',
  `update_by` varchar(64) CHARACTER SET utf8 COLLATE utf8_general_ci DEFAULT '' COMMENT '更新者',
  `update_time` datetime(0) DEFAULT NULL COMMENT '更新时间',
  `remark` varchar(500) CHARACTER SET utf8 COLLATE utf8_general_ci DEFAULT NULL COMMENT '备注',
  PRIMARY KEY (`dict_code`) USING BTREE
) ENGINE = InnoDB AUTO_INCREMENT = 30 CHARACTER SET = utf8 COLLATE = utf8_general_ci COMMENT = '字典数据表' ROW_FORMAT = Dynamic;

-- ----------------------------
-- Records of sys_dict_data
-- ----------------------------
INSERT INTO `sys_dict_data` VALUES (1, 1, '男', '0', 'sys_user_sex', '', '', 'Y', '0', 'admin', '2018-03-16 11:33:00', 'ry', '2018-03-16 11:33:00', '性别男');
INSERT INTO `sys_dict_data` VALUES (2, 2, '女', '1', 'sys_user_sex', '', '', 'N', '0', 'admin', '2018-03-16 11:33:00', 'ry', '2018-03-16 11:33:00', '性别女');
INSERT INTO `sys_dict_data` VALUES (3, 3, '未知', '2', 'sys_user_sex', '', '', 'N', '0', 'admin', '2018-03-16 11:33:00', 'ry', '2018-03-16 11:33:00', '性别未知');
INSERT INTO `sys_dict_data` VALUES (4, 1, '显示', '0', 'sys_show_hide', '', 'primary', 'Y', '0', 'admin', '2018-03-16 11:33:00', 'ry', '2018-03-16 11:33:00', '显示菜单');
INSERT INTO `sys_dict_data` VALUES (5, 2, '隐藏', '1', 'sys_show_hide', '', 'danger', 'N', '0', 'admin', '2018-03-16 11:33:00', 'ry', '2018-03-16 11:33:00', '隐藏菜单');
INSERT INTO `sys_dict_data` VALUES (6, 1, '正常', '0', 'sys_normal_disable', '', 'primary', 'Y', '0', 'admin', '2018-03-16 11:33:00', 'ry', '2018-03-16 11:33:00', '正常状态');
INSERT INTO `sys_dict_data` VALUES (7, 2, '停用', '1', 'sys_normal_disable', '', 'danger', 'N', '0', 'admin', '2018-03-16 11:33:00', 'ry', '2018-03-16 11:33:00', '停用状态');
INSERT INTO `sys_dict_data` VALUES (8, 1, '正常', '0', 'sys_job_status', '', 'primary', 'Y', '0', 'admin', '2018-03-16 11:33:00', 'ry', '2018-03-16 11:33:00', '正常状态');
INSERT INTO `sys_dict_data` VALUES (9, 2, '暂停', '1', 'sys_job_status', '', 'danger', 'N', '0', 'admin', '2018-03-16 11:33:00', 'ry', '2018-03-16 11:33:00', '停用状态');
INSERT INTO `sys_dict_data` VALUES (10, 1, '默认', 'DEFAULT', 'sys_job_group', '', '', 'Y', '0', 'admin', '2018-03-16 11:33:00', 'ry', '2018-03-16 11:33:00', '默认分组');
INSERT INTO `sys_dict_data` VALUES (11, 2, '系统', 'SYSTEM', 'sys_job_group', '', '', 'N', '0', 'admin', '2018-03-16 11:33:00', 'ry', '2018-03-16 11:33:00', '系统分组');
INSERT INTO `sys_dict_data` VALUES (12, 1, '是', 'Y', 'sys_yes_no', '', 'primary', 'Y', '0', 'admin', '2018-03-16 11:33:00', 'ry', '2018-03-16 11:33:00', '系统默认是');
INSERT INTO `sys_dict_data` VALUES (13, 2, '否', 'N', 'sys_yes_no', '', 'danger', 'N', '0', 'admin', '2018-03-16 11:33:00', 'ry', '2018-03-16 11:33:00', '系统默认否');
INSERT INTO `sys_dict_data` VALUES (14, 1, '通知', '1', 'sys_notice_type', '', 'warning', 'Y', '0', 'admin', '2018-03-16 11:33:00', 'ry', '2018-03-16 11:33:00', '通知');
INSERT INTO `sys_dict_data` VALUES (15, 2, '公告', '2', 'sys_notice_type', '', 'success', 'N', '0', 'admin', '2018-03-16 11:33:00', 'ry', '2018-03-16 11:33:00', '公告');
INSERT INTO `sys_dict_data` VALUES (16, 1, '正常', '0', 'sys_notice_status', '', 'primary', 'Y', '0', 'admin', '2018-03-16 11:33:00', 'ry', '2018-03-16 11:33:00', '正常状态');
INSERT INTO `sys_dict_data` VALUES (17, 2, '关闭', '1', 'sys_notice_status', '', 'danger', 'N', '0', 'admin', '2018-03-16 11:33:00', 'ry', '2018-03-16 11:33:00', '关闭状态');
INSERT INTO `sys_dict_data` VALUES (18, 1, '新增', '1', 'sys_oper_type', '', 'info', 'N', '0', 'admin', '2018-03-16 11:33:00', 'ry', '2018-03-16 11:33:00', '新增操作');
INSERT INTO `sys_dict_data` VALUES (19, 2, '修改', '2', 'sys_oper_type', '', 'info', 'N', '0', 'admin', '2018-03-16 11:33:00', 'ry', '2018-03-16 11:33:00', '修改操作');
INSERT INTO `sys_dict_data` VALUES (20, 3, '删除', '3', 'sys_oper_type', '', 'danger', 'N', '0', 'admin', '2018-03-16 11:33:00', 'ry', '2018-03-16 11:33:00', '删除操作');
INSERT INTO `sys_dict_data` VALUES (21, 4, '授权', '4', 'sys_oper_type', '', 'primary', 'N', '0', 'admin', '2018-03-16 11:33:00', 'ry', '2018-03-16 11:33:00', '授权操作');
INSERT INTO `sys_dict_data` VALUES (22, 5, '导出', '5', 'sys_oper_type', '', 'warning', 'N', '0', 'admin', '2018-03-16 11:33:00', 'ry', '2018-03-16 11:33:00', '导出操作');
INSERT INTO `sys_dict_data` VALUES (23, 6, '导入', '6', 'sys_oper_type', '', 'warning', 'N', '0', 'admin', '2018-03-16 11:33:00', 'ry', '2018-03-16 11:33:00', '导入操作');
INSERT INTO `sys_dict_data` VALUES (24, 7, '强退', '7', 'sys_oper_type', '', 'danger', 'N', '0', 'admin', '2018-03-16 11:33:00', 'ry', '2018-03-16 11:33:00', '强退操作');
INSERT INTO `sys_dict_data` VALUES (25, 8, '生成代码', '8', 'sys_oper_type', '', 'warning', 'N', '0', 'admin', '2018-03-16 11:33:00', 'ry', '2018-03-16 11:33:00', '生成操作');
INSERT INTO `sys_dict_data` VALUES (26, 9, '清空数据', '9', 'sys_oper_type', '', 'danger', 'N', '0', 'admin', '2018-03-16 11:33:00', 'ry', '2018-03-16 11:33:00', '清空操作');
INSERT INTO `sys_dict_data` VALUES (27, 1, '成功', '0', 'sys_common_status', '', 'primary', 'N', '0', 'admin', '2018-03-16 11:33:00', 'ry', '2018-03-16 11:33:00', '正常状态');
INSERT INTO `sys_dict_data` VALUES (28, 2, '失败', '1', 'sys_common_status', '', 'danger', 'N', '0', 'admin', '2018-03-16 11:33:00', 'ry', '2018-03-16 11:33:00', '停用状态');
INSERT INTO `sys_dict_data` VALUES (29, 0, 'WISH订单', 'wish_order', 'sys_job_group', NULL, NULL, 'N', '0', 'admin', '2020-06-30 09:58:47', '', NULL, NULL);

-- ----------------------------
-- Table structure for sys_dict_type
-- ----------------------------
DROP TABLE IF EXISTS `sys_dict_type`;
CREATE TABLE `sys_dict_type`  (
  `dict_id` bigint(20) NOT NULL AUTO_INCREMENT COMMENT '字典主键',
  `dict_name` varchar(100) CHARACTER SET utf8 COLLATE utf8_general_ci DEFAULT '' COMMENT '字典名称',
  `dict_type` varchar(100) CHARACTER SET utf8 COLLATE utf8_general_ci DEFAULT '' COMMENT '字典类型',
  `status` char(1) CHARACTER SET utf8 COLLATE utf8_general_ci DEFAULT '0' COMMENT '状态（0正常 1停用）',
  `create_by` varchar(64) CHARACTER SET utf8 COLLATE utf8_general_ci DEFAULT '' COMMENT '创建者',
  `create_time` datetime(0) DEFAULT NULL COMMENT '创建时间',
  `update_by` varchar(64) CHARACTER SET utf8 COLLATE utf8_general_ci DEFAULT '' COMMENT '更新者',
  `update_time` datetime(0) DEFAULT NULL COMMENT '更新时间',
  `remark` varchar(500) CHARACTER SET utf8 COLLATE utf8_general_ci DEFAULT NULL COMMENT '备注',
  PRIMARY KEY (`dict_id`) USING BTREE,
  UNIQUE INDEX `dict_type`(`dict_type`) USING BTREE
) ENGINE = InnoDB AUTO_INCREMENT = 11 CHARACTER SET = utf8 COLLATE = utf8_general_ci COMMENT = '字典类型表' ROW_FORMAT = Dynamic;

-- ----------------------------
-- Records of sys_dict_type
-- ----------------------------
INSERT INTO `sys_dict_type` VALUES (1, '用户性别', 'sys_user_sex', '0', 'admin', '2018-03-16 11:33:00', 'ry', '2018-03-16 11:33:00', '用户性别列表');
INSERT INTO `sys_dict_type` VALUES (2, '菜单状态', 'sys_show_hide', '0', 'admin', '2018-03-16 11:33:00', 'ry', '2018-03-16 11:33:00', '菜单状态列表');
INSERT INTO `sys_dict_type` VALUES (3, '系统开关', 'sys_normal_disable', '0', 'admin', '2018-03-16 11:33:00', 'ry', '2018-03-16 11:33:00', '系统开关列表');
INSERT INTO `sys_dict_type` VALUES (4, '任务状态', 'sys_job_status', '0', 'admin', '2018-03-16 11:33:00', 'ry', '2018-03-16 11:33:00', '任务状态列表');
INSERT INTO `sys_dict_type` VALUES (5, '任务分组', 'sys_job_group', '0', 'admin', '2018-03-16 11:33:00', 'ry', '2018-03-16 11:33:00', '任务分组列表');
INSERT INTO `sys_dict_type` VALUES (6, '系统是否', 'sys_yes_no', '0', 'admin', '2018-03-16 11:33:00', 'ry', '2018-03-16 11:33:00', '系统是否列表');
INSERT INTO `sys_dict_type` VALUES (7, '通知类型', 'sys_notice_type', '0', 'admin', '2018-03-16 11:33:00', 'ry', '2018-03-16 11:33:00', '通知类型列表');
INSERT INTO `sys_dict_type` VALUES (8, '通知状态', 'sys_notice_status', '0', 'admin', '2018-03-16 11:33:00', 'ry', '2018-03-16 11:33:00', '通知状态列表');
INSERT INTO `sys_dict_type` VALUES (9, '操作类型', 'sys_oper_type', '0', 'admin', '2018-03-16 11:33:00', 'ry', '2018-03-16 11:33:00', '操作类型列表');
INSERT INTO `sys_dict_type` VALUES (10, '系统状态', 'sys_common_status', '0', 'admin', '2018-03-16 11:33:00', 'ry', '2018-03-16 11:33:00', '登录状态列表');

-- ----------------------------
-- Table structure for sys_job
-- ----------------------------
DROP TABLE IF EXISTS `sys_job`;
CREATE TABLE `sys_job`  (
  `job_id` bigint(20) NOT NULL AUTO_INCREMENT COMMENT '任务ID',
  `job_name` varchar(64) CHARACTER SET utf8 COLLATE utf8_general_ci NOT NULL DEFAULT '' COMMENT '任务名称',
  `job_group` varchar(64) CHARACTER SET utf8 COLLATE utf8_general_ci NOT NULL DEFAULT 'DEFAULT' COMMENT '任务组名',
  `invoke_target` varchar(500) CHARACTER SET utf8 COLLATE utf8_general_ci NOT NULL COMMENT '调用目标字符串',
  `cron_expression` varchar(255) CHARACTER SET utf8 COLLATE utf8_general_ci DEFAULT '' COMMENT 'cron执行表达式',
  `misfire_policy` varchar(20) CHARACTER SET utf8 COLLATE utf8_general_ci DEFAULT '3' COMMENT '计划执行错误策略（1立即执行 2执行一次 3放弃执行）',
  `concurrent` char(1) CHARACTER SET utf8 COLLATE utf8_general_ci DEFAULT '1' COMMENT '是否并发执行（0允许 1禁止）',
  `status` char(1) CHARACTER SET utf8 COLLATE utf8_general_ci DEFAULT '0' COMMENT '状态（0正常 1暂停）',
  `create_by` varchar(64) CHARACTER SET utf8 COLLATE utf8_general_ci DEFAULT '' COMMENT '创建者',
  `create_time` datetime(0) DEFAULT NULL COMMENT '创建时间',
  `update_by` varchar(64) CHARACTER SET utf8 COLLATE utf8_general_ci DEFAULT '' COMMENT '更新者',
  `update_time` datetime(0) DEFAULT NULL COMMENT '更新时间',
  `remark` varchar(500) CHARACTER SET utf8 COLLATE utf8_general_ci DEFAULT '' COMMENT '备注信息',
  PRIMARY KEY (`job_id`, `job_name`, `job_group`) USING BTREE
) ENGINE = InnoDB AUTO_INCREMENT = 6 CHARACTER SET = utf8 COLLATE = utf8_general_ci COMMENT = '定时任务调度表' ROW_FORMAT = Dynamic;

-- ----------------------------
-- Records of sys_job
-- ----------------------------
INSERT INTO `sys_job` VALUES (1, '系统默认（无参）', 'DEFAULT', 'ryTask.ryNoParams', '* * 0/1 * * ? ', '1', '0', '1', 'admin', '2018-03-16 11:33:00', 'ry', '2020-06-30 10:13:44', '');
INSERT INTO `sys_job` VALUES (2, '系统默认（有参）', 'DEFAULT', 'ryTask.ryParams(\'ry\')', '0/15 * * * * ?', '3', '1', '1', 'admin', '2018-03-16 11:33:00', 'ry', '2018-03-16 11:33:00', '');
INSERT INTO `sys_job` VALUES (3, '系统默认（多参）', 'DEFAULT', 'ryTask.ryMultipleParams(\'ry\', true, 2000L, 316.50D, 100)', '0/20 * * * * ?', '3', '1', '1', 'admin', '2018-03-16 11:33:00', 'ry', '2018-03-16 11:33:00', '');
INSERT INTO `sys_job` VALUES (4, '用户订单同步', 'wish_order', 'orderTask.ryWishOrder', '0 0 0/1 * * ?', '1', '1', '0', '', '2020-06-30 10:06:29', '', '2020-06-30 10:19:17', '');
INSERT INTO `sys_job` VALUES (5, '用户订单下载保存', 'wish_order', 'orderTask.ryDownSaveWishOrder', '0 10 0/1 * * ?', '1', '1', '0', '', '2020-07-01 11:13:25', '', '2020-07-01 11:14:05', '');

-- ----------------------------
-- Table structure for sys_job_log
-- ----------------------------
DROP TABLE IF EXISTS `sys_job_log`;
CREATE TABLE `sys_job_log`  (
  `job_log_id` bigint(20) NOT NULL AUTO_INCREMENT COMMENT '任务日志ID',
  `job_name` varchar(64) CHARACTER SET utf8 COLLATE utf8_general_ci NOT NULL COMMENT '任务名称',
  `job_group` varchar(64) CHARACTER SET utf8 COLLATE utf8_general_ci NOT NULL COMMENT '任务组名',
  `invoke_target` varchar(500) CHARACTER SET utf8 COLLATE utf8_general_ci NOT NULL COMMENT '调用目标字符串',
  `job_message` varchar(500) CHARACTER SET utf8 COLLATE utf8_general_ci DEFAULT NULL COMMENT '日志信息',
  `status` char(1) CHARACTER SET utf8 COLLATE utf8_general_ci DEFAULT '0' COMMENT '执行状态（0正常 1失败）',
  `exception_info` varchar(2000) CHARACTER SET utf8 COLLATE utf8_general_ci DEFAULT '' COMMENT '异常信息',
  `create_time` datetime(0) DEFAULT NULL COMMENT '创建时间',
  PRIMARY KEY (`job_log_id`) USING BTREE
) ENGINE = InnoDB AUTO_INCREMENT = 504 CHARACTER SET = utf8 COLLATE = utf8_general_ci COMMENT = '定时任务调度日志表' ROW_FORMAT = Dynamic;

-- ----------------------------
-- Records of sys_job_log
-- ----------------------------
INSERT INTO `sys_job_log` VALUES (1, '用户订单同步', 'wish_order', 'orderTask.ryNoParams', '用户订单同步 总共耗时：1毫秒', '0', '', '2020-06-30 10:07:02');
INSERT INTO `sys_job_log` VALUES (2, '用户订单同步', 'wish_order', 'orderTask.ryNoParams', '用户订单同步 总共耗时：1毫秒', '0', '', '2020-06-30 10:07:02');
INSERT INTO `sys_job_log` VALUES (3, '用户订单同步', 'wish_order', 'orderTask.ryNoParams', '用户订单同步 总共耗时：0毫秒', '0', '', '2020-06-30 10:07:03');
INSERT INTO `sys_job_log` VALUES (4, '用户订单同步', 'wish_order', 'orderTask.ryNoParams', '用户订单同步 总共耗时：0毫秒', '0', '', '2020-06-30 10:07:03');
INSERT INTO `sys_job_log` VALUES (5, '用户订单同步', 'wish_order', 'orderTask.ryNoParams', '用户订单同步 总共耗时：0毫秒', '0', '', '2020-06-30 10:07:10');
INSERT INTO `sys_job_log` VALUES (6, '用户订单同步', 'wish_order', 'orderTask.ryNoParams', '用户订单同步 总共耗时：0毫秒', '0', '', '2020-06-30 10:07:20');
INSERT INTO `sys_job_log` VALUES (7, '用户订单同步', 'wish_order', 'orderTask.ryNoParams', '用户订单同步 总共耗时：0毫秒', '0', '', '2020-06-30 10:07:30');
INSERT INTO `sys_job_log` VALUES (8, '系统默认（无参）', 'DEFAULT', 'ryTask.ryNoParams', '系统默认（无参） 总共耗时：0毫秒', '0', '', '2020-06-30 10:13:16');
INSERT INTO `sys_job_log` VALUES (9, '用户订单同步', 'wish_order', 'orderTask.ryNoParams', '用户订单同步 总共耗时：1毫秒', '0', '', '2020-06-30 10:13:17');
INSERT INTO `sys_job_log` VALUES (10, '用户订单同步', 'wish_order', 'orderTask.ryNoParams', '用户订单同步 总共耗时：0毫秒', '0', '', '2020-06-30 10:13:17');
INSERT INTO `sys_job_log` VALUES (11, '用户订单同步', 'wish_order', 'orderTask.ryNoParams', '用户订单同步 总共耗时：1毫秒', '0', '', '2020-06-30 10:13:17');
INSERT INTO `sys_job_log` VALUES (12, '用户订单同步', 'wish_order', 'orderTask.ryNoParams', '用户订单同步 总共耗时：1毫秒', '0', '', '2020-06-30 10:13:17');
INSERT INTO `sys_job_log` VALUES (13, '用户订单同步', 'wish_order', 'orderTask.ryNoParams', '用户订单同步 总共耗时：0毫秒', '0', '', '2020-06-30 10:13:18');
INSERT INTO `sys_job_log` VALUES (14, '用户订单同步', 'wish_order', 'orderTask.ryNoParams', '用户订单同步 总共耗时：0毫秒', '0', '', '2020-06-30 10:13:18');
INSERT INTO `sys_job_log` VALUES (15, '用户订单同步', 'wish_order', 'orderTask.ryNoParams', '用户订单同步 总共耗时：1毫秒', '0', '', '2020-06-30 10:13:18');
INSERT INTO `sys_job_log` VALUES (16, '用户订单同步', 'wish_order', 'orderTask.ryNoParams', '用户订单同步 总共耗时：0毫秒', '0', '', '2020-06-30 10:13:18');
INSERT INTO `sys_job_log` VALUES (17, '用户订单同步', 'wish_order', 'orderTask.ryNoParams', '用户订单同步 总共耗时：1毫秒', '0', '', '2020-06-30 10:13:19');
INSERT INTO `sys_job_log` VALUES (18, '用户订单同步', 'wish_order', 'orderTask.ryNoParams', '用户订单同步 总共耗时：0毫秒', '0', '', '2020-06-30 10:13:19');
INSERT INTO `sys_job_log` VALUES (19, '用户订单同步', 'wish_order', 'orderTask.ryNoParams', '用户订单同步 总共耗时：0毫秒', '0', '', '2020-06-30 10:13:19');
INSERT INTO `sys_job_log` VALUES (20, '用户订单同步', 'wish_order', 'orderTask.ryNoParams', '用户订单同步 总共耗时：1毫秒', '0', '', '2020-06-30 10:13:19');
INSERT INTO `sys_job_log` VALUES (21, '用户订单同步', 'wish_order', 'orderTask.ryNoParams', '用户订单同步 总共耗时：0毫秒', '0', '', '2020-06-30 10:13:20');
INSERT INTO `sys_job_log` VALUES (22, '用户订单同步', 'wish_order', 'orderTask.ryNoParams', '用户订单同步 总共耗时：0毫秒', '0', '', '2020-06-30 10:13:20');
INSERT INTO `sys_job_log` VALUES (23, '用户订单同步', 'wish_order', 'orderTask.ryNoParams', '用户订单同步 总共耗时：1毫秒', '0', '', '2020-06-30 10:13:20');
INSERT INTO `sys_job_log` VALUES (24, '用户订单同步', 'wish_order', 'orderTask.ryNoParams', '用户订单同步 总共耗时：5毫秒', '0', '', '2020-06-30 10:13:20');
INSERT INTO `sys_job_log` VALUES (25, '用户订单同步', 'wish_order', 'orderTask.ryNoParams', '用户订单同步 总共耗时：0毫秒', '0', '', '2020-06-30 10:13:20');
INSERT INTO `sys_job_log` VALUES (26, '用户订单同步', 'wish_order', 'orderTask.ryNoParams', '用户订单同步 总共耗时：0毫秒', '0', '', '2020-06-30 10:13:21');
INSERT INTO `sys_job_log` VALUES (27, '用户订单同步', 'wish_order', 'orderTask.ryNoParams', '用户订单同步 总共耗时：0毫秒', '0', '', '2020-06-30 10:13:21');
INSERT INTO `sys_job_log` VALUES (28, '用户订单同步', 'wish_order', 'orderTask.ryNoParams', '用户订单同步 总共耗时：1毫秒', '0', '', '2020-06-30 10:13:21');
INSERT INTO `sys_job_log` VALUES (29, '用户订单同步', 'wish_order', 'orderTask.ryNoParams', '用户订单同步 总共耗时：0毫秒', '0', '', '2020-06-30 10:13:21');
INSERT INTO `sys_job_log` VALUES (30, '用户订单同步', 'wish_order', 'orderTask.ryNoParams', '用户订单同步 总共耗时：0毫秒', '0', '', '2020-06-30 10:13:22');
INSERT INTO `sys_job_log` VALUES (31, '用户订单同步', 'wish_order', 'orderTask.ryNoParams', '用户订单同步 总共耗时：1毫秒', '0', '', '2020-06-30 10:13:22');
INSERT INTO `sys_job_log` VALUES (32, '用户订单同步', 'wish_order', 'orderTask.ryNoParams', '用户订单同步 总共耗时：0毫秒', '0', '', '2020-06-30 10:13:22');
INSERT INTO `sys_job_log` VALUES (33, '用户订单同步', 'wish_order', 'orderTask.ryNoParams', '用户订单同步 总共耗时：0毫秒', '0', '', '2020-06-30 10:13:22');
INSERT INTO `sys_job_log` VALUES (34, '用户订单同步', 'wish_order', 'orderTask.ryNoParams', '用户订单同步 总共耗时：0毫秒', '0', '', '2020-06-30 10:13:23');
INSERT INTO `sys_job_log` VALUES (35, '用户订单同步', 'wish_order', 'orderTask.ryNoParams', '用户订单同步 总共耗时：0毫秒', '0', '', '2020-06-30 10:13:23');
INSERT INTO `sys_job_log` VALUES (36, '用户订单同步', 'wish_order', 'orderTask.ryNoParams', '用户订单同步 总共耗时：0毫秒', '0', '', '2020-06-30 10:13:23');
INSERT INTO `sys_job_log` VALUES (37, '用户订单同步', 'wish_order', 'orderTask.ryNoParams', '用户订单同步 总共耗时：0毫秒', '0', '', '2020-06-30 10:13:23');
INSERT INTO `sys_job_log` VALUES (38, '用户订单同步', 'wish_order', 'orderTask.ryNoParams', '用户订单同步 总共耗时：0毫秒', '0', '', '2020-06-30 10:13:24');
INSERT INTO `sys_job_log` VALUES (39, '用户订单同步', 'wish_order', 'orderTask.ryNoParams', '用户订单同步 总共耗时：0毫秒', '0', '', '2020-06-30 10:13:24');
INSERT INTO `sys_job_log` VALUES (40, '用户订单同步', 'wish_order', 'orderTask.ryNoParams', '用户订单同步 总共耗时：0毫秒', '0', '', '2020-06-30 10:13:24');
INSERT INTO `sys_job_log` VALUES (41, '用户订单同步', 'wish_order', 'orderTask.ryNoParams', '用户订单同步 总共耗时：1毫秒', '0', '', '2020-06-30 10:13:25');
INSERT INTO `sys_job_log` VALUES (42, '系统默认（无参）', 'DEFAULT', 'ryTask.ryNoParams', '系统默认（无参） 总共耗时：1毫秒', '0', '', '2020-06-30 10:13:25');
INSERT INTO `sys_job_log` VALUES (43, '系统默认（无参）', 'DEFAULT', 'ryTask.ryNoParams', '系统默认（无参） 总共耗时：0毫秒', '0', '', '2020-06-30 10:13:25');
INSERT INTO `sys_job_log` VALUES (44, '系统默认（无参）', 'DEFAULT', 'ryTask.ryNoParams', '系统默认（无参） 总共耗时：0毫秒', '0', '', '2020-06-30 10:13:25');
INSERT INTO `sys_job_log` VALUES (45, '系统默认（无参）', 'DEFAULT', 'ryTask.ryNoParams', '系统默认（无参） 总共耗时：0毫秒', '0', '', '2020-06-30 10:13:26');
INSERT INTO `sys_job_log` VALUES (46, '用户订单同步', 'wish_order', 'orderTask.ryNoParams', '用户订单同步 总共耗时：0毫秒', '0', '', '2020-06-30 10:13:26');
INSERT INTO `sys_job_log` VALUES (47, '系统默认（无参）', 'DEFAULT', 'ryTask.ryNoParams', '系统默认（无参） 总共耗时：0毫秒', '0', '', '2020-06-30 10:13:26');
INSERT INTO `sys_job_log` VALUES (48, '系统默认（无参）', 'DEFAULT', 'ryTask.ryNoParams', '系统默认（无参） 总共耗时：0毫秒', '0', '', '2020-06-30 10:13:26');
INSERT INTO `sys_job_log` VALUES (49, '系统默认（无参）', 'DEFAULT', 'ryTask.ryNoParams', '系统默认（无参） 总共耗时：1毫秒', '0', '', '2020-06-30 10:13:27');
INSERT INTO `sys_job_log` VALUES (50, '系统默认（无参）', 'DEFAULT', 'ryTask.ryNoParams', '系统默认（无参） 总共耗时：1毫秒', '0', '', '2020-06-30 10:13:27');
INSERT INTO `sys_job_log` VALUES (51, '系统默认（无参）', 'DEFAULT', 'ryTask.ryNoParams', '系统默认（无参） 总共耗时：0毫秒', '0', '', '2020-06-30 10:13:27');
INSERT INTO `sys_job_log` VALUES (52, '系统默认（无参）', 'DEFAULT', 'ryTask.ryNoParams', '系统默认（无参） 总共耗时：0毫秒', '0', '', '2020-06-30 10:13:27');
INSERT INTO `sys_job_log` VALUES (53, '系统默认（无参）', 'DEFAULT', 'ryTask.ryNoParams', '系统默认（无参） 总共耗时：0毫秒', '0', '', '2020-06-30 10:13:27');
INSERT INTO `sys_job_log` VALUES (54, '系统默认（无参）', 'DEFAULT', 'ryTask.ryNoParams', '系统默认（无参） 总共耗时：0毫秒', '0', '', '2020-06-30 10:13:28');
INSERT INTO `sys_job_log` VALUES (55, '系统默认（无参）', 'DEFAULT', 'ryTask.ryNoParams', '系统默认（无参） 总共耗时：0毫秒', '0', '', '2020-06-30 10:13:28');
INSERT INTO `sys_job_log` VALUES (56, '系统默认（无参）', 'DEFAULT', 'ryTask.ryNoParams', '系统默认（无参） 总共耗时：0毫秒', '0', '', '2020-06-30 10:13:28');
INSERT INTO `sys_job_log` VALUES (57, '用户订单同步', 'wish_order', 'orderTask.ryNoParams', '用户订单同步 总共耗时：0毫秒', '0', '', '2020-06-30 10:13:28');
INSERT INTO `sys_job_log` VALUES (58, '系统默认（无参）', 'DEFAULT', 'ryTask.ryNoParams', '系统默认（无参） 总共耗时：0毫秒', '0', '', '2020-06-30 10:13:28');
INSERT INTO `sys_job_log` VALUES (59, '系统默认（无参）', 'DEFAULT', 'ryTask.ryNoParams', '系统默认（无参） 总共耗时：0毫秒', '0', '', '2020-06-30 10:13:29');
INSERT INTO `sys_job_log` VALUES (60, '系统默认（无参）', 'DEFAULT', 'ryTask.ryNoParams', '系统默认（无参） 总共耗时：1毫秒', '0', '', '2020-06-30 10:13:29');
INSERT INTO `sys_job_log` VALUES (61, '系统默认（无参）', 'DEFAULT', 'ryTask.ryNoParams', '系统默认（无参） 总共耗时：0毫秒', '0', '', '2020-06-30 10:13:29');
INSERT INTO `sys_job_log` VALUES (62, '系统默认（无参）', 'DEFAULT', 'ryTask.ryNoParams', '系统默认（无参） 总共耗时：1毫秒', '0', '', '2020-06-30 10:13:29');
INSERT INTO `sys_job_log` VALUES (63, '系统默认（无参）', 'DEFAULT', 'ryTask.ryNoParams', '系统默认（无参） 总共耗时：0毫秒', '0', '', '2020-06-30 10:13:30');
INSERT INTO `sys_job_log` VALUES (64, '系统默认（无参）', 'DEFAULT', 'ryTask.ryNoParams', '系统默认（无参） 总共耗时：0毫秒', '0', '', '2020-06-30 10:13:30');
INSERT INTO `sys_job_log` VALUES (65, '系统默认（无参）', 'DEFAULT', 'ryTask.ryNoParams', '系统默认（无参） 总共耗时：0毫秒', '0', '', '2020-06-30 10:13:30');
INSERT INTO `sys_job_log` VALUES (66, '系统默认（无参）', 'DEFAULT', 'ryTask.ryNoParams', '系统默认（无参） 总共耗时：1毫秒', '0', '', '2020-06-30 10:13:30');
INSERT INTO `sys_job_log` VALUES (67, '系统默认（无参）', 'DEFAULT', 'ryTask.ryNoParams', '系统默认（无参） 总共耗时：0毫秒', '0', '', '2020-06-30 10:13:30');
INSERT INTO `sys_job_log` VALUES (68, '系统默认（无参）', 'DEFAULT', 'ryTask.ryNoParams', '系统默认（无参） 总共耗时：0毫秒', '0', '', '2020-06-30 10:13:31');
INSERT INTO `sys_job_log` VALUES (69, '系统默认（无参）', 'DEFAULT', 'ryTask.ryNoParams', '系统默认（无参） 总共耗时：0毫秒', '0', '', '2020-06-30 10:13:32');
INSERT INTO `sys_job_log` VALUES (70, '系统默认（无参）', 'DEFAULT', 'ryTask.ryNoParams', '系统默认（无参） 总共耗时：1毫秒', '0', '', '2020-06-30 10:13:33');
INSERT INTO `sys_job_log` VALUES (71, '系统默认（无参）', 'DEFAULT', 'ryTask.ryNoParams', '系统默认（无参） 总共耗时：0毫秒', '0', '', '2020-06-30 10:13:34');
INSERT INTO `sys_job_log` VALUES (72, '系统默认（无参）', 'DEFAULT', 'ryTask.ryNoParams', '系统默认（无参） 总共耗时：0毫秒', '0', '', '2020-06-30 10:13:35');
INSERT INTO `sys_job_log` VALUES (73, '系统默认（无参）', 'DEFAULT', 'ryTask.ryNoParams', '系统默认（无参） 总共耗时：0毫秒', '0', '', '2020-06-30 10:13:36');
INSERT INTO `sys_job_log` VALUES (74, '系统默认（无参）', 'DEFAULT', 'ryTask.ryNoParams', '系统默认（无参） 总共耗时：0毫秒', '0', '', '2020-06-30 10:13:37');
INSERT INTO `sys_job_log` VALUES (75, '系统默认（无参）', 'DEFAULT', 'ryTask.ryNoParams', '系统默认（无参） 总共耗时：0毫秒', '0', '', '2020-06-30 10:13:38');
INSERT INTO `sys_job_log` VALUES (76, '系统默认（无参）', 'DEFAULT', 'ryTask.ryNoParams', '系统默认（无参） 总共耗时：0毫秒', '0', '', '2020-06-30 10:13:39');
INSERT INTO `sys_job_log` VALUES (77, '系统默认（无参）', 'DEFAULT', 'ryTask.ryNoParams', '系统默认（无参） 总共耗时：0毫秒', '0', '', '2020-06-30 10:13:40');
INSERT INTO `sys_job_log` VALUES (78, '系统默认（无参）', 'DEFAULT', 'ryTask.ryNoParams', '系统默认（无参） 总共耗时：0毫秒', '0', '', '2020-06-30 10:13:41');
INSERT INTO `sys_job_log` VALUES (79, '系统默认（无参）', 'DEFAULT', 'ryTask.ryNoParams', '系统默认（无参） 总共耗时：0毫秒', '0', '', '2020-06-30 10:13:42');
INSERT INTO `sys_job_log` VALUES (80, '系统默认（无参）', 'DEFAULT', 'ryTask.ryNoParams', '系统默认（无参） 总共耗时：0毫秒', '0', '', '2020-06-30 10:13:43');
INSERT INTO `sys_job_log` VALUES (81, '系统默认（无参）', 'DEFAULT', 'ryTask.ryNoParams', '系统默认（无参） 总共耗时：0毫秒', '0', '', '2020-06-30 10:13:44');
INSERT INTO `sys_job_log` VALUES (82, '用户订单同步', 'wish_order', 'orderTask.ryNoParams', '用户订单同步 总共耗时：0毫秒', '0', '', '2020-06-30 10:14:06');
INSERT INTO `sys_job_log` VALUES (83, '用户订单同步', 'wish_order', 'orderTask.ryNoParams', '用户订单同步 总共耗时：0毫秒', '0', '', '2020-06-30 10:14:06');
INSERT INTO `sys_job_log` VALUES (84, '用户订单同步', 'wish_order', 'orderTask.ryNoParams', '用户订单同步 总共耗时：0毫秒', '0', '', '2020-06-30 10:14:07');
INSERT INTO `sys_job_log` VALUES (85, '用户订单同步', 'wish_order', 'orderTask.ryNoParams', '用户订单同步 总共耗时：0毫秒', '0', '', '2020-06-30 10:14:07');
INSERT INTO `sys_job_log` VALUES (86, '用户订单同步', 'wish_order', 'orderTask.ryNoParams', '用户订单同步 总共耗时：1毫秒', '0', '', '2020-06-30 10:14:07');
INSERT INTO `sys_job_log` VALUES (87, '用户订单同步', 'wish_order', 'orderTask.ryNoParams', '用户订单同步 总共耗时：0毫秒', '0', '', '2020-06-30 10:14:10');
INSERT INTO `sys_job_log` VALUES (88, '用户订单同步', 'wish_order', 'orderTask.ryNoParams', '用户订单同步 总共耗时：0毫秒', '0', '', '2020-06-30 10:14:20');
INSERT INTO `sys_job_log` VALUES (89, '用户订单同步', 'wish_order', 'orderTask.ryNoParams', '用户订单同步 总共耗时：0毫秒', '0', '', '2020-06-30 10:14:30');
INSERT INTO `sys_job_log` VALUES (90, '用户订单同步', 'wish_order', 'orderTask.ryNoParams', '用户订单同步 总共耗时：0毫秒', '0', '', '2020-06-30 10:14:40');
INSERT INTO `sys_job_log` VALUES (91, '用户订单同步', 'wish_order', 'orderTask.ryNoParams', '用户订单同步 总共耗时：0毫秒', '0', '', '2020-06-30 10:14:50');
INSERT INTO `sys_job_log` VALUES (92, '用户订单同步', 'wish_order', 'orderTask.ryNoParams', '用户订单同步 总共耗时：1毫秒', '0', '', '2020-06-30 10:15:00');
INSERT INTO `sys_job_log` VALUES (93, '用户订单同步', 'wish_order', 'orderTask.ryNoParams', '用户订单同步 总共耗时：0毫秒', '0', '', '2020-06-30 10:18:24');
INSERT INTO `sys_job_log` VALUES (94, '用户订单同步', 'wish_order', 'orderTask.ryNoParams', '用户订单同步 总共耗时：0毫秒', '0', '', '2020-06-30 10:18:32');
INSERT INTO `sys_job_log` VALUES (95, '用户订单同步', 'wish_order', 'orderTask.ryNoParams', '用户订单同步 总共耗时：0毫秒', '0', '', '2020-06-30 10:18:33');
INSERT INTO `sys_job_log` VALUES (96, '用户订单同步', 'wish_order', 'orderTask.ryWishOrder', '用户订单同步 总共耗时：17毫秒', '1', 'java.lang.NoSuchMethodException: com.ruoyi.erp.shop.task.OrderTask.ryWishOrder()\r\n	at java.lang.Class.getDeclaredMethod(Class.java:2130)\r\n	at com.ruoyi.common.utils.job.JobInvokeUtil.invokeMethod(JobInvokeUtil.java:60)\r\n	at com.ruoyi.common.utils.job.JobInvokeUtil.invokeMethod(JobInvokeUtil.java:33)\r\n	at com.ruoyi.common.utils.job.QuartzDisallowConcurrentExecution.doExecute(QuartzDisallowConcurrentExecution.java:19)\r\n	at com.ruoyi.common.utils.job.AbstractQuartzJob.execute(AbstractQuartzJob.java:43)\r\n	at org.quartz.core.JobRunShell.run(JobRunShell.java:202)\r\n	at org.quartz.simpl.SimpleThreadPool$WorkerThread.run(SimpleThreadPool.java:573)\r\n', '2020-06-30 11:00:00');
INSERT INTO `sys_job_log` VALUES (97, '用户订单同步', 'wish_order', 'orderTask.ryWishOrder', '用户订单同步 总共耗时：4毫秒', '1', 'java.lang.NoSuchMethodException: com.ruoyi.erp.shop.task.OrderTask.ryWishOrder()\r\n	at java.lang.Class.getDeclaredMethod(Class.java:2130)\r\n	at com.ruoyi.common.utils.job.JobInvokeUtil.invokeMethod(JobInvokeUtil.java:60)\r\n	at com.ruoyi.common.utils.job.JobInvokeUtil.invokeMethod(JobInvokeUtil.java:33)\r\n	at com.ruoyi.common.utils.job.QuartzDisallowConcurrentExecution.doExecute(QuartzDisallowConcurrentExecution.java:19)\r\n	at com.ruoyi.common.utils.job.AbstractQuartzJob.execute(AbstractQuartzJob.java:43)\r\n	at org.quartz.core.JobRunShell.run(JobRunShell.java:202)\r\n	at org.quartz.simpl.SimpleThreadPool$WorkerThread.run(SimpleThreadPool.java:573)\r\n', '2020-06-30 12:00:00');
INSERT INTO `sys_job_log` VALUES (98, '用户订单同步', 'wish_order', 'orderTask.ryWishOrder', '用户订单同步 总共耗时：1毫秒', '1', 'java.lang.NoSuchMethodException: com.ruoyi.erp.shop.task.OrderTask.ryWishOrder()\r\n	at java.lang.Class.getDeclaredMethod(Class.java:2130)\r\n	at com.ruoyi.common.utils.job.JobInvokeUtil.invokeMethod(JobInvokeUtil.java:60)\r\n	at com.ruoyi.common.utils.job.JobInvokeUtil.invokeMethod(JobInvokeUtil.java:33)\r\n	at com.ruoyi.common.utils.job.QuartzDisallowConcurrentExecution.doExecute(QuartzDisallowConcurrentExecution.java:19)\r\n	at com.ruoyi.common.utils.job.AbstractQuartzJob.execute(AbstractQuartzJob.java:43)\r\n	at org.quartz.core.JobRunShell.run(JobRunShell.java:202)\r\n	at org.quartz.simpl.SimpleThreadPool$WorkerThread.run(SimpleThreadPool.java:573)\r\n', '2020-06-30 13:00:00');
INSERT INTO `sys_job_log` VALUES (99, '用户订单同步', 'wish_order', 'orderTask.ryWishOrder', '用户订单同步 总共耗时：1毫秒', '1', 'java.lang.NoSuchMethodException: com.ruoyi.erp.shop.task.OrderTask.ryWishOrder()\r\n	at java.lang.Class.getDeclaredMethod(Class.java:2130)\r\n	at com.ruoyi.common.utils.job.JobInvokeUtil.invokeMethod(JobInvokeUtil.java:60)\r\n	at com.ruoyi.common.utils.job.JobInvokeUtil.invokeMethod(JobInvokeUtil.java:33)\r\n	at com.ruoyi.common.utils.job.QuartzDisallowConcurrentExecution.doExecute(QuartzDisallowConcurrentExecution.java:19)\r\n	at com.ruoyi.common.utils.job.AbstractQuartzJob.execute(AbstractQuartzJob.java:43)\r\n	at org.quartz.core.JobRunShell.run(JobRunShell.java:202)\r\n	at org.quartz.simpl.SimpleThreadPool$WorkerThread.run(SimpleThreadPool.java:573)\r\n', '2020-06-30 14:00:00');
INSERT INTO `sys_job_log` VALUES (100, '用户订单同步', 'wish_order', 'orderTask.ryWishOrder', '用户订单同步 总共耗时：11毫秒', '1', 'java.lang.reflect.InvocationTargetException\r\n	at sun.reflect.NativeMethodAccessorImpl.invoke0(Native Method)\r\n	at sun.reflect.NativeMethodAccessorImpl.invoke(NativeMethodAccessorImpl.java:62)\r\n	at sun.reflect.DelegatingMethodAccessorImpl.invoke(DelegatingMethodAccessorImpl.java:43)\r\n	at java.lang.reflect.Method.invoke(Method.java:498)\r\n	at com.ruoyi.common.utils.job.JobInvokeUtil.invokeMethod(JobInvokeUtil.java:61)\r\n	at com.ruoyi.common.utils.job.JobInvokeUtil.invokeMethod(JobInvokeUtil.java:33)\r\n	at com.ruoyi.common.utils.job.QuartzDisallowConcurrentExecution.doExecute(QuartzDisallowConcurrentExecution.java:19)\r\n	at com.ruoyi.common.utils.job.AbstractQuartzJob.execute(AbstractQuartzJob.java:43)\r\n	at org.quartz.core.JobRunShell.run(JobRunShell.java:202)\r\n	at org.quartz.simpl.SimpleThreadPool$WorkerThread.run(SimpleThreadPool.java:573)\r\nCaused by: org.mybatis.spring.MyBatisSystemException: nested exception is org.apache.ibatis.builder.BuilderException: Error evaluating expression \'params.beginCreateDate != null and params.beginCreateDate != \'\' and params.endCreateDate != null and params.endCreateDate != \'\'\'. Cause: org.apache.ibatis.ognl.OgnlException: source is null for getProperty(null, \"beginCreateDate\")\r\n	at org.mybatis.spring.MyBatisExceptionTranslator.translateExceptionIfPossible(MyBatisExceptionTranslator.java:77)\r\n	at org.mybatis.spring.SqlSessionTemplate$SqlSessionInterceptor.invoke(SqlSessionTemplate.java:446)\r\n	at com.sun.proxy.$Proxy105.selectList(Unknown Source)\r\n	at org.mybatis.spring.SqlSessionTemplate.selectList(SqlSessionTemplate.java:230)\r\n	at org.apache.ibatis.binding.MapperMethod.executeForMany(MapperMethod.java:139)\r\n	at org.apache.ibatis.binding.MapperMethod.execute(MapperMethod.java:76)\r\n	at org.apache.ibatis.binding.MapperProxy.invoke(MapperProxy.java:59)\r\n	at com.sun.proxy.$Proxy106.selectShopList(Unknown Source)\r\n	at com.ruoyi.erp.shop.service.impl.ShopServiceImpl.selectShopList(ShopServiceImpl.java:56)\r\n	at com.ruoyi.erp.shop.task.OrderTask', '2020-06-30 14:37:24');
INSERT INTO `sys_job_log` VALUES (101, '用户订单同步', 'wish_order', 'orderTask.ryWishOrder', '用户订单同步 总共耗时：2毫秒', '1', 'java.lang.reflect.InvocationTargetException\r\n	at sun.reflect.NativeMethodAccessorImpl.invoke0(Native Method)\r\n	at sun.reflect.NativeMethodAccessorImpl.invoke(NativeMethodAccessorImpl.java:62)\r\n	at sun.reflect.DelegatingMethodAccessorImpl.invoke(DelegatingMethodAccessorImpl.java:43)\r\n	at java.lang.reflect.Method.invoke(Method.java:498)\r\n	at com.ruoyi.common.utils.job.JobInvokeUtil.invokeMethod(JobInvokeUtil.java:61)\r\n	at com.ruoyi.common.utils.job.JobInvokeUtil.invokeMethod(JobInvokeUtil.java:33)\r\n	at com.ruoyi.common.utils.job.QuartzDisallowConcurrentExecution.doExecute(QuartzDisallowConcurrentExecution.java:19)\r\n	at com.ruoyi.common.utils.job.AbstractQuartzJob.execute(AbstractQuartzJob.java:43)\r\n	at org.quartz.core.JobRunShell.run(JobRunShell.java:202)\r\n	at org.quartz.simpl.SimpleThreadPool$WorkerThread.run(SimpleThreadPool.java:573)\r\nCaused by: org.mybatis.spring.MyBatisSystemException: nested exception is org.apache.ibatis.builder.BuilderException: Error evaluating expression \'params.beginCreateDate != null and params.beginCreateDate != \'\' and params.endCreateDate != null and params.endCreateDate != \'\'\'. Cause: org.apache.ibatis.ognl.OgnlException: source is null for getProperty(null, \"beginCreateDate\")\r\n	at org.mybatis.spring.MyBatisExceptionTranslator.translateExceptionIfPossible(MyBatisExceptionTranslator.java:77)\r\n	at org.mybatis.spring.SqlSessionTemplate$SqlSessionInterceptor.invoke(SqlSessionTemplate.java:446)\r\n	at com.sun.proxy.$Proxy105.selectList(Unknown Source)\r\n	at org.mybatis.spring.SqlSessionTemplate.selectList(SqlSessionTemplate.java:230)\r\n	at org.apache.ibatis.binding.MapperMethod.executeForMany(MapperMethod.java:139)\r\n	at org.apache.ibatis.binding.MapperMethod.execute(MapperMethod.java:76)\r\n	at org.apache.ibatis.binding.MapperProxy.invoke(MapperProxy.java:59)\r\n	at com.sun.proxy.$Proxy106.selectShopList(Unknown Source)\r\n	at com.ruoyi.erp.shop.service.impl.ShopServiceImpl.selectShopList(ShopServiceImpl.java:56)\r\n	at com.ruoyi.erp.shop.task.OrderTask', '2020-06-30 14:38:12');
INSERT INTO `sys_job_log` VALUES (102, '用户订单同步', 'wish_order', 'orderTask.ryWishOrder', '用户订单同步 总共耗时：1毫秒', '1', 'java.lang.reflect.InvocationTargetException\r\n	at sun.reflect.NativeMethodAccessorImpl.invoke0(Native Method)\r\n	at sun.reflect.NativeMethodAccessorImpl.invoke(NativeMethodAccessorImpl.java:62)\r\n	at sun.reflect.DelegatingMethodAccessorImpl.invoke(DelegatingMethodAccessorImpl.java:43)\r\n	at java.lang.reflect.Method.invoke(Method.java:498)\r\n	at com.ruoyi.common.utils.job.JobInvokeUtil.invokeMethod(JobInvokeUtil.java:61)\r\n	at com.ruoyi.common.utils.job.JobInvokeUtil.invokeMethod(JobInvokeUtil.java:33)\r\n	at com.ruoyi.common.utils.job.QuartzDisallowConcurrentExecution.doExecute(QuartzDisallowConcurrentExecution.java:19)\r\n	at com.ruoyi.common.utils.job.AbstractQuartzJob.execute(AbstractQuartzJob.java:43)\r\n	at org.quartz.core.JobRunShell.run(JobRunShell.java:202)\r\n	at org.quartz.simpl.SimpleThreadPool$WorkerThread.run(SimpleThreadPool.java:573)\r\nCaused by: org.mybatis.spring.MyBatisSystemException: nested exception is org.apache.ibatis.builder.BuilderException: Error evaluating expression \'params.beginCreateDate != null and params.beginCreateDate != \'\' and params.endCreateDate != null and params.endCreateDate != \'\'\'. Cause: org.apache.ibatis.ognl.OgnlException: source is null for getProperty(null, \"beginCreateDate\")\r\n	at org.mybatis.spring.MyBatisExceptionTranslator.translateExceptionIfPossible(MyBatisExceptionTranslator.java:77)\r\n	at org.mybatis.spring.SqlSessionTemplate$SqlSessionInterceptor.invoke(SqlSessionTemplate.java:446)\r\n	at com.sun.proxy.$Proxy105.selectList(Unknown Source)\r\n	at org.mybatis.spring.SqlSessionTemplate.selectList(SqlSessionTemplate.java:230)\r\n	at org.apache.ibatis.binding.MapperMethod.executeForMany(MapperMethod.java:139)\r\n	at org.apache.ibatis.binding.MapperMethod.execute(MapperMethod.java:76)\r\n	at org.apache.ibatis.binding.MapperProxy.invoke(MapperProxy.java:59)\r\n	at com.sun.proxy.$Proxy106.selectShopList(Unknown Source)\r\n	at com.ruoyi.erp.shop.service.impl.ShopServiceImpl.selectShopList(ShopServiceImpl.java:56)\r\n	at com.ruoyi.erp.shop.task.OrderTask', '2020-06-30 14:39:12');
INSERT INTO `sys_job_log` VALUES (103, '用户订单同步', 'wish_order', 'orderTask.ryWishOrder', '用户订单同步 总共耗时：1毫秒', '1', 'java.lang.reflect.InvocationTargetException\r\n	at sun.reflect.NativeMethodAccessorImpl.invoke0(Native Method)\r\n	at sun.reflect.NativeMethodAccessorImpl.invoke(NativeMethodAccessorImpl.java:62)\r\n	at sun.reflect.DelegatingMethodAccessorImpl.invoke(DelegatingMethodAccessorImpl.java:43)\r\n	at java.lang.reflect.Method.invoke(Method.java:498)\r\n	at com.ruoyi.common.utils.job.JobInvokeUtil.invokeMethod(JobInvokeUtil.java:61)\r\n	at com.ruoyi.common.utils.job.JobInvokeUtil.invokeMethod(JobInvokeUtil.java:33)\r\n	at com.ruoyi.common.utils.job.QuartzDisallowConcurrentExecution.doExecute(QuartzDisallowConcurrentExecution.java:19)\r\n	at com.ruoyi.common.utils.job.AbstractQuartzJob.execute(AbstractQuartzJob.java:43)\r\n	at org.quartz.core.JobRunShell.run(JobRunShell.java:202)\r\n	at org.quartz.simpl.SimpleThreadPool$WorkerThread.run(SimpleThreadPool.java:573)\r\nCaused by: org.mybatis.spring.MyBatisSystemException: nested exception is org.apache.ibatis.builder.BuilderException: Error evaluating expression \'params.beginCreateDate != null and params.beginCreateDate != \'\' and params.endCreateDate != null and params.endCreateDate != \'\'\'. Cause: org.apache.ibatis.ognl.OgnlException: source is null for getProperty(null, \"beginCreateDate\")\r\n	at org.mybatis.spring.MyBatisExceptionTranslator.translateExceptionIfPossible(MyBatisExceptionTranslator.java:77)\r\n	at org.mybatis.spring.SqlSessionTemplate$SqlSessionInterceptor.invoke(SqlSessionTemplate.java:446)\r\n	at com.sun.proxy.$Proxy105.selectList(Unknown Source)\r\n	at org.mybatis.spring.SqlSessionTemplate.selectList(SqlSessionTemplate.java:230)\r\n	at org.apache.ibatis.binding.MapperMethod.executeForMany(MapperMethod.java:139)\r\n	at org.apache.ibatis.binding.MapperMethod.execute(MapperMethod.java:76)\r\n	at org.apache.ibatis.binding.MapperProxy.invoke(MapperProxy.java:59)\r\n	at com.sun.proxy.$Proxy106.selectShopList(Unknown Source)\r\n	at com.ruoyi.erp.shop.service.impl.ShopServiceImpl.selectShopList(ShopServiceImpl.java:56)\r\n	at com.ruoyi.erp.shop.task.OrderTask', '2020-06-30 14:40:24');
INSERT INTO `sys_job_log` VALUES (104, '用户订单同步', 'wish_order', 'orderTask.ryWishOrder', '用户订单同步 总共耗时：112毫秒', '0', '', '2020-06-30 14:52:45');
INSERT INTO `sys_job_log` VALUES (105, '用户订单同步', 'wish_order', 'orderTask.ryWishOrder', '用户订单同步 总共耗时：128毫秒', '0', '', '2020-06-30 14:53:08');
INSERT INTO `sys_job_log` VALUES (106, '用户订单同步', 'wish_order', 'orderTask.ryWishOrder', '用户订单同步 总共耗时：12毫秒', '0', '', '2020-06-30 15:00:00');
INSERT INTO `sys_job_log` VALUES (107, '用户订单同步', 'wish_order', 'orderTask.ryWishOrder', '用户订单同步 总共耗时：59毫秒', '0', '', '2020-06-30 15:02:40');
INSERT INTO `sys_job_log` VALUES (108, '用户订单同步', 'wish_order', 'orderTask.ryWishOrder', '用户订单同步 总共耗时：19毫秒', '0', '', '2020-06-30 16:00:00');
INSERT INTO `sys_job_log` VALUES (109, '用户订单同步', 'wish_order', 'orderTask.ryWishOrder', '用户订单同步 总共耗时：2551毫秒', '1', 'java.lang.reflect.InvocationTargetException\r\n	at sun.reflect.NativeMethodAccessorImpl.invoke0(Native Method)\r\n	at sun.reflect.NativeMethodAccessorImpl.invoke(NativeMethodAccessorImpl.java:62)\r\n	at sun.reflect.DelegatingMethodAccessorImpl.invoke(DelegatingMethodAccessorImpl.java:43)\r\n	at java.lang.reflect.Method.invoke(Method.java:498)\r\n	at com.ruoyi.common.utils.job.JobInvokeUtil.invokeMethod(JobInvokeUtil.java:61)\r\n	at com.ruoyi.common.utils.job.JobInvokeUtil.invokeMethod(JobInvokeUtil.java:33)\r\n	at com.ruoyi.common.utils.job.QuartzDisallowConcurrentExecution.doExecute(QuartzDisallowConcurrentExecution.java:19)\r\n	at com.ruoyi.common.utils.job.AbstractQuartzJob.execute(AbstractQuartzJob.java:43)\r\n	at org.quartz.core.JobRunShell.run(JobRunShell.java:202)\r\n	at org.quartz.simpl.SimpleThreadPool$WorkerThread.run(SimpleThreadPool.java:573)\r\nCaused by: java.lang.NullPointerException\r\n	at com.ruoyi.erp.shop.task.OrderTask.ryWishOrder(OrderTask.java:47)\r\n	... 10 more\r\n', '2020-06-30 16:38:32');
INSERT INTO `sys_job_log` VALUES (110, '用户订单同步', 'wish_order', 'orderTask.ryWishOrder', '用户订单同步 总共耗时：1461毫秒', '1', 'java.lang.reflect.InvocationTargetException\r\n	at sun.reflect.NativeMethodAccessorImpl.invoke0(Native Method)\r\n	at sun.reflect.NativeMethodAccessorImpl.invoke(NativeMethodAccessorImpl.java:62)\r\n	at sun.reflect.DelegatingMethodAccessorImpl.invoke(DelegatingMethodAccessorImpl.java:43)\r\n	at java.lang.reflect.Method.invoke(Method.java:498)\r\n	at com.ruoyi.common.utils.job.JobInvokeUtil.invokeMethod(JobInvokeUtil.java:61)\r\n	at com.ruoyi.common.utils.job.JobInvokeUtil.invokeMethod(JobInvokeUtil.java:33)\r\n	at com.ruoyi.common.utils.job.QuartzDisallowConcurrentExecution.doExecute(QuartzDisallowConcurrentExecution.java:19)\r\n	at com.ruoyi.common.utils.job.AbstractQuartzJob.execute(AbstractQuartzJob.java:43)\r\n	at org.quartz.core.JobRunShell.run(JobRunShell.java:202)\r\n	at org.quartz.simpl.SimpleThreadPool$WorkerThread.run(SimpleThreadPool.java:573)\r\nCaused by: java.lang.NullPointerException\r\n	at com.ruoyi.erp.shop.task.OrderTask.ryWishOrder(OrderTask.java:47)\r\n	... 10 more\r\n', '2020-06-30 16:39:32');
INSERT INTO `sys_job_log` VALUES (111, '用户订单同步', 'wish_order', 'orderTask.ryWishOrder', '用户订单同步 总共耗时：1066毫秒', '1', 'java.lang.reflect.InvocationTargetException\r\n	at sun.reflect.NativeMethodAccessorImpl.invoke0(Native Method)\r\n	at sun.reflect.NativeMethodAccessorImpl.invoke(NativeMethodAccessorImpl.java:62)\r\n	at sun.reflect.DelegatingMethodAccessorImpl.invoke(DelegatingMethodAccessorImpl.java:43)\r\n	at java.lang.reflect.Method.invoke(Method.java:498)\r\n	at com.ruoyi.common.utils.job.JobInvokeUtil.invokeMethod(JobInvokeUtil.java:61)\r\n	at com.ruoyi.common.utils.job.JobInvokeUtil.invokeMethod(JobInvokeUtil.java:33)\r\n	at com.ruoyi.common.utils.job.QuartzDisallowConcurrentExecution.doExecute(QuartzDisallowConcurrentExecution.java:19)\r\n	at com.ruoyi.common.utils.job.AbstractQuartzJob.execute(AbstractQuartzJob.java:43)\r\n	at org.quartz.core.JobRunShell.run(JobRunShell.java:202)\r\n	at org.quartz.simpl.SimpleThreadPool$WorkerThread.run(SimpleThreadPool.java:573)\r\nCaused by: java.lang.NullPointerException\r\n	at com.ruoyi.erp.shop.task.OrderTask.ryWishOrder(OrderTask.java:47)\r\n	... 10 more\r\n', '2020-06-30 17:00:01');
INSERT INTO `sys_job_log` VALUES (112, '用户订单同步', 'wish_order', 'orderTask.ryWishOrder', '用户订单同步 总共耗时：1147毫秒', '1', 'java.lang.reflect.InvocationTargetException\r\n	at sun.reflect.NativeMethodAccessorImpl.invoke0(Native Method)\r\n	at sun.reflect.NativeMethodAccessorImpl.invoke(NativeMethodAccessorImpl.java:62)\r\n	at sun.reflect.DelegatingMethodAccessorImpl.invoke(DelegatingMethodAccessorImpl.java:43)\r\n	at java.lang.reflect.Method.invoke(Method.java:498)\r\n	at com.ruoyi.common.utils.job.JobInvokeUtil.invokeMethod(JobInvokeUtil.java:61)\r\n	at com.ruoyi.common.utils.job.JobInvokeUtil.invokeMethod(JobInvokeUtil.java:33)\r\n	at com.ruoyi.common.utils.job.QuartzDisallowConcurrentExecution.doExecute(QuartzDisallowConcurrentExecution.java:19)\r\n	at com.ruoyi.common.utils.job.AbstractQuartzJob.execute(AbstractQuartzJob.java:43)\r\n	at org.quartz.core.JobRunShell.run(JobRunShell.java:202)\r\n	at org.quartz.simpl.SimpleThreadPool$WorkerThread.run(SimpleThreadPool.java:573)\r\nCaused by: java.lang.NullPointerException\r\n	at com.ruoyi.erp.shop.task.OrderTask.ryWishOrder(OrderTask.java:47)\r\n	... 10 more\r\n', '2020-06-30 18:00:01');
INSERT INTO `sys_job_log` VALUES (113, '用户订单同步', 'wish_order', 'orderTask.ryWishOrder', '用户订单同步 总共耗时：1694毫秒', '1', 'java.lang.reflect.InvocationTargetException\r\n	at sun.reflect.NativeMethodAccessorImpl.invoke0(Native Method)\r\n	at sun.reflect.NativeMethodAccessorImpl.invoke(NativeMethodAccessorImpl.java:62)\r\n	at sun.reflect.DelegatingMethodAccessorImpl.invoke(DelegatingMethodAccessorImpl.java:43)\r\n	at java.lang.reflect.Method.invoke(Method.java:498)\r\n	at com.ruoyi.common.utils.job.JobInvokeUtil.invokeMethod(JobInvokeUtil.java:61)\r\n	at com.ruoyi.common.utils.job.JobInvokeUtil.invokeMethod(JobInvokeUtil.java:33)\r\n	at com.ruoyi.common.utils.job.QuartzDisallowConcurrentExecution.doExecute(QuartzDisallowConcurrentExecution.java:19)\r\n	at com.ruoyi.common.utils.job.AbstractQuartzJob.execute(AbstractQuartzJob.java:43)\r\n	at org.quartz.core.JobRunShell.run(JobRunShell.java:202)\r\n	at org.quartz.simpl.SimpleThreadPool$WorkerThread.run(SimpleThreadPool.java:573)\r\nCaused by: java.lang.NullPointerException\r\n	at com.ruoyi.erp.shop.task.OrderTask.ryWishOrder(OrderTask.java:47)\r\n	... 10 more\r\n', '2020-06-30 19:00:01');
INSERT INTO `sys_job_log` VALUES (114, '用户订单同步', 'wish_order', 'orderTask.ryWishOrder', '用户订单同步 总共耗时：1422毫秒', '1', 'java.lang.reflect.InvocationTargetException\r\n	at sun.reflect.NativeMethodAccessorImpl.invoke0(Native Method)\r\n	at sun.reflect.NativeMethodAccessorImpl.invoke(NativeMethodAccessorImpl.java:62)\r\n	at sun.reflect.DelegatingMethodAccessorImpl.invoke(DelegatingMethodAccessorImpl.java:43)\r\n	at java.lang.reflect.Method.invoke(Method.java:498)\r\n	at com.ruoyi.common.utils.job.JobInvokeUtil.invokeMethod(JobInvokeUtil.java:61)\r\n	at com.ruoyi.common.utils.job.JobInvokeUtil.invokeMethod(JobInvokeUtil.java:33)\r\n	at com.ruoyi.common.utils.job.QuartzDisallowConcurrentExecution.doExecute(QuartzDisallowConcurrentExecution.java:19)\r\n	at com.ruoyi.common.utils.job.AbstractQuartzJob.execute(AbstractQuartzJob.java:43)\r\n	at org.quartz.core.JobRunShell.run(JobRunShell.java:202)\r\n	at org.quartz.simpl.SimpleThreadPool$WorkerThread.run(SimpleThreadPool.java:573)\r\nCaused by: java.lang.NullPointerException\r\n	at com.ruoyi.erp.shop.task.OrderTask.ryWishOrder(OrderTask.java:47)\r\n	... 10 more\r\n', '2020-06-30 20:00:01');
INSERT INTO `sys_job_log` VALUES (115, '用户订单同步', 'wish_order', 'orderTask.ryWishOrder', '用户订单同步 总共耗时：1543毫秒', '1', 'java.lang.reflect.InvocationTargetException\r\n	at sun.reflect.NativeMethodAccessorImpl.invoke0(Native Method)\r\n	at sun.reflect.NativeMethodAccessorImpl.invoke(NativeMethodAccessorImpl.java:62)\r\n	at sun.reflect.DelegatingMethodAccessorImpl.invoke(DelegatingMethodAccessorImpl.java:43)\r\n	at java.lang.reflect.Method.invoke(Method.java:498)\r\n	at com.ruoyi.common.utils.job.JobInvokeUtil.invokeMethod(JobInvokeUtil.java:61)\r\n	at com.ruoyi.common.utils.job.JobInvokeUtil.invokeMethod(JobInvokeUtil.java:33)\r\n	at com.ruoyi.common.utils.job.QuartzDisallowConcurrentExecution.doExecute(QuartzDisallowConcurrentExecution.java:19)\r\n	at com.ruoyi.common.utils.job.AbstractQuartzJob.execute(AbstractQuartzJob.java:43)\r\n	at org.quartz.core.JobRunShell.run(JobRunShell.java:202)\r\n	at org.quartz.simpl.SimpleThreadPool$WorkerThread.run(SimpleThreadPool.java:573)\r\nCaused by: java.lang.NullPointerException\r\n	at com.ruoyi.erp.shop.task.OrderTask.ryWishOrder(OrderTask.java:47)\r\n	... 10 more\r\n', '2020-06-30 21:00:01');
INSERT INTO `sys_job_log` VALUES (116, '用户订单同步', 'wish_order', 'orderTask.ryWishOrder', '用户订单同步 总共耗时：2039毫秒', '1', 'java.lang.reflect.InvocationTargetException\r\n	at sun.reflect.NativeMethodAccessorImpl.invoke0(Native Method)\r\n	at sun.reflect.NativeMethodAccessorImpl.invoke(NativeMethodAccessorImpl.java:62)\r\n	at sun.reflect.DelegatingMethodAccessorImpl.invoke(DelegatingMethodAccessorImpl.java:43)\r\n	at java.lang.reflect.Method.invoke(Method.java:498)\r\n	at com.ruoyi.common.utils.job.JobInvokeUtil.invokeMethod(JobInvokeUtil.java:61)\r\n	at com.ruoyi.common.utils.job.JobInvokeUtil.invokeMethod(JobInvokeUtil.java:33)\r\n	at com.ruoyi.common.utils.job.QuartzDisallowConcurrentExecution.doExecute(QuartzDisallowConcurrentExecution.java:19)\r\n	at com.ruoyi.common.utils.job.AbstractQuartzJob.execute(AbstractQuartzJob.java:43)\r\n	at org.quartz.core.JobRunShell.run(JobRunShell.java:202)\r\n	at org.quartz.simpl.SimpleThreadPool$WorkerThread.run(SimpleThreadPool.java:573)\r\nCaused by: java.lang.NullPointerException\r\n	at com.ruoyi.erp.shop.task.OrderTask.ryWishOrder(OrderTask.java:47)\r\n	... 10 more\r\n', '2020-06-30 22:00:02');
INSERT INTO `sys_job_log` VALUES (117, '用户订单同步', 'wish_order', 'orderTask.ryWishOrder', '用户订单同步 总共耗时：2150毫秒', '1', 'java.lang.reflect.InvocationTargetException\r\n	at sun.reflect.NativeMethodAccessorImpl.invoke0(Native Method)\r\n	at sun.reflect.NativeMethodAccessorImpl.invoke(NativeMethodAccessorImpl.java:62)\r\n	at sun.reflect.DelegatingMethodAccessorImpl.invoke(DelegatingMethodAccessorImpl.java:43)\r\n	at java.lang.reflect.Method.invoke(Method.java:498)\r\n	at com.ruoyi.common.utils.job.JobInvokeUtil.invokeMethod(JobInvokeUtil.java:61)\r\n	at com.ruoyi.common.utils.job.JobInvokeUtil.invokeMethod(JobInvokeUtil.java:33)\r\n	at com.ruoyi.common.utils.job.QuartzDisallowConcurrentExecution.doExecute(QuartzDisallowConcurrentExecution.java:19)\r\n	at com.ruoyi.common.utils.job.AbstractQuartzJob.execute(AbstractQuartzJob.java:43)\r\n	at org.quartz.core.JobRunShell.run(JobRunShell.java:202)\r\n	at org.quartz.simpl.SimpleThreadPool$WorkerThread.run(SimpleThreadPool.java:573)\r\nCaused by: java.lang.NullPointerException\r\n	at com.ruoyi.erp.shop.task.OrderTask.ryWishOrder(OrderTask.java:47)\r\n	... 10 more\r\n', '2020-06-30 23:00:02');
INSERT INTO `sys_job_log` VALUES (118, '用户订单同步', 'wish_order', 'orderTask.ryWishOrder', '用户订单同步 总共耗时：2995毫秒', '1', 'java.lang.reflect.InvocationTargetException\r\n	at sun.reflect.NativeMethodAccessorImpl.invoke0(Native Method)\r\n	at sun.reflect.NativeMethodAccessorImpl.invoke(NativeMethodAccessorImpl.java:62)\r\n	at sun.reflect.DelegatingMethodAccessorImpl.invoke(DelegatingMethodAccessorImpl.java:43)\r\n	at java.lang.reflect.Method.invoke(Method.java:498)\r\n	at com.ruoyi.common.utils.job.JobInvokeUtil.invokeMethod(JobInvokeUtil.java:61)\r\n	at com.ruoyi.common.utils.job.JobInvokeUtil.invokeMethod(JobInvokeUtil.java:33)\r\n	at com.ruoyi.common.utils.job.QuartzDisallowConcurrentExecution.doExecute(QuartzDisallowConcurrentExecution.java:19)\r\n	at com.ruoyi.common.utils.job.AbstractQuartzJob.execute(AbstractQuartzJob.java:43)\r\n	at org.quartz.core.JobRunShell.run(JobRunShell.java:202)\r\n	at org.quartz.simpl.SimpleThreadPool$WorkerThread.run(SimpleThreadPool.java:573)\r\nCaused by: java.lang.NullPointerException\r\n	at com.ruoyi.erp.shop.task.OrderTask.ryWishOrder(OrderTask.java:47)\r\n	... 10 more\r\n', '2020-07-01 00:00:03');
INSERT INTO `sys_job_log` VALUES (119, '用户订单同步', 'wish_order', 'orderTask.ryWishOrder', '用户订单同步 总共耗时：2176毫秒', '1', 'java.lang.reflect.InvocationTargetException\r\n	at sun.reflect.NativeMethodAccessorImpl.invoke0(Native Method)\r\n	at sun.reflect.NativeMethodAccessorImpl.invoke(NativeMethodAccessorImpl.java:62)\r\n	at sun.reflect.DelegatingMethodAccessorImpl.invoke(DelegatingMethodAccessorImpl.java:43)\r\n	at java.lang.reflect.Method.invoke(Method.java:498)\r\n	at com.ruoyi.common.utils.job.JobInvokeUtil.invokeMethod(JobInvokeUtil.java:61)\r\n	at com.ruoyi.common.utils.job.JobInvokeUtil.invokeMethod(JobInvokeUtil.java:33)\r\n	at com.ruoyi.common.utils.job.QuartzDisallowConcurrentExecution.doExecute(QuartzDisallowConcurrentExecution.java:19)\r\n	at com.ruoyi.common.utils.job.AbstractQuartzJob.execute(AbstractQuartzJob.java:43)\r\n	at org.quartz.core.JobRunShell.run(JobRunShell.java:202)\r\n	at org.quartz.simpl.SimpleThreadPool$WorkerThread.run(SimpleThreadPool.java:573)\r\nCaused by: java.lang.NullPointerException\r\n	at com.ruoyi.erp.shop.task.OrderTask.ryWishOrder(OrderTask.java:47)\r\n	... 10 more\r\n', '2020-07-01 01:00:02');
INSERT INTO `sys_job_log` VALUES (120, '用户订单同步', 'wish_order', 'orderTask.ryWishOrder', '用户订单同步 总共耗时：1767毫秒', '1', 'java.lang.reflect.InvocationTargetException\r\n	at sun.reflect.NativeMethodAccessorImpl.invoke0(Native Method)\r\n	at sun.reflect.NativeMethodAccessorImpl.invoke(NativeMethodAccessorImpl.java:62)\r\n	at sun.reflect.DelegatingMethodAccessorImpl.invoke(DelegatingMethodAccessorImpl.java:43)\r\n	at java.lang.reflect.Method.invoke(Method.java:498)\r\n	at com.ruoyi.common.utils.job.JobInvokeUtil.invokeMethod(JobInvokeUtil.java:61)\r\n	at com.ruoyi.common.utils.job.JobInvokeUtil.invokeMethod(JobInvokeUtil.java:33)\r\n	at com.ruoyi.common.utils.job.QuartzDisallowConcurrentExecution.doExecute(QuartzDisallowConcurrentExecution.java:19)\r\n	at com.ruoyi.common.utils.job.AbstractQuartzJob.execute(AbstractQuartzJob.java:43)\r\n	at org.quartz.core.JobRunShell.run(JobRunShell.java:202)\r\n	at org.quartz.simpl.SimpleThreadPool$WorkerThread.run(SimpleThreadPool.java:573)\r\nCaused by: java.lang.NullPointerException\r\n	at com.ruoyi.erp.shop.task.OrderTask.ryWishOrder(OrderTask.java:47)\r\n	... 10 more\r\n', '2020-07-01 02:00:01');
INSERT INTO `sys_job_log` VALUES (121, '用户订单同步', 'wish_order', 'orderTask.ryWishOrder', '用户订单同步 总共耗时：1267毫秒', '1', 'java.lang.reflect.InvocationTargetException\r\n	at sun.reflect.NativeMethodAccessorImpl.invoke0(Native Method)\r\n	at sun.reflect.NativeMethodAccessorImpl.invoke(NativeMethodAccessorImpl.java:62)\r\n	at sun.reflect.DelegatingMethodAccessorImpl.invoke(DelegatingMethodAccessorImpl.java:43)\r\n	at java.lang.reflect.Method.invoke(Method.java:498)\r\n	at com.ruoyi.common.utils.job.JobInvokeUtil.invokeMethod(JobInvokeUtil.java:61)\r\n	at com.ruoyi.common.utils.job.JobInvokeUtil.invokeMethod(JobInvokeUtil.java:33)\r\n	at com.ruoyi.common.utils.job.QuartzDisallowConcurrentExecution.doExecute(QuartzDisallowConcurrentExecution.java:19)\r\n	at com.ruoyi.common.utils.job.AbstractQuartzJob.execute(AbstractQuartzJob.java:43)\r\n	at org.quartz.core.JobRunShell.run(JobRunShell.java:202)\r\n	at org.quartz.simpl.SimpleThreadPool$WorkerThread.run(SimpleThreadPool.java:573)\r\nCaused by: java.lang.NullPointerException\r\n	at com.ruoyi.erp.shop.task.OrderTask.ryWishOrder(OrderTask.java:47)\r\n	... 10 more\r\n', '2020-07-01 03:00:01');
INSERT INTO `sys_job_log` VALUES (122, '用户订单同步', 'wish_order', 'orderTask.ryWishOrder', '用户订单同步 总共耗时：1233毫秒', '1', 'java.lang.reflect.InvocationTargetException\r\n	at sun.reflect.NativeMethodAccessorImpl.invoke0(Native Method)\r\n	at sun.reflect.NativeMethodAccessorImpl.invoke(NativeMethodAccessorImpl.java:62)\r\n	at sun.reflect.DelegatingMethodAccessorImpl.invoke(DelegatingMethodAccessorImpl.java:43)\r\n	at java.lang.reflect.Method.invoke(Method.java:498)\r\n	at com.ruoyi.common.utils.job.JobInvokeUtil.invokeMethod(JobInvokeUtil.java:61)\r\n	at com.ruoyi.common.utils.job.JobInvokeUtil.invokeMethod(JobInvokeUtil.java:33)\r\n	at com.ruoyi.common.utils.job.QuartzDisallowConcurrentExecution.doExecute(QuartzDisallowConcurrentExecution.java:19)\r\n	at com.ruoyi.common.utils.job.AbstractQuartzJob.execute(AbstractQuartzJob.java:43)\r\n	at org.quartz.core.JobRunShell.run(JobRunShell.java:202)\r\n	at org.quartz.simpl.SimpleThreadPool$WorkerThread.run(SimpleThreadPool.java:573)\r\nCaused by: java.lang.NullPointerException\r\n	at com.ruoyi.erp.shop.task.OrderTask.ryWishOrder(OrderTask.java:47)\r\n	... 10 more\r\n', '2020-07-01 04:00:01');
INSERT INTO `sys_job_log` VALUES (123, '用户订单同步', 'wish_order', 'orderTask.ryWishOrder', '用户订单同步 总共耗时：1268毫秒', '1', 'java.lang.reflect.InvocationTargetException\r\n	at sun.reflect.NativeMethodAccessorImpl.invoke0(Native Method)\r\n	at sun.reflect.NativeMethodAccessorImpl.invoke(NativeMethodAccessorImpl.java:62)\r\n	at sun.reflect.DelegatingMethodAccessorImpl.invoke(DelegatingMethodAccessorImpl.java:43)\r\n	at java.lang.reflect.Method.invoke(Method.java:498)\r\n	at com.ruoyi.common.utils.job.JobInvokeUtil.invokeMethod(JobInvokeUtil.java:61)\r\n	at com.ruoyi.common.utils.job.JobInvokeUtil.invokeMethod(JobInvokeUtil.java:33)\r\n	at com.ruoyi.common.utils.job.QuartzDisallowConcurrentExecution.doExecute(QuartzDisallowConcurrentExecution.java:19)\r\n	at com.ruoyi.common.utils.job.AbstractQuartzJob.execute(AbstractQuartzJob.java:43)\r\n	at org.quartz.core.JobRunShell.run(JobRunShell.java:202)\r\n	at org.quartz.simpl.SimpleThreadPool$WorkerThread.run(SimpleThreadPool.java:573)\r\nCaused by: java.lang.NullPointerException\r\n	at com.ruoyi.erp.shop.task.OrderTask.ryWishOrder(OrderTask.java:47)\r\n	... 10 more\r\n', '2020-07-01 05:00:01');
INSERT INTO `sys_job_log` VALUES (124, '用户订单同步', 'wish_order', 'orderTask.ryWishOrder', '用户订单同步 总共耗时：1676毫秒', '1', 'java.lang.reflect.InvocationTargetException\r\n	at sun.reflect.NativeMethodAccessorImpl.invoke0(Native Method)\r\n	at sun.reflect.NativeMethodAccessorImpl.invoke(NativeMethodAccessorImpl.java:62)\r\n	at sun.reflect.DelegatingMethodAccessorImpl.invoke(DelegatingMethodAccessorImpl.java:43)\r\n	at java.lang.reflect.Method.invoke(Method.java:498)\r\n	at com.ruoyi.common.utils.job.JobInvokeUtil.invokeMethod(JobInvokeUtil.java:61)\r\n	at com.ruoyi.common.utils.job.JobInvokeUtil.invokeMethod(JobInvokeUtil.java:33)\r\n	at com.ruoyi.common.utils.job.QuartzDisallowConcurrentExecution.doExecute(QuartzDisallowConcurrentExecution.java:19)\r\n	at com.ruoyi.common.utils.job.AbstractQuartzJob.execute(AbstractQuartzJob.java:43)\r\n	at org.quartz.core.JobRunShell.run(JobRunShell.java:202)\r\n	at org.quartz.simpl.SimpleThreadPool$WorkerThread.run(SimpleThreadPool.java:573)\r\nCaused by: java.lang.NullPointerException\r\n	at com.ruoyi.erp.shop.task.OrderTask.ryWishOrder(OrderTask.java:47)\r\n	... 10 more\r\n', '2020-07-01 06:00:01');
INSERT INTO `sys_job_log` VALUES (125, '用户订单同步', 'wish_order', 'orderTask.ryWishOrder', '用户订单同步 总共耗时：1389毫秒', '1', 'java.lang.reflect.InvocationTargetException\r\n	at sun.reflect.GeneratedMethodAccessor302.invoke(Unknown Source)\r\n	at sun.reflect.DelegatingMethodAccessorImpl.invoke(DelegatingMethodAccessorImpl.java:43)\r\n	at java.lang.reflect.Method.invoke(Method.java:498)\r\n	at com.ruoyi.common.utils.job.JobInvokeUtil.invokeMethod(JobInvokeUtil.java:61)\r\n	at com.ruoyi.common.utils.job.JobInvokeUtil.invokeMethod(JobInvokeUtil.java:33)\r\n	at com.ruoyi.common.utils.job.QuartzDisallowConcurrentExecution.doExecute(QuartzDisallowConcurrentExecution.java:19)\r\n	at com.ruoyi.common.utils.job.AbstractQuartzJob.execute(AbstractQuartzJob.java:43)\r\n	at org.quartz.core.JobRunShell.run(JobRunShell.java:202)\r\n	at org.quartz.simpl.SimpleThreadPool$WorkerThread.run(SimpleThreadPool.java:573)\r\nCaused by: java.lang.NullPointerException\r\n	at com.ruoyi.erp.shop.task.OrderTask.ryWishOrder(OrderTask.java:47)\r\n	... 9 more\r\n', '2020-07-01 07:00:01');
INSERT INTO `sys_job_log` VALUES (126, '用户订单同步', 'wish_order', 'orderTask.ryWishOrder', '用户订单同步 总共耗时：1147毫秒', '1', 'java.lang.reflect.InvocationTargetException\r\n	at sun.reflect.GeneratedMethodAccessor302.invoke(Unknown Source)\r\n	at sun.reflect.DelegatingMethodAccessorImpl.invoke(DelegatingMethodAccessorImpl.java:43)\r\n	at java.lang.reflect.Method.invoke(Method.java:498)\r\n	at com.ruoyi.common.utils.job.JobInvokeUtil.invokeMethod(JobInvokeUtil.java:61)\r\n	at com.ruoyi.common.utils.job.JobInvokeUtil.invokeMethod(JobInvokeUtil.java:33)\r\n	at com.ruoyi.common.utils.job.QuartzDisallowConcurrentExecution.doExecute(QuartzDisallowConcurrentExecution.java:19)\r\n	at com.ruoyi.common.utils.job.AbstractQuartzJob.execute(AbstractQuartzJob.java:43)\r\n	at org.quartz.core.JobRunShell.run(JobRunShell.java:202)\r\n	at org.quartz.simpl.SimpleThreadPool$WorkerThread.run(SimpleThreadPool.java:573)\r\nCaused by: java.lang.NullPointerException\r\n	at com.ruoyi.erp.shop.task.OrderTask.ryWishOrder(OrderTask.java:47)\r\n	... 9 more\r\n', '2020-07-01 08:00:01');
INSERT INTO `sys_job_log` VALUES (127, '用户订单同步', 'wish_order', 'orderTask.ryWishOrder', '用户订单同步 总共耗时：2246毫秒', '1', 'java.lang.reflect.InvocationTargetException\r\n	at sun.reflect.GeneratedMethodAccessor302.invoke(Unknown Source)\r\n	at sun.reflect.DelegatingMethodAccessorImpl.invoke(DelegatingMethodAccessorImpl.java:43)\r\n	at java.lang.reflect.Method.invoke(Method.java:498)\r\n	at com.ruoyi.common.utils.job.JobInvokeUtil.invokeMethod(JobInvokeUtil.java:61)\r\n	at com.ruoyi.common.utils.job.JobInvokeUtil.invokeMethod(JobInvokeUtil.java:33)\r\n	at com.ruoyi.common.utils.job.QuartzDisallowConcurrentExecution.doExecute(QuartzDisallowConcurrentExecution.java:19)\r\n	at com.ruoyi.common.utils.job.AbstractQuartzJob.execute(AbstractQuartzJob.java:43)\r\n	at org.quartz.core.JobRunShell.run(JobRunShell.java:202)\r\n	at org.quartz.simpl.SimpleThreadPool$WorkerThread.run(SimpleThreadPool.java:573)\r\nCaused by: java.lang.NullPointerException\r\n	at com.ruoyi.erp.shop.task.OrderTask.ryWishOrder(OrderTask.java:47)\r\n	... 9 more\r\n', '2020-07-01 09:00:02');
INSERT INTO `sys_job_log` VALUES (128, '用户订单同步', 'wish_order', 'orderTask.ryWishOrder', '用户订单同步 总共耗时：1350毫秒', '1', 'java.lang.reflect.InvocationTargetException\r\n	at sun.reflect.GeneratedMethodAccessor302.invoke(Unknown Source)\r\n	at sun.reflect.DelegatingMethodAccessorImpl.invoke(DelegatingMethodAccessorImpl.java:43)\r\n	at java.lang.reflect.Method.invoke(Method.java:498)\r\n	at com.ruoyi.common.utils.job.JobInvokeUtil.invokeMethod(JobInvokeUtil.java:61)\r\n	at com.ruoyi.common.utils.job.JobInvokeUtil.invokeMethod(JobInvokeUtil.java:33)\r\n	at com.ruoyi.common.utils.job.QuartzDisallowConcurrentExecution.doExecute(QuartzDisallowConcurrentExecution.java:19)\r\n	at com.ruoyi.common.utils.job.AbstractQuartzJob.execute(AbstractQuartzJob.java:43)\r\n	at org.quartz.core.JobRunShell.run(JobRunShell.java:202)\r\n	at org.quartz.simpl.SimpleThreadPool$WorkerThread.run(SimpleThreadPool.java:573)\r\nCaused by: java.lang.NullPointerException\r\n	at com.ruoyi.erp.shop.task.OrderTask.ryWishOrder(OrderTask.java:47)\r\n	... 9 more\r\n', '2020-07-01 10:00:01');
INSERT INTO `sys_job_log` VALUES (129, '用户订单同步', 'wish_order', 'orderTask.ryWishOrder', '用户订单同步 总共耗时：2466毫秒', '0', '', '2020-07-01 11:00:02');
INSERT INTO `sys_job_log` VALUES (130, '用户订单下载保存', 'wish_order', 'orderTask.ryDownSaveWishOrder', '用户订单下载保存 总共耗时：2毫秒', '0', '', '2020-07-01 11:18:21');
INSERT INTO `sys_job_log` VALUES (131, '用户订单下载保存', 'wish_order', 'orderTask.ryDownSaveWishOrder', '用户订单下载保存 总共耗时：19954毫秒', '0', '', '2020-07-01 11:19:34');
INSERT INTO `sys_job_log` VALUES (132, '用户订单下载保存', 'wish_order', 'orderTask.ryDownSaveWishOrder', '用户订单下载保存 总共耗时：2毫秒', '0', '', '2020-07-01 11:19:47');
INSERT INTO `sys_job_log` VALUES (133, '用户订单同步', 'wish_order', 'orderTask.ryWishOrder', '用户订单同步 总共耗时：48342毫秒', '0', '', '2020-07-01 11:26:57');
INSERT INTO `sys_job_log` VALUES (134, '用户订单同步', 'wish_order', 'orderTask.ryWishOrder', '用户订单同步 总共耗时：199411毫秒', '0', '', '2020-07-01 11:30:39');
INSERT INTO `sys_job_log` VALUES (135, '用户订单同步', 'wish_order', 'orderTask.ryWishOrder', '用户订单同步 总共耗时：1242毫秒', '0', '', '2020-07-01 12:00:01');
INSERT INTO `sys_job_log` VALUES (136, '用户订单下载保存', 'wish_order', 'orderTask.ryDownSaveWishOrder', '用户订单下载保存 总共耗时：65毫秒', '0', '', '2020-07-01 12:10:00');
INSERT INTO `sys_job_log` VALUES (137, '用户订单同步', 'wish_order', 'orderTask.ryWishOrder', '用户订单同步 总共耗时：1818毫秒', '0', '', '2020-07-01 13:00:02');
INSERT INTO `sys_job_log` VALUES (138, '用户订单下载保存', 'wish_order', 'orderTask.ryDownSaveWishOrder', '用户订单下载保存 总共耗时：1毫秒', '0', '', '2020-07-01 13:10:00');
INSERT INTO `sys_job_log` VALUES (139, '用户订单同步', 'wish_order', 'orderTask.ryWishOrder', '用户订单同步 总共耗时：3220毫秒', '0', '', '2020-07-01 13:29:41');
INSERT INTO `sys_job_log` VALUES (140, '用户订单同步', 'wish_order', 'orderTask.ryWishOrder', '用户订单同步 总共耗时：2212毫秒', '0', '', '2020-07-01 13:33:41');
INSERT INTO `sys_job_log` VALUES (141, '用户订单下载保存', 'wish_order', 'orderTask.ryDownSaveWishOrder', '用户订单下载保存 总共耗时：63毫秒', '1', 'java.lang.reflect.InvocationTargetException\r\n	at sun.reflect.NativeMethodAccessorImpl.invoke0(Native Method)\r\n	at sun.reflect.NativeMethodAccessorImpl.invoke(NativeMethodAccessorImpl.java:62)\r\n	at sun.reflect.DelegatingMethodAccessorImpl.invoke(DelegatingMethodAccessorImpl.java:43)\r\n	at java.lang.reflect.Method.invoke(Method.java:498)\r\n	at com.ruoyi.common.utils.job.JobInvokeUtil.invokeMethod(JobInvokeUtil.java:61)\r\n	at com.ruoyi.common.utils.job.JobInvokeUtil.invokeMethod(JobInvokeUtil.java:33)\r\n	at com.ruoyi.common.utils.job.QuartzDisallowConcurrentExecution.doExecute(QuartzDisallowConcurrentExecution.java:19)\r\n	at com.ruoyi.common.utils.job.AbstractQuartzJob.execute(AbstractQuartzJob.java:43)\r\n	at org.quartz.core.JobRunShell.run(JobRunShell.java:202)\r\n	at org.quartz.simpl.SimpleThreadPool$WorkerThread.run(SimpleThreadPool.java:573)\r\nCaused by: com.alibaba.fastjson.JSONException: syntax error, position at 0, name accessToken\r\n	at com.alibaba.fastjson.parser.DefaultJSONParser.parseObject(DefaultJSONParser.java:629)\r\n	at com.alibaba.fastjson.parser.DefaultJSONParser.parse(DefaultJSONParser.java:1401)\r\n	at com.alibaba.fastjson.parser.DefaultJSONParser.parse(DefaultJSONParser.java:1367)\r\n	at com.alibaba.fastjson.JSON.parse(JSON.java:183)\r\n	at com.alibaba.fastjson.JSON.parse(JSON.java:193)\r\n	at com.alibaba.fastjson.JSON.parse(JSON.java:149)\r\n	at com.alibaba.fastjson.JSON.parseObject(JSON.java:254)\r\n	at com.ruoyi.erp.shop.task.OrderTask.ryDownSaveWishOrder(OrderTask.java:80)\r\n	... 10 more\r\n', '2020-07-01 13:44:18');
INSERT INTO `sys_job_log` VALUES (142, '用户订单下载保存', 'wish_order', 'orderTask.ryDownSaveWishOrder', '用户订单下载保存 总共耗时：38366毫秒', '1', 'java.lang.reflect.InvocationTargetException\r\n	at sun.reflect.NativeMethodAccessorImpl.invoke0(Native Method)\r\n	at sun.reflect.NativeMethodAccessorImpl.invoke(NativeMethodAccessorImpl.java:62)\r\n	at sun.reflect.DelegatingMethodAccessorImpl.invoke(DelegatingMethodAccessorImpl.java:43)\r\n	at java.lang.reflect.Method.invoke(Method.java:498)\r\n	at com.ruoyi.common.utils.job.JobInvokeUtil.invokeMethod(JobInvokeUtil.java:61)\r\n	at com.ruoyi.common.utils.job.JobInvokeUtil.invokeMethod(JobInvokeUtil.java:33)\r\n	at com.ruoyi.common.utils.job.QuartzDisallowConcurrentExecution.doExecute(QuartzDisallowConcurrentExecution.java:19)\r\n	at com.ruoyi.common.utils.job.AbstractQuartzJob.execute(AbstractQuartzJob.java:43)\r\n	at org.quartz.core.JobRunShell.run(JobRunShell.java:202)\r\n	at org.quartz.simpl.SimpleThreadPool$WorkerThread.run(SimpleThreadPool.java:573)\r\nCaused by: com.alibaba.fastjson.JSONException: syntax error, position at 0, name accessToken\r\n	at com.alibaba.fastjson.parser.DefaultJSONParser.parseObject(DefaultJSONParser.java:629)\r\n	at com.alibaba.fastjson.parser.DefaultJSONParser.parse(DefaultJSONParser.java:1401)\r\n	at com.alibaba.fastjson.parser.DefaultJSONParser.parse(DefaultJSONParser.java:1367)\r\n	at com.alibaba.fastjson.JSON.parse(JSON.java:183)\r\n	at com.alibaba.fastjson.JSON.parse(JSON.java:193)\r\n	at com.alibaba.fastjson.JSON.parse(JSON.java:149)\r\n	at com.alibaba.fastjson.JSON.parseObject(JSON.java:254)\r\n	at com.ruoyi.erp.shop.task.OrderTask.ryDownSaveWishOrder(OrderTask.java:79)\r\n	... 10 more\r\n', '2020-07-01 13:47:09');
INSERT INTO `sys_job_log` VALUES (143, '用户订单同步', 'wish_order', 'orderTask.ryWishOrder', '用户订单同步 总共耗时：1403毫秒', '0', '', '2020-07-01 13:56:34');
INSERT INTO `sys_job_log` VALUES (144, '用户订单下载保存', 'wish_order', 'orderTask.ryDownSaveWishOrder', '用户订单下载保存 总共耗时：132333毫秒', '0', '', '2020-07-01 13:59:33');
INSERT INTO `sys_job_log` VALUES (145, '用户订单同步', 'wish_order', 'orderTask.ryWishOrder', '用户订单同步 总共耗时：1778毫秒', '0', '', '2020-07-01 14:00:01');
INSERT INTO `sys_job_log` VALUES (146, '用户订单同步', 'wish_order', 'orderTask.ryWishOrder', '用户订单同步 总共耗时：4517毫秒', '0', '', '2020-07-01 14:03:22');
INSERT INTO `sys_job_log` VALUES (147, '用户订单下载保存', 'wish_order', 'orderTask.ryDownSaveWishOrder', '用户订单下载保存 总共耗时：5毫秒', '0', '', '2020-07-01 14:10:00');
INSERT INTO `sys_job_log` VALUES (148, '用户订单同步', 'wish_order', 'orderTask.ryWishOrder', '用户订单同步 总共耗时：1556毫秒', '0', '', '2020-07-01 14:18:28');
INSERT INTO `sys_job_log` VALUES (149, '用户订单下载保存', 'wish_order', 'orderTask.ryDownSaveWishOrder', '用户订单下载保存 总共耗时：23874毫秒', '0', '', '2020-07-01 14:19:26');
INSERT INTO `sys_job_log` VALUES (150, '用户订单下载保存', 'wish_order', 'orderTask.ryDownSaveWishOrder', '用户订单下载保存 总共耗时：56241毫秒', '0', '', '2020-07-01 14:21:57');
INSERT INTO `sys_job_log` VALUES (151, '用户订单下载保存', 'wish_order', 'orderTask.ryDownSaveWishOrder', '用户订单下载保存 总共耗时：115207毫秒', '1', 'java.lang.reflect.InvocationTargetException\r\n	at sun.reflect.NativeMethodAccessorImpl.invoke0(Native Method)\r\n	at sun.reflect.NativeMethodAccessorImpl.invoke(NativeMethodAccessorImpl.java:62)\r\n	at sun.reflect.DelegatingMethodAccessorImpl.invoke(DelegatingMethodAccessorImpl.java:43)\r\n	at java.lang.reflect.Method.invoke(Method.java:498)\r\n	at com.ruoyi.common.utils.job.JobInvokeUtil.invokeMethod(JobInvokeUtil.java:61)\r\n	at com.ruoyi.common.utils.job.JobInvokeUtil.invokeMethod(JobInvokeUtil.java:33)\r\n	at com.ruoyi.common.utils.job.QuartzDisallowConcurrentExecution.doExecute(QuartzDisallowConcurrentExecution.java:19)\r\n	at com.ruoyi.common.utils.job.AbstractQuartzJob.execute(AbstractQuartzJob.java:43)\r\n	at org.quartz.core.JobRunShell.run(JobRunShell.java:202)\r\n	at org.quartz.simpl.SimpleThreadPool$WorkerThread.run(SimpleThreadPool.java:573)\r\nCaused by: java.lang.NullPointerException\r\n	at com.ruoyi.erp.shop.task.OrderTask.ryDownSaveWishOrder(OrderTask.java:87)\r\n	... 10 more\r\n', '2020-07-01 14:24:32');
INSERT INTO `sys_job_log` VALUES (152, '用户订单同步', 'wish_order', 'orderTask.ryWishOrder', '用户订单同步 总共耗时：1777毫秒', '0', '', '2020-07-01 14:53:41');
INSERT INTO `sys_job_log` VALUES (153, '用户订单下载保存', 'wish_order', 'orderTask.ryDownSaveWishOrder', '用户订单下载保存 总共耗时：1024毫秒', '1', 'java.lang.reflect.InvocationTargetException\r\n	at sun.reflect.NativeMethodAccessorImpl.invoke0(Native Method)\r\n	at sun.reflect.NativeMethodAccessorImpl.invoke(NativeMethodAccessorImpl.java:62)\r\n	at sun.reflect.DelegatingMethodAccessorImpl.invoke(DelegatingMethodAccessorImpl.java:43)\r\n	at java.lang.reflect.Method.invoke(Method.java:498)\r\n	at com.ruoyi.common.utils.job.JobInvokeUtil.invokeMethod(JobInvokeUtil.java:61)\r\n	at com.ruoyi.common.utils.job.JobInvokeUtil.invokeMethod(JobInvokeUtil.java:33)\r\n	at com.ruoyi.common.utils.job.QuartzDisallowConcurrentExecution.doExecute(QuartzDisallowConcurrentExecution.java:19)\r\n	at com.ruoyi.common.utils.job.AbstractQuartzJob.execute(AbstractQuartzJob.java:43)\r\n	at org.quartz.core.JobRunShell.run(JobRunShell.java:202)\r\n	at org.quartz.simpl.SimpleThreadPool$WorkerThread.run(SimpleThreadPool.java:573)\r\nCaused by: java.lang.NullPointerException\r\n	at com.ruoyi.erp.shop.task.OrderTask.ryDownSaveWishOrder(OrderTask.java:87)\r\n	... 10 more\r\n', '2020-07-01 14:57:01');
INSERT INTO `sys_job_log` VALUES (154, '用户订单同步', 'wish_order', 'orderTask.ryWishOrder', '用户订单同步 总共耗时：1815毫秒', '0', '', '2020-07-01 14:58:15');
INSERT INTO `sys_job_log` VALUES (155, '用户订单同步', 'wish_order', 'orderTask.ryWishOrder', '用户订单同步 总共耗时：986毫秒', '0', '', '2020-07-01 15:00:01');
INSERT INTO `sys_job_log` VALUES (156, '用户订单同步', 'wish_order', 'orderTask.ryWishOrder', '用户订单同步 总共耗时：2557毫秒', '0', '', '2020-07-01 15:04:01');
INSERT INTO `sys_job_log` VALUES (157, '用户订单下载保存', 'wish_order', 'orderTask.ryDownSaveWishOrder', '用户订单下载保存 总共耗时：62800毫秒', '0', '', '2020-07-01 15:07:13');
INSERT INTO `sys_job_log` VALUES (158, '用户订单下载保存', 'wish_order', 'orderTask.ryDownSaveWishOrder', '用户订单下载保存 总共耗时：2608毫秒', '0', '', '2020-07-01 15:10:02');
INSERT INTO `sys_job_log` VALUES (159, '用户订单同步', 'wish_order', 'orderTask.ryWishOrder', '用户订单同步 总共耗时：1207毫秒', '0', '', '2020-07-01 16:00:01');
INSERT INTO `sys_job_log` VALUES (160, '用户订单下载保存', 'wish_order', 'orderTask.ryDownSaveWishOrder', '用户订单下载保存 总共耗时：3449毫秒', '0', '', '2020-07-01 16:10:03');
INSERT INTO `sys_job_log` VALUES (161, '用户订单同步', 'wish_order', 'orderTask.ryWishOrder', '用户订单同步 总共耗时：1994毫秒', '0', '', '2020-07-01 17:00:02');
INSERT INTO `sys_job_log` VALUES (162, '用户订单下载保存', 'wish_order', 'orderTask.ryDownSaveWishOrder', '用户订单下载保存 总共耗时：4728毫秒', '0', '', '2020-07-01 17:10:05');
INSERT INTO `sys_job_log` VALUES (163, '用户订单同步', 'wish_order', 'orderTask.ryWishOrder', '用户订单同步 总共耗时：1316毫秒', '0', '', '2020-07-01 18:00:01');
INSERT INTO `sys_job_log` VALUES (164, '用户订单下载保存', 'wish_order', 'orderTask.ryDownSaveWishOrder', '用户订单下载保存 总共耗时：2361毫秒', '0', '', '2020-07-01 18:10:02');
INSERT INTO `sys_job_log` VALUES (165, '用户订单同步', 'wish_order', 'orderTask.ryWishOrder', '用户订单同步 总共耗时：1536毫秒', '0', '', '2020-07-01 19:00:01');
INSERT INTO `sys_job_log` VALUES (166, '用户订单下载保存', 'wish_order', 'orderTask.ryDownSaveWishOrder', '用户订单下载保存 总共耗时：2645毫秒', '0', '', '2020-07-01 19:10:02');
INSERT INTO `sys_job_log` VALUES (167, '用户订单下载保存', 'wish_order', 'orderTask.ryDownSaveWishOrder', '用户订单下载保存 总共耗时：31326毫秒', '0', '', '2020-07-01 19:54:58');
INSERT INTO `sys_job_log` VALUES (168, '用户订单同步', 'wish_order', 'orderTask.ryWishOrder', '用户订单同步 总共耗时：4683毫秒', '0', '', '2020-07-01 20:00:04');
INSERT INTO `sys_job_log` VALUES (169, '用户订单下载保存', 'wish_order', 'orderTask.ryDownSaveWishOrder', '用户订单下载保存 总共耗时：2547毫秒', '0', '', '2020-07-01 20:10:02');
INSERT INTO `sys_job_log` VALUES (170, '用户订单下载保存', 'wish_order', 'orderTask.ryDownSaveWishOrder', '用户订单下载保存 总共耗时：11290毫秒', '0', '', '2020-07-01 20:22:04');
INSERT INTO `sys_job_log` VALUES (171, '用户订单同步', 'wish_order', 'orderTask.ryWishOrder', '用户订单同步 总共耗时：3573毫秒', '0', '', '2020-07-01 21:00:03');
INSERT INTO `sys_job_log` VALUES (172, '用户订单下载保存', 'wish_order', 'orderTask.ryDownSaveWishOrder', '用户订单下载保存 总共耗时：3672毫秒', '0', '', '2020-07-01 21:10:03');
INSERT INTO `sys_job_log` VALUES (173, '用户订单同步', 'wish_order', 'orderTask.ryWishOrder', '用户订单同步 总共耗时：3毫秒', '1', 'org.springframework.beans.factory.NoSuchBeanDefinitionException: No bean named \'orderTask\' available\r\n	at org.springframework.beans.factory.support.DefaultListableBeanFactory.getBeanDefinition(DefaultListableBeanFactory.java:772)\r\n	at org.springframework.beans.factory.support.AbstractBeanFactory.getMergedLocalBeanDefinition(AbstractBeanFactory.java:1221)\r\n	at org.springframework.beans.factory.support.AbstractBeanFactory.doGetBean(AbstractBeanFactory.java:294)\r\n	at org.springframework.beans.factory.support.AbstractBeanFactory.getBean(AbstractBeanFactory.java:199)\r\n	at com.ruoyi.common.utils.spring.SpringUtils.getBean(SpringUtils.java:38)\r\n	at com.ruoyi.common.utils.job.JobInvokeUtil.invokeMethod(JobInvokeUtil.java:32)\r\n	at com.ruoyi.common.utils.job.QuartzDisallowConcurrentExecution.doExecute(QuartzDisallowConcurrentExecution.java:19)\r\n	at com.ruoyi.common.utils.job.AbstractQuartzJob.execute(AbstractQuartzJob.java:43)\r\n	at org.quartz.core.JobRunShell.run(JobRunShell.java:202)\r\n	at org.quartz.simpl.SimpleThreadPool$WorkerThread.run(SimpleThreadPool.java:573)\r\n', '2020-07-01 22:00:00');
INSERT INTO `sys_job_log` VALUES (174, '用户订单下载保存', 'wish_order', 'orderTask.ryDownSaveWishOrder', '用户订单下载保存 总共耗时：1毫秒', '1', 'org.springframework.beans.factory.NoSuchBeanDefinitionException: No bean named \'orderTask\' available\r\n	at org.springframework.beans.factory.support.DefaultListableBeanFactory.getBeanDefinition(DefaultListableBeanFactory.java:772)\r\n	at org.springframework.beans.factory.support.AbstractBeanFactory.getMergedLocalBeanDefinition(AbstractBeanFactory.java:1221)\r\n	at org.springframework.beans.factory.support.AbstractBeanFactory.doGetBean(AbstractBeanFactory.java:294)\r\n	at org.springframework.beans.factory.support.AbstractBeanFactory.getBean(AbstractBeanFactory.java:199)\r\n	at com.ruoyi.common.utils.spring.SpringUtils.getBean(SpringUtils.java:38)\r\n	at com.ruoyi.common.utils.job.JobInvokeUtil.invokeMethod(JobInvokeUtil.java:32)\r\n	at com.ruoyi.common.utils.job.QuartzDisallowConcurrentExecution.doExecute(QuartzDisallowConcurrentExecution.java:19)\r\n	at com.ruoyi.common.utils.job.AbstractQuartzJob.execute(AbstractQuartzJob.java:43)\r\n	at org.quartz.core.JobRunShell.run(JobRunShell.java:202)\r\n	at org.quartz.simpl.SimpleThreadPool$WorkerThread.run(SimpleThreadPool.java:573)\r\n', '2020-07-01 22:10:00');
INSERT INTO `sys_job_log` VALUES (175, '用户订单下载保存', 'wish_order', 'orderTask.ryDownSaveWishOrder', '用户订单下载保存 总共耗时：13294毫秒', '1', 'java.lang.reflect.InvocationTargetException\r\n	at sun.reflect.NativeMethodAccessorImpl.invoke0(Native Method)\r\n	at sun.reflect.NativeMethodAccessorImpl.invoke(NativeMethodAccessorImpl.java:62)\r\n	at sun.reflect.DelegatingMethodAccessorImpl.invoke(DelegatingMethodAccessorImpl.java:43)\r\n	at java.lang.reflect.Method.invoke(Method.java:498)\r\n	at com.ruoyi.common.utils.job.JobInvokeUtil.invokeMethod(JobInvokeUtil.java:61)\r\n	at com.ruoyi.common.utils.job.JobInvokeUtil.invokeMethod(JobInvokeUtil.java:33)\r\n	at com.ruoyi.common.utils.job.QuartzDisallowConcurrentExecution.doExecute(QuartzDisallowConcurrentExecution.java:19)\r\n	at com.ruoyi.common.utils.job.AbstractQuartzJob.execute(AbstractQuartzJob.java:43)\r\n	at org.quartz.core.JobRunShell.run(JobRunShell.java:202)\r\n	at org.quartz.simpl.SimpleThreadPool$WorkerThread.run(SimpleThreadPool.java:573)\r\nCaused by: java.lang.NoClassDefFoundError: com/alibaba/excel/event/AnalysisEventListener\r\n	at java.lang.ClassLoader.defineClass1(Native Method)\r\n	at java.lang.ClassLoader.defineClass(ClassLoader.java:763)\r\n	at java.security.SecureClassLoader.defineClass(SecureClassLoader.java:142)\r\n	at java.net.URLClassLoader.defineClass(URLClassLoader.java:467)\r\n	at java.net.URLClassLoader.access$100(URLClassLoader.java:73)\r\n	at java.net.URLClassLoader$1.run(URLClassLoader.java:368)\r\n	at java.net.URLClassLoader$1.run(URLClassLoader.java:362)\r\n	at java.security.AccessController.doPrivileged(Native Method)\r\n	at java.net.URLClassLoader.findClass(URLClassLoader.java:361)\r\n	at org.springframework.boot.devtools.restart.classloader.RestartClassLoader.findClass(RestartClassLoader.java:163)\r\n	at org.springframework.boot.devtools.restart.classloader.RestartClassLoader.loadClass(RestartClassLoader.java:145)\r\n	at java.lang.ClassLoader.loadClass(ClassLoader.java:357)\r\n	at com.ruoyi.erp.shop.task.OrderTask.ryDownSaveWishOrder(OrderTask.java:103)\r\n	... 10 more\r\nCaused by: java.lang.ClassNotFoundException: com.alibaba.excel.event.AnalysisEventListener\r\n	at java.net.', '2020-07-01 22:12:24');
INSERT INTO `sys_job_log` VALUES (176, '用户订单下载保存', 'wish_order', 'orderTask.ryDownSaveWishOrder', '用户订单下载保存 总共耗时：5479毫秒', '0', '', '2020-07-01 22:14:37');
INSERT INTO `sys_job_log` VALUES (177, '用户订单下载保存', 'wish_order', 'orderTask.ryDownSaveWishOrder', '用户订单下载保存 总共耗时：3822毫秒', '0', '', '2020-07-01 22:33:24');
INSERT INTO `sys_job_log` VALUES (178, '用户订单同步', 'wish_order', 'orderTask.ryWishOrder', '用户订单同步 总共耗时：1943毫秒', '0', '', '2020-07-01 23:00:02');
INSERT INTO `sys_job_log` VALUES (179, '用户订单下载保存', 'wish_order', 'orderTask.ryDownSaveWishOrder', '用户订单下载保存 总共耗时：3640毫秒', '0', '', '2020-07-01 23:10:03');
INSERT INTO `sys_job_log` VALUES (180, '用户订单同步', 'wish_order', 'orderTask.ryWishOrder', '用户订单同步 总共耗时：1902毫秒', '0', '', '2020-07-02 00:00:02');
INSERT INTO `sys_job_log` VALUES (181, '用户订单下载保存', 'wish_order', 'orderTask.ryDownSaveWishOrder', '用户订单下载保存 总共耗时：4636毫秒', '0', '', '2020-07-02 00:10:04');
INSERT INTO `sys_job_log` VALUES (182, '用户订单同步', 'wish_order', 'orderTask.ryWishOrder', '用户订单同步 总共耗时：1087毫秒', '0', '', '2020-07-02 01:00:01');
INSERT INTO `sys_job_log` VALUES (183, '用户订单下载保存', 'wish_order', 'orderTask.ryDownSaveWishOrder', '用户订单下载保存 总共耗时：3934毫秒', '0', '', '2020-07-02 01:10:03');
INSERT INTO `sys_job_log` VALUES (184, '用户订单同步', 'wish_order', 'orderTask.ryWishOrder', '用户订单同步 总共耗时：1376毫秒', '0', '', '2020-07-02 02:00:01');
INSERT INTO `sys_job_log` VALUES (185, '用户订单下载保存', 'wish_order', 'orderTask.ryDownSaveWishOrder', '用户订单下载保存 总共耗时：3309毫秒', '0', '', '2020-07-02 02:10:03');
INSERT INTO `sys_job_log` VALUES (186, '用户订单同步', 'wish_order', 'orderTask.ryWishOrder', '用户订单同步 总共耗时：1245毫秒', '0', '', '2020-07-02 03:00:01');
INSERT INTO `sys_job_log` VALUES (187, '用户订单下载保存', 'wish_order', 'orderTask.ryDownSaveWishOrder', '用户订单下载保存 总共耗时：1875毫秒', '0', '', '2020-07-02 03:10:02');
INSERT INTO `sys_job_log` VALUES (188, '用户订单同步', 'wish_order', 'orderTask.ryWishOrder', '用户订单同步 总共耗时：1271毫秒', '0', '', '2020-07-02 04:00:01');
INSERT INTO `sys_job_log` VALUES (189, '用户订单下载保存', 'wish_order', 'orderTask.ryDownSaveWishOrder', '用户订单下载保存 总共耗时：1988毫秒', '0', '', '2020-07-02 04:10:02');
INSERT INTO `sys_job_log` VALUES (190, '用户订单同步', 'wish_order', 'orderTask.ryWishOrder', '用户订单同步 总共耗时：1212毫秒', '0', '', '2020-07-02 05:00:01');
INSERT INTO `sys_job_log` VALUES (191, '用户订单下载保存', 'wish_order', 'orderTask.ryDownSaveWishOrder', '用户订单下载保存 总共耗时：1935毫秒', '0', '', '2020-07-02 05:10:02');
INSERT INTO `sys_job_log` VALUES (192, '用户订单同步', 'wish_order', 'orderTask.ryWishOrder', '用户订单同步 总共耗时：1187毫秒', '0', '', '2020-07-02 06:00:01');
INSERT INTO `sys_job_log` VALUES (193, '用户订单下载保存', 'wish_order', 'orderTask.ryDownSaveWishOrder', '用户订单下载保存 总共耗时：1982毫秒', '0', '', '2020-07-02 06:10:02');
INSERT INTO `sys_job_log` VALUES (194, '用户订单同步', 'wish_order', 'orderTask.ryWishOrder', '用户订单同步 总共耗时：1131毫秒', '0', '', '2020-07-02 07:00:01');
INSERT INTO `sys_job_log` VALUES (195, '用户订单下载保存', 'wish_order', 'orderTask.ryDownSaveWishOrder', '用户订单下载保存 总共耗时：2060毫秒', '0', '', '2020-07-02 07:10:02');
INSERT INTO `sys_job_log` VALUES (196, '用户订单同步', 'wish_order', 'orderTask.ryWishOrder', '用户订单同步 总共耗时：1064毫秒', '0', '', '2020-07-02 08:00:01');
INSERT INTO `sys_job_log` VALUES (197, '用户订单下载保存', 'wish_order', 'orderTask.ryDownSaveWishOrder', '用户订单下载保存 总共耗时：102835毫秒', '0', '', '2020-07-02 08:16:45');
INSERT INTO `sys_job_log` VALUES (198, '用户订单同步', 'wish_order', 'orderTask.ryWishOrder', '用户订单同步 总共耗时：1068毫秒', '0', '', '2020-07-02 09:00:01');
INSERT INTO `sys_job_log` VALUES (199, '用户订单下载保存', 'wish_order', 'orderTask.ryDownSaveWishOrder', '用户订单下载保存 总共耗时：2410毫秒', '0', '', '2020-07-02 09:10:02');
INSERT INTO `sys_job_log` VALUES (200, '用户订单同步', 'wish_order', 'orderTask.ryWishOrder', '用户订单同步 总共耗时：1496毫秒', '0', '', '2020-07-02 10:00:01');
INSERT INTO `sys_job_log` VALUES (201, '用户订单下载保存', 'wish_order', 'orderTask.ryDownSaveWishOrder', '用户订单下载保存 总共耗时：4193毫秒', '0', '', '2020-07-02 10:10:06');
INSERT INTO `sys_job_log` VALUES (202, '用户订单同步', 'wish_order', 'orderTask.ryWishOrder', '用户订单同步 总共耗时：4451毫秒', '0', '', '2020-07-02 11:00:06');
INSERT INTO `sys_job_log` VALUES (203, '用户订单下载保存', 'wish_order', 'orderTask.ryDownSaveWishOrder', '用户订单下载保存 总共耗时：23038毫秒', '0', '', '2020-07-02 11:10:23');
INSERT INTO `sys_job_log` VALUES (204, '用户订单同步', 'wish_order', 'orderTask.ryWishOrder', '用户订单同步 总共耗时：3460毫秒', '0', '', '2020-07-02 12:00:05');
INSERT INTO `sys_job_log` VALUES (205, '用户订单下载保存', 'wish_order', 'orderTask.ryDownSaveWishOrder', '用户订单下载保存 总共耗时：4283毫秒', '0', '', '2020-07-02 12:10:04');
INSERT INTO `sys_job_log` VALUES (206, '用户订单同步', 'wish_order', 'orderTask.ryWishOrder', '用户订单同步 总共耗时：1454毫秒', '0', '', '2020-07-02 13:00:01');
INSERT INTO `sys_job_log` VALUES (207, '用户订单下载保存', 'wish_order', 'orderTask.ryDownSaveWishOrder', '用户订单下载保存 总共耗时：4354毫秒', '0', '', '2020-07-02 13:10:04');
INSERT INTO `sys_job_log` VALUES (208, '用户订单同步', 'wish_order', 'orderTask.ryWishOrder', '用户订单同步 总共耗时：1808毫秒', '0', '', '2020-07-02 14:00:01');
INSERT INTO `sys_job_log` VALUES (209, '用户订单下载保存', 'wish_order', 'orderTask.ryDownSaveWishOrder', '用户订单下载保存 总共耗时：4322毫秒', '0', '', '2020-07-02 14:10:04');
INSERT INTO `sys_job_log` VALUES (210, '用户订单同步', 'wish_order', 'orderTask.ryWishOrder', '用户订单同步 总共耗时：1166毫秒', '0', '', '2020-07-02 15:00:01');
INSERT INTO `sys_job_log` VALUES (211, '用户订单下载保存', 'wish_order', 'orderTask.ryDownSaveWishOrder', '用户订单下载保存 总共耗时：2700毫秒', '0', '', '2020-07-02 15:10:02');
INSERT INTO `sys_job_log` VALUES (212, '用户订单同步', 'wish_order', 'orderTask.ryWishOrder', '用户订单同步 总共耗时：1130毫秒', '0', '', '2020-07-02 16:00:01');
INSERT INTO `sys_job_log` VALUES (213, '用户订单下载保存', 'wish_order', 'orderTask.ryDownSaveWishOrder', '用户订单下载保存 总共耗时：9728毫秒', '0', '', '2020-07-02 16:10:09');
INSERT INTO `sys_job_log` VALUES (214, '用户订单同步', 'wish_order', 'orderTask.ryWishOrder', '用户订单同步 总共耗时：2866毫秒', '0', '', '2020-07-02 17:00:03');
INSERT INTO `sys_job_log` VALUES (215, '用户订单下载保存', 'wish_order', 'orderTask.ryDownSaveWishOrder', '用户订单下载保存 总共耗时：3881毫秒', '0', '', '2020-07-02 17:10:04');
INSERT INTO `sys_job_log` VALUES (216, '用户订单同步', 'wish_order', 'orderTask.ryWishOrder', '用户订单同步 总共耗时：2282毫秒', '0', '', '2020-07-02 18:00:02');
INSERT INTO `sys_job_log` VALUES (217, '用户订单下载保存', 'wish_order', 'orderTask.ryDownSaveWishOrder', '用户订单下载保存 总共耗时：2850毫秒', '0', '', '2020-07-02 18:10:02');
INSERT INTO `sys_job_log` VALUES (218, '用户订单同步', 'wish_order', 'orderTask.ryWishOrder', '用户订单同步 总共耗时：1804毫秒', '0', '', '2020-07-02 19:00:02');
INSERT INTO `sys_job_log` VALUES (219, '用户订单下载保存', 'wish_order', 'orderTask.ryDownSaveWishOrder', '用户订单下载保存 总共耗时：3921毫秒', '0', '', '2020-07-02 19:10:04');
INSERT INTO `sys_job_log` VALUES (220, '用户订单同步', 'wish_order', 'orderTask.ryWishOrder', '用户订单同步 总共耗时：1312毫秒', '0', '', '2020-07-02 20:00:01');
INSERT INTO `sys_job_log` VALUES (221, '用户订单下载保存', 'wish_order', 'orderTask.ryDownSaveWishOrder', '用户订单下载保存 总共耗时：6488毫秒', '0', '', '2020-07-02 20:10:06');
INSERT INTO `sys_job_log` VALUES (222, '用户订单同步', 'wish_order', 'orderTask.ryWishOrder', '用户订单同步 总共耗时：1761毫秒', '0', '', '2020-07-02 21:00:01');
INSERT INTO `sys_job_log` VALUES (223, '用户订单下载保存', 'wish_order', 'orderTask.ryDownSaveWishOrder', '用户订单下载保存 总共耗时：14080毫秒', '0', '', '2020-07-02 21:10:14');
INSERT INTO `sys_job_log` VALUES (224, '用户订单同步', 'wish_order', 'orderTask.ryWishOrder', '用户订单同步 总共耗时：2856毫秒', '0', '', '2020-07-02 22:00:02');
INSERT INTO `sys_job_log` VALUES (225, '用户订单下载保存', 'wish_order', 'orderTask.ryDownSaveWishOrder', '用户订单下载保存 总共耗时：15446毫秒', '0', '', '2020-07-02 22:10:15');
INSERT INTO `sys_job_log` VALUES (226, '用户订单同步', 'wish_order', 'orderTask.ryWishOrder', '用户订单同步 总共耗时：3791毫秒', '0', '', '2020-07-02 23:00:04');
INSERT INTO `sys_job_log` VALUES (227, '用户订单下载保存', 'wish_order', 'orderTask.ryDownSaveWishOrder', '用户订单下载保存 总共耗时：7388毫秒', '0', '', '2020-07-02 23:10:07');
INSERT INTO `sys_job_log` VALUES (228, '用户订单同步', 'wish_order', 'orderTask.ryWishOrder', '用户订单同步 总共耗时：4743毫秒', '0', '', '2020-07-03 00:00:04');
INSERT INTO `sys_job_log` VALUES (229, '用户订单下载保存', 'wish_order', 'orderTask.ryDownSaveWishOrder', '用户订单下载保存 总共耗时：5496毫秒', '0', '', '2020-07-03 00:10:05');
INSERT INTO `sys_job_log` VALUES (230, '用户订单同步', 'wish_order', 'orderTask.ryWishOrder', '用户订单同步 总共耗时：1388毫秒', '0', '', '2020-07-03 01:00:01');
INSERT INTO `sys_job_log` VALUES (231, '用户订单下载保存', 'wish_order', 'orderTask.ryDownSaveWishOrder', '用户订单下载保存 总共耗时：6182毫秒', '0', '', '2020-07-03 01:10:06');
INSERT INTO `sys_job_log` VALUES (232, '用户订单同步', 'wish_order', 'orderTask.ryWishOrder', '用户订单同步 总共耗时：1244毫秒', '0', '', '2020-07-03 02:00:01');
INSERT INTO `sys_job_log` VALUES (233, '用户订单下载保存', 'wish_order', 'orderTask.ryDownSaveWishOrder', '用户订单下载保存 总共耗时：2015毫秒', '0', '', '2020-07-03 02:10:02');
INSERT INTO `sys_job_log` VALUES (234, '用户订单同步', 'wish_order', 'orderTask.ryWishOrder', '用户订单同步 总共耗时：1206毫秒', '0', '', '2020-07-03 03:00:01');
INSERT INTO `sys_job_log` VALUES (235, '用户订单下载保存', 'wish_order', 'orderTask.ryDownSaveWishOrder', '用户订单下载保存 总共耗时：2081毫秒', '0', '', '2020-07-03 03:10:02');
INSERT INTO `sys_job_log` VALUES (236, '用户订单同步', 'wish_order', 'orderTask.ryWishOrder', '用户订单同步 总共耗时：1143毫秒', '0', '', '2020-07-03 04:00:01');
INSERT INTO `sys_job_log` VALUES (237, '用户订单下载保存', 'wish_order', 'orderTask.ryDownSaveWishOrder', '用户订单下载保存 总共耗时：2026毫秒', '0', '', '2020-07-03 04:10:02');
INSERT INTO `sys_job_log` VALUES (238, '用户订单同步', 'wish_order', 'orderTask.ryWishOrder', '用户订单同步 总共耗时：897毫秒', '0', '', '2020-07-03 05:00:00');
INSERT INTO `sys_job_log` VALUES (239, '用户订单下载保存', 'wish_order', 'orderTask.ryDownSaveWishOrder', '用户订单下载保存 总共耗时：2253毫秒', '0', '', '2020-07-03 05:10:02');
INSERT INTO `sys_job_log` VALUES (240, '用户订单同步', 'wish_order', 'orderTask.ryWishOrder', '用户订单同步 总共耗时：1128毫秒', '0', '', '2020-07-03 06:00:01');
INSERT INTO `sys_job_log` VALUES (241, '用户订单下载保存', 'wish_order', 'orderTask.ryDownSaveWishOrder', '用户订单下载保存 总共耗时：1989毫秒', '0', '', '2020-07-03 06:10:02');
INSERT INTO `sys_job_log` VALUES (242, '用户订单同步', 'wish_order', 'orderTask.ryWishOrder', '用户订单同步 总共耗时：1110毫秒', '0', '', '2020-07-03 07:00:01');
INSERT INTO `sys_job_log` VALUES (243, '用户订单下载保存', 'wish_order', 'orderTask.ryDownSaveWishOrder', '用户订单下载保存 总共耗时：2203毫秒', '0', '', '2020-07-03 07:10:02');
INSERT INTO `sys_job_log` VALUES (244, '用户订单同步', 'wish_order', 'orderTask.ryWishOrder', '用户订单同步 总共耗时：1164毫秒', '0', '', '2020-07-03 08:00:01');
INSERT INTO `sys_job_log` VALUES (245, '用户订单下载保存', 'wish_order', 'orderTask.ryDownSaveWishOrder', '用户订单下载保存 总共耗时：2074毫秒', '0', '', '2020-07-03 08:10:02');
INSERT INTO `sys_job_log` VALUES (246, '用户订单同步', 'wish_order', 'orderTask.ryWishOrder', '用户订单同步 总共耗时：1084毫秒', '0', '', '2020-07-03 09:00:01');
INSERT INTO `sys_job_log` VALUES (247, '用户订单下载保存', 'wish_order', 'orderTask.ryDownSaveWishOrder', '用户订单下载保存 总共耗时：2307毫秒', '0', '', '2020-07-03 09:10:02');
INSERT INTO `sys_job_log` VALUES (248, '用户订单同步', 'wish_order', 'orderTask.ryWishOrder', '用户订单同步 总共耗时：3420毫秒', '0', '', '2020-07-03 10:00:03');
INSERT INTO `sys_job_log` VALUES (249, '用户订单下载保存', 'wish_order', 'orderTask.ryDownSaveWishOrder', '用户订单下载保存 总共耗时：2797毫秒', '0', '', '2020-07-03 10:10:02');
INSERT INTO `sys_job_log` VALUES (250, '用户订单同步', 'wish_order', 'orderTask.ryWishOrder', '用户订单同步 总共耗时：1549毫秒', '0', '', '2020-07-03 11:00:01');
INSERT INTO `sys_job_log` VALUES (251, '用户订单下载保存', 'wish_order', 'orderTask.ryDownSaveWishOrder', '用户订单下载保存 总共耗时：6021毫秒', '0', '', '2020-07-03 11:10:06');
INSERT INTO `sys_job_log` VALUES (252, '用户订单同步', 'wish_order', 'orderTask.ryWishOrder', '用户订单同步 总共耗时：1078毫秒', '0', '', '2020-07-03 12:00:01');
INSERT INTO `sys_job_log` VALUES (253, '用户订单下载保存', 'wish_order', 'orderTask.ryDownSaveWishOrder', '用户订单下载保存 总共耗时：3277毫秒', '0', '', '2020-07-03 12:10:03');
INSERT INTO `sys_job_log` VALUES (254, '用户订单同步', 'wish_order', 'orderTask.ryWishOrder', '用户订单同步 总共耗时：2609毫秒', '0', '', '2020-07-03 13:00:02');
INSERT INTO `sys_job_log` VALUES (255, '用户订单下载保存', 'wish_order', 'orderTask.ryDownSaveWishOrder', '用户订单下载保存 总共耗时：4717毫秒', '0', '', '2020-07-03 13:10:04');
INSERT INTO `sys_job_log` VALUES (256, '用户订单同步', 'wish_order', 'orderTask.ryWishOrder', '用户订单同步 总共耗时：2250毫秒', '0', '', '2020-07-03 14:00:02');
INSERT INTO `sys_job_log` VALUES (257, '用户订单下载保存', 'wish_order', 'orderTask.ryDownSaveWishOrder', '用户订单下载保存 总共耗时：6123毫秒', '0', '', '2020-07-03 14:10:06');
INSERT INTO `sys_job_log` VALUES (258, '用户订单同步', 'wish_order', 'orderTask.ryWishOrder', '用户订单同步 总共耗时：4031毫秒', '0', '', '2020-07-03 15:00:04');
INSERT INTO `sys_job_log` VALUES (259, '用户订单下载保存', 'wish_order', 'orderTask.ryDownSaveWishOrder', '用户订单下载保存 总共耗时：9015毫秒', '0', '', '2020-07-03 15:10:09');
INSERT INTO `sys_job_log` VALUES (260, '用户订单同步', 'wish_order', 'orderTask.ryWishOrder', '用户订单同步 总共耗时：1488毫秒', '0', '', '2020-07-03 16:00:01');
INSERT INTO `sys_job_log` VALUES (261, '用户订单下载保存', 'wish_order', 'orderTask.ryDownSaveWishOrder', '用户订单下载保存 总共耗时：8730毫秒', '0', '', '2020-07-03 16:10:08');
INSERT INTO `sys_job_log` VALUES (262, '用户订单同步', 'wish_order', 'orderTask.ryWishOrder', '用户订单同步 总共耗时：1305毫秒', '0', '', '2020-07-03 17:00:01');
INSERT INTO `sys_job_log` VALUES (263, '用户订单下载保存', 'wish_order', 'orderTask.ryDownSaveWishOrder', '用户订单下载保存 总共耗时：7142毫秒', '0', '', '2020-07-03 17:10:07');
INSERT INTO `sys_job_log` VALUES (264, '用户订单同步', 'wish_order', 'orderTask.ryWishOrder', '用户订单同步 总共耗时：1718毫秒', '0', '', '2020-07-03 18:00:01');
INSERT INTO `sys_job_log` VALUES (265, '用户订单下载保存', 'wish_order', 'orderTask.ryDownSaveWishOrder', '用户订单下载保存 总共耗时：3431毫秒', '0', '', '2020-07-03 18:10:03');
INSERT INTO `sys_job_log` VALUES (266, '用户订单同步', 'wish_order', 'orderTask.ryWishOrder', '用户订单同步 总共耗时：3519毫秒', '0', '', '2020-07-03 19:00:03');
INSERT INTO `sys_job_log` VALUES (267, '用户订单下载保存', 'wish_order', 'orderTask.ryDownSaveWishOrder', '用户订单下载保存 总共耗时：2370毫秒', '0', '', '2020-07-03 19:10:02');
INSERT INTO `sys_job_log` VALUES (268, '用户订单同步', 'wish_order', 'orderTask.ryWishOrder', '用户订单同步 总共耗时：2179毫秒', '0', '', '2020-07-03 20:00:02');
INSERT INTO `sys_job_log` VALUES (269, '用户订单下载保存', 'wish_order', 'orderTask.ryDownSaveWishOrder', '用户订单下载保存 总共耗时：2674毫秒', '0', '', '2020-07-03 20:10:02');
INSERT INTO `sys_job_log` VALUES (270, '用户订单同步', 'wish_order', 'orderTask.ryWishOrder', '用户订单同步 总共耗时：1651毫秒', '0', '', '2020-07-03 21:00:01');
INSERT INTO `sys_job_log` VALUES (271, '用户订单下载保存', 'wish_order', 'orderTask.ryDownSaveWishOrder', '用户订单下载保存 总共耗时：5028毫秒', '0', '', '2020-07-03 21:10:05');
INSERT INTO `sys_job_log` VALUES (272, '用户订单同步', 'wish_order', 'orderTask.ryWishOrder', '用户订单同步 总共耗时：2467毫秒', '0', '', '2020-07-03 22:00:02');
INSERT INTO `sys_job_log` VALUES (273, '用户订单下载保存', 'wish_order', 'orderTask.ryDownSaveWishOrder', '用户订单下载保存 总共耗时：5898毫秒', '0', '', '2020-07-03 22:10:06');
INSERT INTO `sys_job_log` VALUES (274, '用户订单同步', 'wish_order', 'orderTask.ryWishOrder', '用户订单同步 总共耗时：3169毫秒', '0', '', '2020-07-03 23:00:03');
INSERT INTO `sys_job_log` VALUES (275, '用户订单下载保存', 'wish_order', 'orderTask.ryDownSaveWishOrder', '用户订单下载保存 总共耗时：11212毫秒', '0', '', '2020-07-03 23:10:11');
INSERT INTO `sys_job_log` VALUES (276, '用户订单同步', 'wish_order', 'orderTask.ryWishOrder', '用户订单同步 总共耗时：2687毫秒', '0', '', '2020-07-04 00:00:03');
INSERT INTO `sys_job_log` VALUES (277, '用户订单下载保存', 'wish_order', 'orderTask.ryDownSaveWishOrder', '用户订单下载保存 总共耗时：12059毫秒', '0', '', '2020-07-04 00:10:12');
INSERT INTO `sys_job_log` VALUES (278, '用户订单同步', 'wish_order', 'orderTask.ryWishOrder', '用户订单同步 总共耗时：1106毫秒', '0', '', '2020-07-04 01:00:01');
INSERT INTO `sys_job_log` VALUES (279, '用户订单下载保存', 'wish_order', 'orderTask.ryDownSaveWishOrder', '用户订单下载保存 总共耗时：4429毫秒', '0', '', '2020-07-04 01:10:04');
INSERT INTO `sys_job_log` VALUES (280, '用户订单同步', 'wish_order', 'orderTask.ryWishOrder', '用户订单同步 总共耗时：1160毫秒', '0', '', '2020-07-04 02:00:01');
INSERT INTO `sys_job_log` VALUES (281, '用户订单下载保存', 'wish_order', 'orderTask.ryDownSaveWishOrder', '用户订单下载保存 总共耗时：2423毫秒', '0', '', '2020-07-04 02:10:02');
INSERT INTO `sys_job_log` VALUES (282, '用户订单同步', 'wish_order', 'orderTask.ryWishOrder', '用户订单同步 总共耗时：1084毫秒', '0', '', '2020-07-04 03:00:01');
INSERT INTO `sys_job_log` VALUES (283, '用户订单下载保存', 'wish_order', 'orderTask.ryDownSaveWishOrder', '用户订单下载保存 总共耗时：2019毫秒', '0', '', '2020-07-04 03:10:02');
INSERT INTO `sys_job_log` VALUES (284, '用户订单同步', 'wish_order', 'orderTask.ryWishOrder', '用户订单同步 总共耗时：1212毫秒', '0', '', '2020-07-04 04:00:01');
INSERT INTO `sys_job_log` VALUES (285, '用户订单下载保存', 'wish_order', 'orderTask.ryDownSaveWishOrder', '用户订单下载保存 总共耗时：2059毫秒', '0', '', '2020-07-04 04:10:02');
INSERT INTO `sys_job_log` VALUES (286, '用户订单同步', 'wish_order', 'orderTask.ryWishOrder', '用户订单同步 总共耗时：1036毫秒', '0', '', '2020-07-04 05:00:01');
INSERT INTO `sys_job_log` VALUES (287, '用户订单下载保存', 'wish_order', 'orderTask.ryDownSaveWishOrder', '用户订单下载保存 总共耗时：2165毫秒', '0', '', '2020-07-04 05:10:02');
INSERT INTO `sys_job_log` VALUES (288, '用户订单同步', 'wish_order', 'orderTask.ryWishOrder', '用户订单同步 总共耗时：1106毫秒', '0', '', '2020-07-04 06:00:01');
INSERT INTO `sys_job_log` VALUES (289, '用户订单下载保存', 'wish_order', 'orderTask.ryDownSaveWishOrder', '用户订单下载保存 总共耗时：2358毫秒', '0', '', '2020-07-04 06:10:02');
INSERT INTO `sys_job_log` VALUES (290, '用户订单同步', 'wish_order', 'orderTask.ryWishOrder', '用户订单同步 总共耗时：1150毫秒', '0', '', '2020-07-04 07:00:01');
INSERT INTO `sys_job_log` VALUES (291, '用户订单下载保存', 'wish_order', 'orderTask.ryDownSaveWishOrder', '用户订单下载保存 总共耗时：2055毫秒', '0', '', '2020-07-04 07:10:02');
INSERT INTO `sys_job_log` VALUES (292, '用户订单同步', 'wish_order', 'orderTask.ryWishOrder', '用户订单同步 总共耗时：2170毫秒', '0', '', '2020-07-04 08:00:02');
INSERT INTO `sys_job_log` VALUES (293, '用户订单下载保存', 'wish_order', 'orderTask.ryDownSaveWishOrder', '用户订单下载保存 总共耗时：2373毫秒', '0', '', '2020-07-04 08:10:02');
INSERT INTO `sys_job_log` VALUES (294, '用户订单同步', 'wish_order', 'orderTask.ryWishOrder', '用户订单同步 总共耗时：1221毫秒', '0', '', '2020-07-04 09:00:01');
INSERT INTO `sys_job_log` VALUES (295, '用户订单下载保存', 'wish_order', 'orderTask.ryDownSaveWishOrder', '用户订单下载保存 总共耗时：2667毫秒', '0', '', '2020-07-04 09:10:02');
INSERT INTO `sys_job_log` VALUES (296, '用户订单同步', 'wish_order', 'orderTask.ryWishOrder', '用户订单同步 总共耗时：1330毫秒', '0', '', '2020-07-04 10:00:01');
INSERT INTO `sys_job_log` VALUES (297, '用户订单下载保存', 'wish_order', 'orderTask.ryDownSaveWishOrder', '用户订单下载保存 总共耗时：17187毫秒', '0', '', '2020-07-04 10:10:17');
INSERT INTO `sys_job_log` VALUES (298, '用户订单同步', 'wish_order', 'orderTask.ryWishOrder', '用户订单同步 总共耗时：1413毫秒', '0', '', '2020-07-04 11:00:01');
INSERT INTO `sys_job_log` VALUES (299, '用户订单下载保存', 'wish_order', 'orderTask.ryDownSaveWishOrder', '用户订单下载保存 总共耗时：4215毫秒', '0', '', '2020-07-04 11:10:04');
INSERT INTO `sys_job_log` VALUES (300, '用户订单同步', 'wish_order', 'orderTask.ryWishOrder', '用户订单同步 总共耗时：4026毫秒', '0', '', '2020-07-04 12:00:04');
INSERT INTO `sys_job_log` VALUES (301, '用户订单下载保存', 'wish_order', 'orderTask.ryDownSaveWishOrder', '用户订单下载保存 总共耗时：9587毫秒', '0', '', '2020-07-04 12:10:09');
INSERT INTO `sys_job_log` VALUES (302, '用户订单同步', 'wish_order', 'orderTask.ryWishOrder', '用户订单同步 总共耗时：2658毫秒', '0', '', '2020-07-04 13:00:02');
INSERT INTO `sys_job_log` VALUES (303, '用户订单下载保存', 'wish_order', 'orderTask.ryDownSaveWishOrder', '用户订单下载保存 总共耗时：3670毫秒', '0', '', '2020-07-04 13:10:03');
INSERT INTO `sys_job_log` VALUES (304, '用户订单同步', 'wish_order', 'orderTask.ryWishOrder', '用户订单同步 总共耗时：2554毫秒', '0', '', '2020-07-04 14:00:02');
INSERT INTO `sys_job_log` VALUES (305, '用户订单下载保存', 'wish_order', 'orderTask.ryDownSaveWishOrder', '用户订单下载保存 总共耗时：29672毫秒', '0', '', '2020-07-04 14:10:29');
INSERT INTO `sys_job_log` VALUES (306, '用户订单同步', 'wish_order', 'orderTask.ryWishOrder', '用户订单同步 总共耗时：1419毫秒', '0', '', '2020-07-04 15:00:01');
INSERT INTO `sys_job_log` VALUES (307, '用户订单下载保存', 'wish_order', 'orderTask.ryDownSaveWishOrder', '用户订单下载保存 总共耗时：6363毫秒', '0', '', '2020-07-04 15:10:06');
INSERT INTO `sys_job_log` VALUES (308, '用户订单同步', 'wish_order', 'orderTask.ryWishOrder', '用户订单同步 总共耗时：1802毫秒', '0', '', '2020-07-04 16:00:01');
INSERT INTO `sys_job_log` VALUES (309, '用户订单下载保存', 'wish_order', 'orderTask.ryDownSaveWishOrder', '用户订单下载保存 总共耗时：4507毫秒', '0', '', '2020-07-04 16:10:04');
INSERT INTO `sys_job_log` VALUES (310, '用户订单同步', 'wish_order', 'orderTask.ryWishOrder', '用户订单同步 总共耗时：4523毫秒', '0', '', '2020-07-04 17:00:04');
INSERT INTO `sys_job_log` VALUES (311, '用户订单下载保存', 'wish_order', 'orderTask.ryDownSaveWishOrder', '用户订单下载保存 总共耗时：6576毫秒', '0', '', '2020-07-04 17:10:06');
INSERT INTO `sys_job_log` VALUES (312, '用户订单同步', 'wish_order', 'orderTask.ryWishOrder', '用户订单同步 总共耗时：1868毫秒', '0', '', '2020-07-04 18:00:01');
INSERT INTO `sys_job_log` VALUES (313, '用户订单下载保存', 'wish_order', 'orderTask.ryDownSaveWishOrder', '用户订单下载保存 总共耗时：2190毫秒', '0', '', '2020-07-04 18:10:02');
INSERT INTO `sys_job_log` VALUES (314, '用户订单同步', 'wish_order', 'orderTask.ryWishOrder', '用户订单同步 总共耗时：4215毫秒', '0', '', '2020-07-04 19:00:04');
INSERT INTO `sys_job_log` VALUES (315, '用户订单下载保存', 'wish_order', 'orderTask.ryDownSaveWishOrder', '用户订单下载保存 总共耗时：5309毫秒', '0', '', '2020-07-04 19:10:05');
INSERT INTO `sys_job_log` VALUES (316, '用户订单同步', 'wish_order', 'orderTask.ryWishOrder', '用户订单同步 总共耗时：1174毫秒', '0', '', '2020-07-04 20:00:01');
INSERT INTO `sys_job_log` VALUES (317, '用户订单下载保存', 'wish_order', 'orderTask.ryDownSaveWishOrder', '用户订单下载保存 总共耗时：2592毫秒', '0', '', '2020-07-04 20:10:02');
INSERT INTO `sys_job_log` VALUES (318, '用户订单同步', 'wish_order', 'orderTask.ryWishOrder', '用户订单同步 总共耗时：1176毫秒', '0', '', '2020-07-04 21:00:01');
INSERT INTO `sys_job_log` VALUES (319, '用户订单下载保存', 'wish_order', 'orderTask.ryDownSaveWishOrder', '用户订单下载保存 总共耗时：2814毫秒', '0', '', '2020-07-04 21:10:02');
INSERT INTO `sys_job_log` VALUES (320, '用户订单同步', 'wish_order', 'orderTask.ryWishOrder', '用户订单同步 总共耗时：2176毫秒', '0', '', '2020-07-04 22:00:02');
INSERT INTO `sys_job_log` VALUES (321, '用户订单下载保存', 'wish_order', 'orderTask.ryDownSaveWishOrder', '用户订单下载保存 总共耗时：15501毫秒', '0', '', '2020-07-04 22:10:15');
INSERT INTO `sys_job_log` VALUES (322, '用户订单同步', 'wish_order', 'orderTask.ryWishOrder', '用户订单同步 总共耗时：4967毫秒', '0', '', '2020-07-04 23:00:05');
INSERT INTO `sys_job_log` VALUES (323, '用户订单下载保存', 'wish_order', 'orderTask.ryDownSaveWishOrder', '用户订单下载保存 总共耗时：13064毫秒', '0', '', '2020-07-04 23:10:13');
INSERT INTO `sys_job_log` VALUES (324, '用户订单同步', 'wish_order', 'orderTask.ryWishOrder', '用户订单同步 总共耗时：1374毫秒', '0', '', '2020-07-05 00:00:01');
INSERT INTO `sys_job_log` VALUES (325, '用户订单下载保存', 'wish_order', 'orderTask.ryDownSaveWishOrder', '用户订单下载保存 总共耗时：8029毫秒', '0', '', '2020-07-05 00:10:08');
INSERT INTO `sys_job_log` VALUES (326, '用户订单同步', 'wish_order', 'orderTask.ryWishOrder', '用户订单同步 总共耗时：2074毫秒', '0', '', '2020-07-05 01:00:02');
INSERT INTO `sys_job_log` VALUES (327, '用户订单下载保存', 'wish_order', 'orderTask.ryDownSaveWishOrder', '用户订单下载保存 总共耗时：10930毫秒', '0', '', '2020-07-05 01:10:10');
INSERT INTO `sys_job_log` VALUES (328, '用户订单同步', 'wish_order', 'orderTask.ryWishOrder', '用户订单同步 总共耗时：1251毫秒', '0', '', '2020-07-05 02:00:01');
INSERT INTO `sys_job_log` VALUES (329, '用户订单下载保存', 'wish_order', 'orderTask.ryDownSaveWishOrder', '用户订单下载保存 总共耗时：2434毫秒', '0', '', '2020-07-05 02:10:02');
INSERT INTO `sys_job_log` VALUES (330, '用户订单同步', 'wish_order', 'orderTask.ryWishOrder', '用户订单同步 总共耗时：938毫秒', '0', '', '2020-07-05 03:00:01');
INSERT INTO `sys_job_log` VALUES (331, '用户订单下载保存', 'wish_order', 'orderTask.ryDownSaveWishOrder', '用户订单下载保存 总共耗时：1931毫秒', '0', '', '2020-07-05 03:10:01');
INSERT INTO `sys_job_log` VALUES (332, '用户订单同步', 'wish_order', 'orderTask.ryWishOrder', '用户订单同步 总共耗时：1166毫秒', '0', '', '2020-07-05 04:00:01');
INSERT INTO `sys_job_log` VALUES (333, '用户订单下载保存', 'wish_order', 'orderTask.ryDownSaveWishOrder', '用户订单下载保存 总共耗时：2014毫秒', '0', '', '2020-07-05 04:10:02');
INSERT INTO `sys_job_log` VALUES (334, '用户订单同步', 'wish_order', 'orderTask.ryWishOrder', '用户订单同步 总共耗时：1116毫秒', '0', '', '2020-07-05 05:00:01');
INSERT INTO `sys_job_log` VALUES (335, '用户订单下载保存', 'wish_order', 'orderTask.ryDownSaveWishOrder', '用户订单下载保存 总共耗时：2277毫秒', '0', '', '2020-07-05 05:10:02');
INSERT INTO `sys_job_log` VALUES (336, '用户订单同步', 'wish_order', 'orderTask.ryWishOrder', '用户订单同步 总共耗时：1278毫秒', '0', '', '2020-07-05 06:00:01');
INSERT INTO `sys_job_log` VALUES (337, '用户订单下载保存', 'wish_order', 'orderTask.ryDownSaveWishOrder', '用户订单下载保存 总共耗时：1948毫秒', '0', '', '2020-07-05 06:10:02');
INSERT INTO `sys_job_log` VALUES (338, '用户订单同步', 'wish_order', 'orderTask.ryWishOrder', '用户订单同步 总共耗时：1118毫秒', '0', '', '2020-07-05 07:00:01');
INSERT INTO `sys_job_log` VALUES (339, '用户订单下载保存', 'wish_order', 'orderTask.ryDownSaveWishOrder', '用户订单下载保存 总共耗时：2103毫秒', '0', '', '2020-07-05 07:10:02');
INSERT INTO `sys_job_log` VALUES (340, '用户订单同步', 'wish_order', 'orderTask.ryWishOrder', '用户订单同步 总共耗时：1231毫秒', '0', '', '2020-07-05 08:00:01');
INSERT INTO `sys_job_log` VALUES (341, '用户订单下载保存', 'wish_order', 'orderTask.ryDownSaveWishOrder', '用户订单下载保存 总共耗时：2269毫秒', '0', '', '2020-07-05 08:10:02');
INSERT INTO `sys_job_log` VALUES (342, '用户订单同步', 'wish_order', 'orderTask.ryWishOrder', '用户订单同步 总共耗时：1302毫秒', '0', '', '2020-07-05 09:00:01');
INSERT INTO `sys_job_log` VALUES (343, '用户订单下载保存', 'wish_order', 'orderTask.ryDownSaveWishOrder', '用户订单下载保存 总共耗时：4209毫秒', '0', '', '2020-07-05 09:10:04');
INSERT INTO `sys_job_log` VALUES (344, '用户订单同步', 'wish_order', 'orderTask.ryWishOrder', '用户订单同步 总共耗时：2197毫秒', '0', '', '2020-07-05 10:00:02');
INSERT INTO `sys_job_log` VALUES (345, '用户订单下载保存', 'wish_order', 'orderTask.ryDownSaveWishOrder', '用户订单下载保存 总共耗时：7529毫秒', '0', '', '2020-07-05 10:10:07');
INSERT INTO `sys_job_log` VALUES (346, '用户订单同步', 'wish_order', 'orderTask.ryWishOrder', '用户订单同步 总共耗时：1715毫秒', '0', '', '2020-07-05 11:00:01');
INSERT INTO `sys_job_log` VALUES (347, '用户订单下载保存', 'wish_order', 'orderTask.ryDownSaveWishOrder', '用户订单下载保存 总共耗时：4795毫秒', '0', '', '2020-07-05 11:10:04');
INSERT INTO `sys_job_log` VALUES (348, '用户订单同步', 'wish_order', 'orderTask.ryWishOrder', '用户订单同步 总共耗时：1215毫秒', '0', '', '2020-07-05 12:00:01');
INSERT INTO `sys_job_log` VALUES (349, '用户订单下载保存', 'wish_order', 'orderTask.ryDownSaveWishOrder', '用户订单下载保存 总共耗时：4905毫秒', '0', '', '2020-07-05 12:10:04');
INSERT INTO `sys_job_log` VALUES (350, '用户订单同步', 'wish_order', 'orderTask.ryWishOrder', '用户订单同步 总共耗时：2091毫秒', '0', '', '2020-07-05 13:00:02');
INSERT INTO `sys_job_log` VALUES (351, '用户订单下载保存', 'wish_order', 'orderTask.ryDownSaveWishOrder', '用户订单下载保存 总共耗时：2712毫秒', '0', '', '2020-07-05 13:10:02');
INSERT INTO `sys_job_log` VALUES (352, '用户订单同步', 'wish_order', 'orderTask.ryWishOrder', '用户订单同步 总共耗时：2723毫秒', '0', '', '2020-07-05 14:00:02');
INSERT INTO `sys_job_log` VALUES (353, '用户订单下载保存', 'wish_order', 'orderTask.ryDownSaveWishOrder', '用户订单下载保存 总共耗时：15304毫秒', '0', '', '2020-07-05 14:10:15');
INSERT INTO `sys_job_log` VALUES (354, '用户订单同步', 'wish_order', 'orderTask.ryWishOrder', '用户订单同步 总共耗时：3401毫秒', '0', '', '2020-07-05 15:00:03');
INSERT INTO `sys_job_log` VALUES (355, '用户订单下载保存', 'wish_order', 'orderTask.ryDownSaveWishOrder', '用户订单下载保存 总共耗时：4198毫秒', '0', '', '2020-07-05 15:10:04');
INSERT INTO `sys_job_log` VALUES (356, '用户订单同步', 'wish_order', 'orderTask.ryWishOrder', '用户订单同步 总共耗时：1808毫秒', '0', '', '2020-07-05 16:00:01');
INSERT INTO `sys_job_log` VALUES (357, '用户订单下载保存', 'wish_order', 'orderTask.ryDownSaveWishOrder', '用户订单下载保存 总共耗时：6788毫秒', '0', '', '2020-07-05 16:10:06');
INSERT INTO `sys_job_log` VALUES (358, '用户订单同步', 'wish_order', 'orderTask.ryWishOrder', '用户订单同步 总共耗时：1557毫秒', '0', '', '2020-07-05 17:00:01');
INSERT INTO `sys_job_log` VALUES (359, '用户订单下载保存', 'wish_order', 'orderTask.ryDownSaveWishOrder', '用户订单下载保存 总共耗时：3300毫秒', '0', '', '2020-07-05 17:10:03');
INSERT INTO `sys_job_log` VALUES (360, '用户订单同步', 'wish_order', 'orderTask.ryWishOrder', '用户订单同步 总共耗时：1238毫秒', '0', '', '2020-07-05 18:00:01');
INSERT INTO `sys_job_log` VALUES (361, '用户订单下载保存', 'wish_order', 'orderTask.ryDownSaveWishOrder', '用户订单下载保存 总共耗时：4510毫秒', '0', '', '2020-07-05 18:10:04');
INSERT INTO `sys_job_log` VALUES (362, '用户订单同步', 'wish_order', 'orderTask.ryWishOrder', '用户订单同步 总共耗时：3241毫秒', '0', '', '2020-07-05 19:00:03');
INSERT INTO `sys_job_log` VALUES (363, '用户订单下载保存', 'wish_order', 'orderTask.ryDownSaveWishOrder', '用户订单下载保存 总共耗时：2582毫秒', '0', '', '2020-07-05 19:10:02');
INSERT INTO `sys_job_log` VALUES (364, '用户订单同步', 'wish_order', 'orderTask.ryWishOrder', '用户订单同步 总共耗时：2066毫秒', '0', '', '2020-07-05 20:00:02');
INSERT INTO `sys_job_log` VALUES (365, '用户订单下载保存', 'wish_order', 'orderTask.ryDownSaveWishOrder', '用户订单下载保存 总共耗时：4169毫秒', '0', '', '2020-07-05 20:10:04');
INSERT INTO `sys_job_log` VALUES (366, '用户订单同步', 'wish_order', 'orderTask.ryWishOrder', '用户订单同步 总共耗时：2447毫秒', '0', '', '2020-07-05 21:00:02');
INSERT INTO `sys_job_log` VALUES (367, '用户订单下载保存', 'wish_order', 'orderTask.ryDownSaveWishOrder', '用户订单下载保存 总共耗时：406846毫秒', '0', '', '2020-07-05 21:16:46');
INSERT INTO `sys_job_log` VALUES (368, '用户订单同步', 'wish_order', 'orderTask.ryWishOrder', '用户订单同步 总共耗时：6464毫秒', '0', '', '2020-07-05 22:00:06');
INSERT INTO `sys_job_log` VALUES (369, '用户订单下载保存', 'wish_order', 'orderTask.ryDownSaveWishOrder', '用户订单下载保存 总共耗时：67712毫秒', '0', '', '2020-07-05 22:11:07');
INSERT INTO `sys_job_log` VALUES (370, '用户订单同步', 'wish_order', 'orderTask.ryWishOrder', '用户订单同步 总共耗时：1804毫秒', '0', '', '2020-07-05 23:00:01');
INSERT INTO `sys_job_log` VALUES (371, '用户订单下载保存', 'wish_order', 'orderTask.ryDownSaveWishOrder', '用户订单下载保存 总共耗时：17179毫秒', '0', '', '2020-07-05 23:10:17');
INSERT INTO `sys_job_log` VALUES (372, '用户订单同步', 'wish_order', 'orderTask.ryWishOrder', '用户订单同步 总共耗时：2692毫秒', '0', '', '2020-07-06 00:00:02');
INSERT INTO `sys_job_log` VALUES (373, '用户订单下载保存', 'wish_order', 'orderTask.ryDownSaveWishOrder', '用户订单下载保存 总共耗时：4638毫秒', '0', '', '2020-07-06 00:10:04');
INSERT INTO `sys_job_log` VALUES (374, '用户订单同步', 'wish_order', 'orderTask.ryWishOrder', '用户订单同步 总共耗时：10194毫秒', '0', '', '2020-07-06 01:00:10');
INSERT INTO `sys_job_log` VALUES (375, '用户订单下载保存', 'wish_order', 'orderTask.ryDownSaveWishOrder', '用户订单下载保存 总共耗时：5263毫秒', '0', '', '2020-07-06 01:10:05');
INSERT INTO `sys_job_log` VALUES (376, '用户订单同步', 'wish_order', 'orderTask.ryWishOrder', '用户订单同步 总共耗时：1527毫秒', '0', '', '2020-07-06 02:00:01');
INSERT INTO `sys_job_log` VALUES (377, '用户订单下载保存', 'wish_order', 'orderTask.ryDownSaveWishOrder', '用户订单下载保存 总共耗时：2222毫秒', '0', '', '2020-07-06 02:10:02');
INSERT INTO `sys_job_log` VALUES (378, '用户订单同步', 'wish_order', 'orderTask.ryWishOrder', '用户订单同步 总共耗时：1514毫秒', '0', '', '2020-07-06 03:00:01');
INSERT INTO `sys_job_log` VALUES (379, '用户订单下载保存', 'wish_order', 'orderTask.ryDownSaveWishOrder', '用户订单下载保存 总共耗时：2260毫秒', '0', '', '2020-07-06 03:10:02');
INSERT INTO `sys_job_log` VALUES (380, '用户订单同步', 'wish_order', 'orderTask.ryWishOrder', '用户订单同步 总共耗时：1293毫秒', '0', '', '2020-07-06 04:00:01');
INSERT INTO `sys_job_log` VALUES (381, '用户订单下载保存', 'wish_order', 'orderTask.ryDownSaveWishOrder', '用户订单下载保存 总共耗时：2177毫秒', '0', '', '2020-07-06 04:10:02');
INSERT INTO `sys_job_log` VALUES (382, '用户订单同步', 'wish_order', 'orderTask.ryWishOrder', '用户订单同步 总共耗时：1123毫秒', '0', '', '2020-07-06 05:00:01');
INSERT INTO `sys_job_log` VALUES (383, '用户订单下载保存', 'wish_order', 'orderTask.ryDownSaveWishOrder', '用户订单下载保存 总共耗时：2221毫秒', '0', '', '2020-07-06 05:10:02');
INSERT INTO `sys_job_log` VALUES (384, '用户订单同步', 'wish_order', 'orderTask.ryWishOrder', '用户订单同步 总共耗时：1026毫秒', '0', '', '2020-07-06 06:00:01');
INSERT INTO `sys_job_log` VALUES (385, '用户订单下载保存', 'wish_order', 'orderTask.ryDownSaveWishOrder', '用户订单下载保存 总共耗时：2197毫秒', '0', '', '2020-07-06 06:10:02');
INSERT INTO `sys_job_log` VALUES (386, '用户订单同步', 'wish_order', 'orderTask.ryWishOrder', '用户订单同步 总共耗时：1227毫秒', '0', '', '2020-07-06 07:00:01');
INSERT INTO `sys_job_log` VALUES (387, '用户订单下载保存', 'wish_order', 'orderTask.ryDownSaveWishOrder', '用户订单下载保存 总共耗时：2303毫秒', '0', '', '2020-07-06 07:10:02');
INSERT INTO `sys_job_log` VALUES (388, '用户订单同步', 'wish_order', 'orderTask.ryWishOrder', '用户订单同步 总共耗时：1157毫秒', '0', '', '2020-07-06 08:00:01');
INSERT INTO `sys_job_log` VALUES (389, '用户订单同步', 'wish_order', 'orderTask.ryWishOrder', '用户订单同步 总共耗时：2116毫秒', '0', '', '2020-07-06 09:00:02');
INSERT INTO `sys_job_log` VALUES (390, '用户订单下载保存', 'wish_order', 'orderTask.ryDownSaveWishOrder', '用户订单下载保存 总共耗时：3340毫秒', '0', '', '2020-07-06 09:10:03');
INSERT INTO `sys_job_log` VALUES (391, '用户订单同步', 'wish_order', 'orderTask.ryWishOrder', '用户订单同步 总共耗时：3527毫秒', '0', '', '2020-07-06 10:00:03');
INSERT INTO `sys_job_log` VALUES (392, '用户订单下载保存', 'wish_order', 'orderTask.ryDownSaveWishOrder', '用户订单下载保存 总共耗时：15230毫秒', '0', '', '2020-07-06 10:10:15');
INSERT INTO `sys_job_log` VALUES (393, '用户订单同步', 'wish_order', 'orderTask.ryWishOrder', '用户订单同步 总共耗时：953毫秒', '1', 'java.lang.reflect.InvocationTargetException\r\n	at sun.reflect.NativeMethodAccessorImpl.invoke0(Native Method)\r\n	at sun.reflect.NativeMethodAccessorImpl.invoke(NativeMethodAccessorImpl.java:62)\r\n	at sun.reflect.DelegatingMethodAccessorImpl.invoke(DelegatingMethodAccessorImpl.java:43)\r\n	at java.lang.reflect.Method.invoke(Method.java:498)\r\n	at com.ruoyi.common.utils.job.JobInvokeUtil.invokeMethod(JobInvokeUtil.java:61)\r\n	at com.ruoyi.common.utils.job.JobInvokeUtil.invokeMethod(JobInvokeUtil.java:33)\r\n	at com.ruoyi.common.utils.job.QuartzDisallowConcurrentExecution.doExecute(QuartzDisallowConcurrentExecution.java:19)\r\n	at com.ruoyi.common.utils.job.AbstractQuartzJob.execute(AbstractQuartzJob.java:43)\r\n	at org.quartz.core.JobRunShell.run(JobRunShell.java:202)\r\n	at org.quartz.simpl.SimpleThreadPool$WorkerThread.run(SimpleThreadPool.java:573)\r\nCaused by: org.springframework.jdbc.BadSqlGrammarException: \r\n### Error querying database.  Cause: java.sql.SQLSyntaxErrorException: Unknown column \'s.modify_date\' in \'field list\'\r\n### The error may exist in file [D:\\cpan\\密\\电商erp\\RuoYi-Vue\\ruoyi\\target\\classes\\mybatis\\shop\\ShopMapper.xml]\r\n### The error may involve com.ruoyi.erp.shop.mapper.ShopMapper.selectShopList-Inline\r\n### The error occurred while setting parameters\r\n### SQL: select s.id, s.admin_id, s.shop_type_id, s.shop_name, s.shop_data, s.create_date, s.modify_date, s.auth_date,         t.name,t.short_name         from erp_shop s             left join erp_shop_type t on s.shop_type_id = t.id\r\n### Cause: java.sql.SQLSyntaxErrorException: Unknown column \'s.modify_date\' in \'field list\'\n; bad SQL grammar []; nested exception is java.sql.SQLSyntaxErrorException: Unknown column \'s.modify_date\' in \'field list\'\r\n	at org.springframework.jdbc.support.SQLErrorCodeSQLExceptionTranslator.doTranslate(SQLErrorCodeSQLExceptionTranslator.java:234)\r\n	at org.springframework.jdbc.support.AbstractFallbackSQLExceptionTranslator.translate(AbstractFallbackSQLExceptionTranslator.java:72)\r\n	at org.my', '2020-07-06 11:00:01');
INSERT INTO `sys_job_log` VALUES (394, '用户订单下载保存', 'wish_order', 'orderTask.ryDownSaveWishOrder', '用户订单下载保存 总共耗时：154636毫秒', '0', '', '2020-07-06 11:12:34');
INSERT INTO `sys_job_log` VALUES (395, '用户订单同步', 'wish_order', 'orderTask.ryWishOrder', '用户订单同步 总共耗时：38毫秒', '1', 'java.lang.reflect.InvocationTargetException\r\n	at sun.reflect.NativeMethodAccessorImpl.invoke0(Native Method)\r\n	at sun.reflect.NativeMethodAccessorImpl.invoke(NativeMethodAccessorImpl.java:62)\r\n	at sun.reflect.DelegatingMethodAccessorImpl.invoke(DelegatingMethodAccessorImpl.java:43)\r\n	at java.lang.reflect.Method.invoke(Method.java:498)\r\n	at com.ruoyi.common.utils.job.JobInvokeUtil.invokeMethod(JobInvokeUtil.java:61)\r\n	at com.ruoyi.common.utils.job.JobInvokeUtil.invokeMethod(JobInvokeUtil.java:33)\r\n	at com.ruoyi.common.utils.job.QuartzDisallowConcurrentExecution.doExecute(QuartzDisallowConcurrentExecution.java:19)\r\n	at com.ruoyi.common.utils.job.AbstractQuartzJob.execute(AbstractQuartzJob.java:43)\r\n	at org.quartz.core.JobRunShell.run(JobRunShell.java:202)\r\n	at org.quartz.simpl.SimpleThreadPool$WorkerThread.run(SimpleThreadPool.java:573)\r\nCaused by: org.springframework.jdbc.BadSqlGrammarException: \r\n### Error querying database.  Cause: java.sql.SQLSyntaxErrorException: Unknown column \'s.modify_date\' in \'field list\'\r\n### The error may exist in file [D:\\cpan\\密\\电商erp\\RuoYi-Vue\\ruoyi\\target\\classes\\mybatis\\shop\\ShopMapper.xml]\r\n### The error may involve com.ruoyi.erp.shop.mapper.ShopMapper.selectShopList-Inline\r\n### The error occurred while setting parameters\r\n### SQL: select s.id, s.admin_id, s.shop_type_id, s.shop_name, s.shop_data, s.create_date, s.modify_date, s.auth_date,         t.name,t.short_name         from erp_shop s             left join erp_shop_type t on s.shop_type_id = t.id\r\n### Cause: java.sql.SQLSyntaxErrorException: Unknown column \'s.modify_date\' in \'field list\'\n; bad SQL grammar []; nested exception is java.sql.SQLSyntaxErrorException: Unknown column \'s.modify_date\' in \'field list\'\r\n	at org.springframework.jdbc.support.SQLErrorCodeSQLExceptionTranslator.doTranslate(SQLErrorCodeSQLExceptionTranslator.java:234)\r\n	at org.springframework.jdbc.support.AbstractFallbackSQLExceptionTranslator.translate(AbstractFallbackSQLExceptionTranslator.java:72)\r\n	at org.my', '2020-07-06 12:00:00');
INSERT INTO `sys_job_log` VALUES (396, '用户订单下载保存', 'wish_order', 'orderTask.ryDownSaveWishOrder', '用户订单下载保存 总共耗时：4514毫秒', '0', '', '2020-07-06 12:10:04');
INSERT INTO `sys_job_log` VALUES (397, '用户订单同步', 'wish_order', 'orderTask.ryWishOrder', '用户订单同步 总共耗时：31毫秒', '1', 'java.lang.reflect.InvocationTargetException\r\n	at sun.reflect.NativeMethodAccessorImpl.invoke0(Native Method)\r\n	at sun.reflect.NativeMethodAccessorImpl.invoke(NativeMethodAccessorImpl.java:62)\r\n	at sun.reflect.DelegatingMethodAccessorImpl.invoke(DelegatingMethodAccessorImpl.java:43)\r\n	at java.lang.reflect.Method.invoke(Method.java:498)\r\n	at com.ruoyi.common.utils.job.JobInvokeUtil.invokeMethod(JobInvokeUtil.java:61)\r\n	at com.ruoyi.common.utils.job.JobInvokeUtil.invokeMethod(JobInvokeUtil.java:33)\r\n	at com.ruoyi.common.utils.job.QuartzDisallowConcurrentExecution.doExecute(QuartzDisallowConcurrentExecution.java:19)\r\n	at com.ruoyi.common.utils.job.AbstractQuartzJob.execute(AbstractQuartzJob.java:43)\r\n	at org.quartz.core.JobRunShell.run(JobRunShell.java:202)\r\n	at org.quartz.simpl.SimpleThreadPool$WorkerThread.run(SimpleThreadPool.java:573)\r\nCaused by: org.springframework.jdbc.BadSqlGrammarException: \r\n### Error querying database.  Cause: java.sql.SQLSyntaxErrorException: Unknown column \'s.modify_date\' in \'field list\'\r\n### The error may exist in file [D:\\cpan\\密\\电商erp\\RuoYi-Vue\\ruoyi\\target\\classes\\mybatis\\shop\\ShopMapper.xml]\r\n### The error may involve com.ruoyi.erp.shop.mapper.ShopMapper.selectShopList-Inline\r\n### The error occurred while setting parameters\r\n### SQL: select s.id, s.admin_id, s.shop_type_id, s.shop_name, s.shop_data, s.create_date, s.modify_date, s.auth_date,         t.name,t.short_name         from erp_shop s             left join erp_shop_type t on s.shop_type_id = t.id\r\n### Cause: java.sql.SQLSyntaxErrorException: Unknown column \'s.modify_date\' in \'field list\'\n; bad SQL grammar []; nested exception is java.sql.SQLSyntaxErrorException: Unknown column \'s.modify_date\' in \'field list\'\r\n	at org.springframework.jdbc.support.SQLErrorCodeSQLExceptionTranslator.doTranslate(SQLErrorCodeSQLExceptionTranslator.java:234)\r\n	at org.springframework.jdbc.support.AbstractFallbackSQLExceptionTranslator.translate(AbstractFallbackSQLExceptionTranslator.java:72)\r\n	at org.my', '2020-07-06 13:00:00');
INSERT INTO `sys_job_log` VALUES (398, '用户订单下载保存', 'wish_order', 'orderTask.ryDownSaveWishOrder', '用户订单下载保存 总共耗时：15742毫秒', '0', '', '2020-07-06 13:10:16');
INSERT INTO `sys_job_log` VALUES (399, '用户订单同步', 'wish_order', 'orderTask.ryWishOrder', '用户订单同步 总共耗时：179毫秒', '1', 'java.lang.reflect.InvocationTargetException\r\n	at sun.reflect.NativeMethodAccessorImpl.invoke0(Native Method)\r\n	at sun.reflect.NativeMethodAccessorImpl.invoke(NativeMethodAccessorImpl.java:62)\r\n	at sun.reflect.DelegatingMethodAccessorImpl.invoke(DelegatingMethodAccessorImpl.java:43)\r\n	at java.lang.reflect.Method.invoke(Method.java:498)\r\n	at com.ruoyi.common.utils.job.JobInvokeUtil.invokeMethod(JobInvokeUtil.java:61)\r\n	at com.ruoyi.common.utils.job.JobInvokeUtil.invokeMethod(JobInvokeUtil.java:33)\r\n	at com.ruoyi.common.utils.job.QuartzDisallowConcurrentExecution.doExecute(QuartzDisallowConcurrentExecution.java:19)\r\n	at com.ruoyi.common.utils.job.AbstractQuartzJob.execute(AbstractQuartzJob.java:43)\r\n	at org.quartz.core.JobRunShell.run(JobRunShell.java:202)\r\n	at org.quartz.simpl.SimpleThreadPool$WorkerThread.run(SimpleThreadPool.java:573)\r\nCaused by: org.springframework.jdbc.BadSqlGrammarException: \r\n### Error querying database.  Cause: java.sql.SQLSyntaxErrorException: Unknown column \'s.modify_date\' in \'field list\'\r\n### The error may exist in file [D:\\cpan\\密\\电商erp\\RuoYi-Vue\\ruoyi\\target\\classes\\mybatis\\shop\\ShopMapper.xml]\r\n### The error may involve com.ruoyi.erp.shop.mapper.ShopMapper.selectShopList-Inline\r\n### The error occurred while setting parameters\r\n### SQL: select s.id, s.admin_id, s.shop_type_id, s.shop_name, s.shop_data, s.create_date, s.modify_date, s.auth_date,         t.name,t.short_name         from erp_shop s             left join erp_shop_type t on s.shop_type_id = t.id\r\n### Cause: java.sql.SQLSyntaxErrorException: Unknown column \'s.modify_date\' in \'field list\'\n; bad SQL grammar []; nested exception is java.sql.SQLSyntaxErrorException: Unknown column \'s.modify_date\' in \'field list\'\r\n	at org.springframework.jdbc.support.SQLErrorCodeSQLExceptionTranslator.doTranslate(SQLErrorCodeSQLExceptionTranslator.java:234)\r\n	at org.springframework.jdbc.support.AbstractFallbackSQLExceptionTranslator.translate(AbstractFallbackSQLExceptionTranslator.java:72)\r\n	at org.my', '2020-07-06 14:00:00');
INSERT INTO `sys_job_log` VALUES (400, '用户订单下载保存', 'wish_order', 'orderTask.ryDownSaveWishOrder', '用户订单下载保存 总共耗时：9894毫秒', '0', '', '2020-07-06 14:10:10');
INSERT INTO `sys_job_log` VALUES (401, '用户订单同步', 'wish_order', 'orderTask.ryWishOrder', '用户订单同步 总共耗时：72毫秒', '1', 'java.lang.reflect.InvocationTargetException\r\n	at sun.reflect.NativeMethodAccessorImpl.invoke0(Native Method)\r\n	at sun.reflect.NativeMethodAccessorImpl.invoke(NativeMethodAccessorImpl.java:62)\r\n	at sun.reflect.DelegatingMethodAccessorImpl.invoke(DelegatingMethodAccessorImpl.java:43)\r\n	at java.lang.reflect.Method.invoke(Method.java:498)\r\n	at com.ruoyi.common.utils.job.JobInvokeUtil.invokeMethod(JobInvokeUtil.java:61)\r\n	at com.ruoyi.common.utils.job.JobInvokeUtil.invokeMethod(JobInvokeUtil.java:33)\r\n	at com.ruoyi.common.utils.job.QuartzDisallowConcurrentExecution.doExecute(QuartzDisallowConcurrentExecution.java:19)\r\n	at com.ruoyi.common.utils.job.AbstractQuartzJob.execute(AbstractQuartzJob.java:43)\r\n	at org.quartz.core.JobRunShell.run(JobRunShell.java:202)\r\n	at org.quartz.simpl.SimpleThreadPool$WorkerThread.run(SimpleThreadPool.java:573)\r\nCaused by: org.springframework.jdbc.BadSqlGrammarException: \r\n### Error querying database.  Cause: java.sql.SQLSyntaxErrorException: Unknown column \'s.modify_date\' in \'field list\'\r\n### The error may exist in file [D:\\cpan\\密\\电商erp\\RuoYi-Vue\\ruoyi\\target\\classes\\mybatis\\shop\\ShopMapper.xml]\r\n### The error may involve com.ruoyi.erp.shop.mapper.ShopMapper.selectShopList-Inline\r\n### The error occurred while setting parameters\r\n### SQL: select s.id, s.admin_id, s.shop_type_id, s.shop_name, s.shop_data, s.create_date, s.modify_date, s.auth_date,         t.name,t.short_name         from erp_shop s             left join erp_shop_type t on s.shop_type_id = t.id\r\n### Cause: java.sql.SQLSyntaxErrorException: Unknown column \'s.modify_date\' in \'field list\'\n; bad SQL grammar []; nested exception is java.sql.SQLSyntaxErrorException: Unknown column \'s.modify_date\' in \'field list\'\r\n	at org.springframework.jdbc.support.SQLErrorCodeSQLExceptionTranslator.doTranslate(SQLErrorCodeSQLExceptionTranslator.java:234)\r\n	at org.springframework.jdbc.support.AbstractFallbackSQLExceptionTranslator.translate(AbstractFallbackSQLExceptionTranslator.java:72)\r\n	at org.my', '2020-07-06 15:00:00');
INSERT INTO `sys_job_log` VALUES (402, '用户订单下载保存', 'wish_order', 'orderTask.ryDownSaveWishOrder', '用户订单下载保存 总共耗时：7595毫秒', '0', '', '2020-07-06 15:10:07');
INSERT INTO `sys_job_log` VALUES (403, '用户订单同步', 'wish_order', 'orderTask.ryWishOrder', '用户订单同步 总共耗时：952毫秒', '1', 'java.lang.reflect.InvocationTargetException\r\n	at sun.reflect.NativeMethodAccessorImpl.invoke0(Native Method)\r\n	at sun.reflect.NativeMethodAccessorImpl.invoke(NativeMethodAccessorImpl.java:62)\r\n	at sun.reflect.DelegatingMethodAccessorImpl.invoke(DelegatingMethodAccessorImpl.java:43)\r\n	at java.lang.reflect.Method.invoke(Method.java:498)\r\n	at com.ruoyi.common.utils.job.JobInvokeUtil.invokeMethod(JobInvokeUtil.java:61)\r\n	at com.ruoyi.common.utils.job.JobInvokeUtil.invokeMethod(JobInvokeUtil.java:33)\r\n	at com.ruoyi.common.utils.job.QuartzDisallowConcurrentExecution.doExecute(QuartzDisallowConcurrentExecution.java:19)\r\n	at com.ruoyi.common.utils.job.AbstractQuartzJob.execute(AbstractQuartzJob.java:43)\r\n	at org.quartz.core.JobRunShell.run(JobRunShell.java:202)\r\n	at org.quartz.simpl.SimpleThreadPool$WorkerThread.run(SimpleThreadPool.java:573)\r\nCaused by: org.springframework.jdbc.BadSqlGrammarException: \r\n### Error querying database.  Cause: java.sql.SQLSyntaxErrorException: Unknown column \'s.modify_date\' in \'field list\'\r\n### The error may exist in file [D:\\cpan\\密\\电商erp\\RuoYi-Vue\\ruoyi\\target\\classes\\mybatis\\shop\\ShopMapper.xml]\r\n### The error may involve com.ruoyi.erp.shop.mapper.ShopMapper.selectShopList-Inline\r\n### The error occurred while setting parameters\r\n### SQL: select s.id, s.admin_id, s.shop_type_id, s.shop_name, s.shop_data, s.create_date, s.modify_date, s.auth_date,         t.name,t.short_name         from erp_shop s             left join erp_shop_type t on s.shop_type_id = t.id\r\n### Cause: java.sql.SQLSyntaxErrorException: Unknown column \'s.modify_date\' in \'field list\'\n; bad SQL grammar []; nested exception is java.sql.SQLSyntaxErrorException: Unknown column \'s.modify_date\' in \'field list\'\r\n	at org.springframework.jdbc.support.SQLErrorCodeSQLExceptionTranslator.doTranslate(SQLErrorCodeSQLExceptionTranslator.java:234)\r\n	at org.springframework.jdbc.support.AbstractFallbackSQLExceptionTranslator.translate(AbstractFallbackSQLExceptionTranslator.java:72)\r\n	at org.my', '2020-07-06 16:00:01');
INSERT INTO `sys_job_log` VALUES (404, '用户订单下载保存', 'wish_order', 'orderTask.ryDownSaveWishOrder', '用户订单下载保存 总共耗时：7962毫秒', '0', '', '2020-07-06 16:10:08');
INSERT INTO `sys_job_log` VALUES (405, '用户订单同步', 'wish_order', 'orderTask.ryWishOrder', '用户订单同步 总共耗时：65毫秒', '1', 'java.lang.reflect.InvocationTargetException\r\n	at sun.reflect.NativeMethodAccessorImpl.invoke0(Native Method)\r\n	at sun.reflect.NativeMethodAccessorImpl.invoke(NativeMethodAccessorImpl.java:62)\r\n	at sun.reflect.DelegatingMethodAccessorImpl.invoke(DelegatingMethodAccessorImpl.java:43)\r\n	at java.lang.reflect.Method.invoke(Method.java:498)\r\n	at com.ruoyi.common.utils.job.JobInvokeUtil.invokeMethod(JobInvokeUtil.java:61)\r\n	at com.ruoyi.common.utils.job.JobInvokeUtil.invokeMethod(JobInvokeUtil.java:33)\r\n	at com.ruoyi.common.utils.job.QuartzDisallowConcurrentExecution.doExecute(QuartzDisallowConcurrentExecution.java:19)\r\n	at com.ruoyi.common.utils.job.AbstractQuartzJob.execute(AbstractQuartzJob.java:43)\r\n	at org.quartz.core.JobRunShell.run(JobRunShell.java:202)\r\n	at org.quartz.simpl.SimpleThreadPool$WorkerThread.run(SimpleThreadPool.java:573)\r\nCaused by: org.springframework.jdbc.BadSqlGrammarException: \r\n### Error querying database.  Cause: java.sql.SQLSyntaxErrorException: Unknown column \'s.modify_date\' in \'field list\'\r\n### The error may exist in file [D:\\cpan\\密\\电商erp\\RuoYi-Vue\\ruoyi\\target\\classes\\mybatis\\shop\\ShopMapper.xml]\r\n### The error may involve com.ruoyi.erp.shop.mapper.ShopMapper.selectShopList-Inline\r\n### The error occurred while setting parameters\r\n### SQL: select s.id, s.admin_id, s.shop_type_id, s.shop_name, s.shop_data, s.create_date, s.modify_date, s.auth_date,         t.name,t.short_name         from erp_shop s             left join erp_shop_type t on s.shop_type_id = t.id\r\n### Cause: java.sql.SQLSyntaxErrorException: Unknown column \'s.modify_date\' in \'field list\'\n; bad SQL grammar []; nested exception is java.sql.SQLSyntaxErrorException: Unknown column \'s.modify_date\' in \'field list\'\r\n	at org.springframework.jdbc.support.SQLErrorCodeSQLExceptionTranslator.doTranslate(SQLErrorCodeSQLExceptionTranslator.java:234)\r\n	at org.springframework.jdbc.support.AbstractFallbackSQLExceptionTranslator.translate(AbstractFallbackSQLExceptionTranslator.java:72)\r\n	at org.my', '2020-07-06 17:00:00');
INSERT INTO `sys_job_log` VALUES (406, '用户订单下载保存', 'wish_order', 'orderTask.ryDownSaveWishOrder', '用户订单下载保存 总共耗时：5360毫秒', '0', '', '2020-07-06 17:10:05');
INSERT INTO `sys_job_log` VALUES (407, '用户订单同步', 'wish_order', 'orderTask.ryWishOrder', '用户订单同步 总共耗时：437毫秒', '1', 'java.lang.reflect.InvocationTargetException\r\n	at sun.reflect.NativeMethodAccessorImpl.invoke0(Native Method)\r\n	at sun.reflect.NativeMethodAccessorImpl.invoke(NativeMethodAccessorImpl.java:62)\r\n	at sun.reflect.DelegatingMethodAccessorImpl.invoke(DelegatingMethodAccessorImpl.java:43)\r\n	at java.lang.reflect.Method.invoke(Method.java:498)\r\n	at com.ruoyi.common.utils.job.JobInvokeUtil.invokeMethod(JobInvokeUtil.java:61)\r\n	at com.ruoyi.common.utils.job.JobInvokeUtil.invokeMethod(JobInvokeUtil.java:33)\r\n	at com.ruoyi.common.utils.job.QuartzDisallowConcurrentExecution.doExecute(QuartzDisallowConcurrentExecution.java:19)\r\n	at com.ruoyi.common.utils.job.AbstractQuartzJob.execute(AbstractQuartzJob.java:43)\r\n	at org.quartz.core.JobRunShell.run(JobRunShell.java:202)\r\n	at org.quartz.simpl.SimpleThreadPool$WorkerThread.run(SimpleThreadPool.java:573)\r\nCaused by: org.springframework.jdbc.BadSqlGrammarException: \r\n### Error querying database.  Cause: java.sql.SQLSyntaxErrorException: Unknown column \'s.modify_date\' in \'field list\'\r\n### The error may exist in file [D:\\cpan\\密\\电商erp\\RuoYi-Vue\\ruoyi\\target\\classes\\mybatis\\shop\\ShopMapper.xml]\r\n### The error may involve com.ruoyi.erp.shop.mapper.ShopMapper.selectShopList-Inline\r\n### The error occurred while setting parameters\r\n### SQL: select s.id, s.admin_id, s.shop_type_id, s.shop_name, s.shop_data, s.create_date, s.modify_date, s.auth_date,         t.name,t.short_name         from erp_shop s             left join erp_shop_type t on s.shop_type_id = t.id\r\n### Cause: java.sql.SQLSyntaxErrorException: Unknown column \'s.modify_date\' in \'field list\'\n; bad SQL grammar []; nested exception is java.sql.SQLSyntaxErrorException: Unknown column \'s.modify_date\' in \'field list\'\r\n	at org.springframework.jdbc.support.SQLErrorCodeSQLExceptionTranslator.doTranslate(SQLErrorCodeSQLExceptionTranslator.java:234)\r\n	at org.springframework.jdbc.support.AbstractFallbackSQLExceptionTranslator.translate(AbstractFallbackSQLExceptionTranslator.java:72)\r\n	at org.my', '2020-07-08 16:00:00');
INSERT INTO `sys_job_log` VALUES (408, '用户订单下载保存', 'wish_order', 'orderTask.ryDownSaveWishOrder', '用户订单下载保存 总共耗时：6698毫秒', '0', '', '2020-07-08 16:10:06');
INSERT INTO `sys_job_log` VALUES (409, '用户订单同步', 'wish_order', 'orderTask.ryWishOrder', '用户订单同步 总共耗时：22毫秒', '1', 'java.lang.reflect.InvocationTargetException\r\n	at sun.reflect.NativeMethodAccessorImpl.invoke0(Native Method)\r\n	at sun.reflect.NativeMethodAccessorImpl.invoke(NativeMethodAccessorImpl.java:62)\r\n	at sun.reflect.DelegatingMethodAccessorImpl.invoke(DelegatingMethodAccessorImpl.java:43)\r\n	at java.lang.reflect.Method.invoke(Method.java:498)\r\n	at com.ruoyi.common.utils.job.JobInvokeUtil.invokeMethod(JobInvokeUtil.java:61)\r\n	at com.ruoyi.common.utils.job.JobInvokeUtil.invokeMethod(JobInvokeUtil.java:33)\r\n	at com.ruoyi.common.utils.job.QuartzDisallowConcurrentExecution.doExecute(QuartzDisallowConcurrentExecution.java:19)\r\n	at com.ruoyi.common.utils.job.AbstractQuartzJob.execute(AbstractQuartzJob.java:43)\r\n	at org.quartz.core.JobRunShell.run(JobRunShell.java:202)\r\n	at org.quartz.simpl.SimpleThreadPool$WorkerThread.run(SimpleThreadPool.java:573)\r\nCaused by: org.springframework.jdbc.BadSqlGrammarException: \r\n### Error querying database.  Cause: java.sql.SQLSyntaxErrorException: Unknown column \'s.modify_date\' in \'field list\'\r\n### The error may exist in file [D:\\cpan\\密\\电商erp\\RuoYi-Vue\\ruoyi\\target\\classes\\mybatis\\shop\\ShopMapper.xml]\r\n### The error may involve com.ruoyi.erp.shop.mapper.ShopMapper.selectShopList-Inline\r\n### The error occurred while setting parameters\r\n### SQL: select s.id, s.admin_id, s.shop_type_id, s.shop_name, s.shop_data, s.create_date, s.modify_date, s.auth_date,         t.name,t.short_name         from erp_shop s             left join erp_shop_type t on s.shop_type_id = t.id\r\n### Cause: java.sql.SQLSyntaxErrorException: Unknown column \'s.modify_date\' in \'field list\'\n; bad SQL grammar []; nested exception is java.sql.SQLSyntaxErrorException: Unknown column \'s.modify_date\' in \'field list\'\r\n	at org.springframework.jdbc.support.SQLErrorCodeSQLExceptionTranslator.doTranslate(SQLErrorCodeSQLExceptionTranslator.java:234)\r\n	at org.springframework.jdbc.support.AbstractFallbackSQLExceptionTranslator.translate(AbstractFallbackSQLExceptionTranslator.java:72)\r\n	at org.my', '2020-07-08 17:00:00');
INSERT INTO `sys_job_log` VALUES (410, '用户订单下载保存', 'wish_order', 'orderTask.ryDownSaveWishOrder', '用户订单下载保存 总共耗时：7309毫秒', '0', '', '2020-07-08 17:10:07');
INSERT INTO `sys_job_log` VALUES (411, '用户订单同步', 'wish_order', 'orderTask.ryWishOrder', '用户订单同步 总共耗时：21毫秒', '1', 'java.lang.reflect.InvocationTargetException\r\n	at sun.reflect.NativeMethodAccessorImpl.invoke0(Native Method)\r\n	at sun.reflect.NativeMethodAccessorImpl.invoke(NativeMethodAccessorImpl.java:62)\r\n	at sun.reflect.DelegatingMethodAccessorImpl.invoke(DelegatingMethodAccessorImpl.java:43)\r\n	at java.lang.reflect.Method.invoke(Method.java:498)\r\n	at com.ruoyi.common.utils.job.JobInvokeUtil.invokeMethod(JobInvokeUtil.java:61)\r\n	at com.ruoyi.common.utils.job.JobInvokeUtil.invokeMethod(JobInvokeUtil.java:33)\r\n	at com.ruoyi.common.utils.job.QuartzDisallowConcurrentExecution.doExecute(QuartzDisallowConcurrentExecution.java:19)\r\n	at com.ruoyi.common.utils.job.AbstractQuartzJob.execute(AbstractQuartzJob.java:43)\r\n	at org.quartz.core.JobRunShell.run(JobRunShell.java:202)\r\n	at org.quartz.simpl.SimpleThreadPool$WorkerThread.run(SimpleThreadPool.java:573)\r\nCaused by: org.springframework.jdbc.BadSqlGrammarException: \r\n### Error querying database.  Cause: java.sql.SQLSyntaxErrorException: Unknown column \'s.modify_date\' in \'field list\'\r\n### The error may exist in file [D:\\cpan\\密\\电商erp\\RuoYi-Vue\\ruoyi\\target\\classes\\mybatis\\shop\\ShopMapper.xml]\r\n### The error may involve com.ruoyi.erp.shop.mapper.ShopMapper.selectShopList-Inline\r\n### The error occurred while setting parameters\r\n### SQL: select s.id, s.admin_id, s.shop_type_id, s.shop_name, s.shop_data, s.create_date, s.modify_date, s.auth_date,         t.name,t.short_name         from erp_shop s             left join erp_shop_type t on s.shop_type_id = t.id\r\n### Cause: java.sql.SQLSyntaxErrorException: Unknown column \'s.modify_date\' in \'field list\'\n; bad SQL grammar []; nested exception is java.sql.SQLSyntaxErrorException: Unknown column \'s.modify_date\' in \'field list\'\r\n	at org.springframework.jdbc.support.SQLErrorCodeSQLExceptionTranslator.doTranslate(SQLErrorCodeSQLExceptionTranslator.java:234)\r\n	at org.springframework.jdbc.support.AbstractFallbackSQLExceptionTranslator.translate(AbstractFallbackSQLExceptionTranslator.java:72)\r\n	at org.my', '2020-07-08 18:00:00');
INSERT INTO `sys_job_log` VALUES (412, '用户订单下载保存', 'wish_order', 'orderTask.ryDownSaveWishOrder', '用户订单下载保存 总共耗时：3652毫秒', '0', '', '2020-07-08 18:10:03');
INSERT INTO `sys_job_log` VALUES (413, '用户订单同步', 'wish_order', 'orderTask.ryWishOrder', '用户订单同步 总共耗时：15毫秒', '1', 'java.lang.reflect.InvocationTargetException\r\n	at sun.reflect.NativeMethodAccessorImpl.invoke0(Native Method)\r\n	at sun.reflect.NativeMethodAccessorImpl.invoke(NativeMethodAccessorImpl.java:62)\r\n	at sun.reflect.DelegatingMethodAccessorImpl.invoke(DelegatingMethodAccessorImpl.java:43)\r\n	at java.lang.reflect.Method.invoke(Method.java:498)\r\n	at com.ruoyi.common.utils.job.JobInvokeUtil.invokeMethod(JobInvokeUtil.java:61)\r\n	at com.ruoyi.common.utils.job.JobInvokeUtil.invokeMethod(JobInvokeUtil.java:33)\r\n	at com.ruoyi.common.utils.job.QuartzDisallowConcurrentExecution.doExecute(QuartzDisallowConcurrentExecution.java:19)\r\n	at com.ruoyi.common.utils.job.AbstractQuartzJob.execute(AbstractQuartzJob.java:43)\r\n	at org.quartz.core.JobRunShell.run(JobRunShell.java:202)\r\n	at org.quartz.simpl.SimpleThreadPool$WorkerThread.run(SimpleThreadPool.java:573)\r\nCaused by: org.springframework.jdbc.BadSqlGrammarException: \r\n### Error querying database.  Cause: java.sql.SQLSyntaxErrorException: Unknown column \'s.modify_date\' in \'field list\'\r\n### The error may exist in file [D:\\cpan\\密\\电商erp\\RuoYi-Vue\\ruoyi\\target\\classes\\mybatis\\shop\\ShopMapper.xml]\r\n### The error may involve com.ruoyi.erp.shop.mapper.ShopMapper.selectShopList-Inline\r\n### The error occurred while setting parameters\r\n### SQL: select s.id, s.admin_id, s.shop_type_id, s.shop_name, s.shop_data, s.create_date, s.modify_date, s.auth_date,         t.name,t.short_name         from erp_shop s             left join erp_shop_type t on s.shop_type_id = t.id\r\n### Cause: java.sql.SQLSyntaxErrorException: Unknown column \'s.modify_date\' in \'field list\'\n; bad SQL grammar []; nested exception is java.sql.SQLSyntaxErrorException: Unknown column \'s.modify_date\' in \'field list\'\r\n	at org.springframework.jdbc.support.SQLErrorCodeSQLExceptionTranslator.doTranslate(SQLErrorCodeSQLExceptionTranslator.java:234)\r\n	at org.springframework.jdbc.support.AbstractFallbackSQLExceptionTranslator.translate(AbstractFallbackSQLExceptionTranslator.java:72)\r\n	at org.my', '2020-07-08 19:00:00');
INSERT INTO `sys_job_log` VALUES (414, '用户订单下载保存', 'wish_order', 'orderTask.ryDownSaveWishOrder', '用户订单下载保存 总共耗时：6004毫秒', '0', '', '2020-07-08 19:10:06');
INSERT INTO `sys_job_log` VALUES (415, '用户订单同步', 'wish_order', 'orderTask.ryWishOrder', '用户订单同步 总共耗时：5毫秒', '1', 'java.lang.reflect.InvocationTargetException\r\n	at sun.reflect.NativeMethodAccessorImpl.invoke0(Native Method)\r\n	at sun.reflect.NativeMethodAccessorImpl.invoke(NativeMethodAccessorImpl.java:62)\r\n	at sun.reflect.DelegatingMethodAccessorImpl.invoke(DelegatingMethodAccessorImpl.java:43)\r\n	at java.lang.reflect.Method.invoke(Method.java:498)\r\n	at com.ruoyi.common.utils.job.JobInvokeUtil.invokeMethod(JobInvokeUtil.java:61)\r\n	at com.ruoyi.common.utils.job.JobInvokeUtil.invokeMethod(JobInvokeUtil.java:33)\r\n	at com.ruoyi.common.utils.job.QuartzDisallowConcurrentExecution.doExecute(QuartzDisallowConcurrentExecution.java:19)\r\n	at com.ruoyi.common.utils.job.AbstractQuartzJob.execute(AbstractQuartzJob.java:43)\r\n	at org.quartz.core.JobRunShell.run(JobRunShell.java:202)\r\n	at org.quartz.simpl.SimpleThreadPool$WorkerThread.run(SimpleThreadPool.java:573)\r\nCaused by: org.springframework.jdbc.BadSqlGrammarException: \r\n### Error querying database.  Cause: java.sql.SQLSyntaxErrorException: Unknown column \'s.modify_date\' in \'field list\'\r\n### The error may exist in file [D:\\cpan\\密\\电商erp\\RuoYi-Vue\\ruoyi\\target\\classes\\mybatis\\shop\\ShopMapper.xml]\r\n### The error may involve com.ruoyi.erp.shop.mapper.ShopMapper.selectShopList-Inline\r\n### The error occurred while setting parameters\r\n### SQL: select s.id, s.admin_id, s.shop_type_id, s.shop_name, s.shop_data, s.create_date, s.modify_date, s.auth_date,         t.name,t.short_name         from erp_shop s             left join erp_shop_type t on s.shop_type_id = t.id\r\n### Cause: java.sql.SQLSyntaxErrorException: Unknown column \'s.modify_date\' in \'field list\'\n; bad SQL grammar []; nested exception is java.sql.SQLSyntaxErrorException: Unknown column \'s.modify_date\' in \'field list\'\r\n	at org.springframework.jdbc.support.SQLErrorCodeSQLExceptionTranslator.doTranslate(SQLErrorCodeSQLExceptionTranslator.java:234)\r\n	at org.springframework.jdbc.support.AbstractFallbackSQLExceptionTranslator.translate(AbstractFallbackSQLExceptionTranslator.java:72)\r\n	at org.my', '2020-07-08 20:00:00');
INSERT INTO `sys_job_log` VALUES (416, '用户订单下载保存', 'wish_order', 'orderTask.ryDownSaveWishOrder', '用户订单下载保存 总共耗时：5894毫秒', '0', '', '2020-07-08 20:10:06');
INSERT INTO `sys_job_log` VALUES (417, '用户订单同步', 'wish_order', 'orderTask.ryWishOrder', '用户订单同步 总共耗时：28毫秒', '1', 'java.lang.reflect.InvocationTargetException\r\n	at sun.reflect.NativeMethodAccessorImpl.invoke0(Native Method)\r\n	at sun.reflect.NativeMethodAccessorImpl.invoke(NativeMethodAccessorImpl.java:62)\r\n	at sun.reflect.DelegatingMethodAccessorImpl.invoke(DelegatingMethodAccessorImpl.java:43)\r\n	at java.lang.reflect.Method.invoke(Method.java:498)\r\n	at com.ruoyi.common.utils.job.JobInvokeUtil.invokeMethod(JobInvokeUtil.java:61)\r\n	at com.ruoyi.common.utils.job.JobInvokeUtil.invokeMethod(JobInvokeUtil.java:33)\r\n	at com.ruoyi.common.utils.job.QuartzDisallowConcurrentExecution.doExecute(QuartzDisallowConcurrentExecution.java:19)\r\n	at com.ruoyi.common.utils.job.AbstractQuartzJob.execute(AbstractQuartzJob.java:43)\r\n	at org.quartz.core.JobRunShell.run(JobRunShell.java:202)\r\n	at org.quartz.simpl.SimpleThreadPool$WorkerThread.run(SimpleThreadPool.java:573)\r\nCaused by: org.springframework.jdbc.BadSqlGrammarException: \r\n### Error querying database.  Cause: java.sql.SQLSyntaxErrorException: Unknown column \'s.modify_date\' in \'field list\'\r\n### The error may exist in file [D:\\cpan\\密\\电商erp\\RuoYi-Vue\\ruoyi\\target\\classes\\mybatis\\shop\\ShopMapper.xml]\r\n### The error may involve com.ruoyi.erp.shop.mapper.ShopMapper.selectShopList-Inline\r\n### The error occurred while setting parameters\r\n### SQL: select s.id, s.admin_id, s.shop_type_id, s.shop_name, s.shop_data, s.create_date, s.modify_date, s.auth_date,         t.name,t.short_name         from erp_shop s             left join erp_shop_type t on s.shop_type_id = t.id\r\n### Cause: java.sql.SQLSyntaxErrorException: Unknown column \'s.modify_date\' in \'field list\'\n; bad SQL grammar []; nested exception is java.sql.SQLSyntaxErrorException: Unknown column \'s.modify_date\' in \'field list\'\r\n	at org.springframework.jdbc.support.SQLErrorCodeSQLExceptionTranslator.doTranslate(SQLErrorCodeSQLExceptionTranslator.java:234)\r\n	at org.springframework.jdbc.support.AbstractFallbackSQLExceptionTranslator.translate(AbstractFallbackSQLExceptionTranslator.java:72)\r\n	at org.my', '2020-07-08 21:00:00');
INSERT INTO `sys_job_log` VALUES (418, '用户订单下载保存', 'wish_order', 'orderTask.ryDownSaveWishOrder', '用户订单下载保存 总共耗时：52076毫秒', '0', '', '2020-07-08 21:10:52');
INSERT INTO `sys_job_log` VALUES (419, '用户订单同步', 'wish_order', 'orderTask.ryWishOrder', '用户订单同步 总共耗时：6毫秒', '1', 'java.lang.reflect.InvocationTargetException\r\n	at sun.reflect.NativeMethodAccessorImpl.invoke0(Native Method)\r\n	at sun.reflect.NativeMethodAccessorImpl.invoke(NativeMethodAccessorImpl.java:62)\r\n	at sun.reflect.DelegatingMethodAccessorImpl.invoke(DelegatingMethodAccessorImpl.java:43)\r\n	at java.lang.reflect.Method.invoke(Method.java:498)\r\n	at com.ruoyi.common.utils.job.JobInvokeUtil.invokeMethod(JobInvokeUtil.java:61)\r\n	at com.ruoyi.common.utils.job.JobInvokeUtil.invokeMethod(JobInvokeUtil.java:33)\r\n	at com.ruoyi.common.utils.job.QuartzDisallowConcurrentExecution.doExecute(QuartzDisallowConcurrentExecution.java:19)\r\n	at com.ruoyi.common.utils.job.AbstractQuartzJob.execute(AbstractQuartzJob.java:43)\r\n	at org.quartz.core.JobRunShell.run(JobRunShell.java:202)\r\n	at org.quartz.simpl.SimpleThreadPool$WorkerThread.run(SimpleThreadPool.java:573)\r\nCaused by: org.springframework.jdbc.BadSqlGrammarException: \r\n### Error querying database.  Cause: java.sql.SQLSyntaxErrorException: Unknown column \'s.modify_date\' in \'field list\'\r\n### The error may exist in file [D:\\cpan\\密\\电商erp\\RuoYi-Vue\\ruoyi\\target\\classes\\mybatis\\shop\\ShopMapper.xml]\r\n### The error may involve com.ruoyi.erp.shop.mapper.ShopMapper.selectShopList-Inline\r\n### The error occurred while setting parameters\r\n### SQL: select s.id, s.admin_id, s.shop_type_id, s.shop_name, s.shop_data, s.create_date, s.modify_date, s.auth_date,         t.name,t.short_name         from erp_shop s             left join erp_shop_type t on s.shop_type_id = t.id\r\n### Cause: java.sql.SQLSyntaxErrorException: Unknown column \'s.modify_date\' in \'field list\'\n; bad SQL grammar []; nested exception is java.sql.SQLSyntaxErrorException: Unknown column \'s.modify_date\' in \'field list\'\r\n	at org.springframework.jdbc.support.SQLErrorCodeSQLExceptionTranslator.doTranslate(SQLErrorCodeSQLExceptionTranslator.java:234)\r\n	at org.springframework.jdbc.support.AbstractFallbackSQLExceptionTranslator.translate(AbstractFallbackSQLExceptionTranslator.java:72)\r\n	at org.my', '2020-07-08 22:00:00');
INSERT INTO `sys_job_log` VALUES (420, '用户订单下载保存', 'wish_order', 'orderTask.ryDownSaveWishOrder', '用户订单下载保存 总共耗时：6631毫秒', '0', '', '2020-07-08 22:10:06');
INSERT INTO `sys_job_log` VALUES (421, '用户订单同步', 'wish_order', 'orderTask.ryWishOrder', '用户订单同步 总共耗时：17毫秒', '1', 'java.lang.reflect.InvocationTargetException\r\n	at sun.reflect.NativeMethodAccessorImpl.invoke0(Native Method)\r\n	at sun.reflect.NativeMethodAccessorImpl.invoke(NativeMethodAccessorImpl.java:62)\r\n	at sun.reflect.DelegatingMethodAccessorImpl.invoke(DelegatingMethodAccessorImpl.java:43)\r\n	at java.lang.reflect.Method.invoke(Method.java:498)\r\n	at com.ruoyi.common.utils.job.JobInvokeUtil.invokeMethod(JobInvokeUtil.java:61)\r\n	at com.ruoyi.common.utils.job.JobInvokeUtil.invokeMethod(JobInvokeUtil.java:33)\r\n	at com.ruoyi.common.utils.job.QuartzDisallowConcurrentExecution.doExecute(QuartzDisallowConcurrentExecution.java:19)\r\n	at com.ruoyi.common.utils.job.AbstractQuartzJob.execute(AbstractQuartzJob.java:43)\r\n	at org.quartz.core.JobRunShell.run(JobRunShell.java:202)\r\n	at org.quartz.simpl.SimpleThreadPool$WorkerThread.run(SimpleThreadPool.java:573)\r\nCaused by: org.springframework.jdbc.BadSqlGrammarException: \r\n### Error querying database.  Cause: java.sql.SQLSyntaxErrorException: Unknown column \'s.modify_date\' in \'field list\'\r\n### The error may exist in file [D:\\cpan\\密\\电商erp\\RuoYi-Vue\\ruoyi\\target\\classes\\mybatis\\shop\\ShopMapper.xml]\r\n### The error may involve com.ruoyi.erp.shop.mapper.ShopMapper.selectShopList-Inline\r\n### The error occurred while setting parameters\r\n### SQL: select s.id, s.admin_id, s.shop_type_id, s.shop_name, s.shop_data, s.create_date, s.modify_date, s.auth_date,         t.name,t.short_name         from erp_shop s             left join erp_shop_type t on s.shop_type_id = t.id\r\n### Cause: java.sql.SQLSyntaxErrorException: Unknown column \'s.modify_date\' in \'field list\'\n; bad SQL grammar []; nested exception is java.sql.SQLSyntaxErrorException: Unknown column \'s.modify_date\' in \'field list\'\r\n	at org.springframework.jdbc.support.SQLErrorCodeSQLExceptionTranslator.doTranslate(SQLErrorCodeSQLExceptionTranslator.java:234)\r\n	at org.springframework.jdbc.support.AbstractFallbackSQLExceptionTranslator.translate(AbstractFallbackSQLExceptionTranslator.java:72)\r\n	at org.my', '2020-07-08 23:00:00');
INSERT INTO `sys_job_log` VALUES (422, '用户订单下载保存', 'wish_order', 'orderTask.ryDownSaveWishOrder', '用户订单下载保存 总共耗时：31229毫秒', '0', '', '2020-07-08 23:10:31');
INSERT INTO `sys_job_log` VALUES (423, '用户订单同步', 'wish_order', 'orderTask.ryWishOrder', '用户订单同步 总共耗时：155毫秒', '1', 'java.lang.reflect.InvocationTargetException\r\n	at sun.reflect.NativeMethodAccessorImpl.invoke0(Native Method)\r\n	at sun.reflect.NativeMethodAccessorImpl.invoke(NativeMethodAccessorImpl.java:62)\r\n	at sun.reflect.DelegatingMethodAccessorImpl.invoke(DelegatingMethodAccessorImpl.java:43)\r\n	at java.lang.reflect.Method.invoke(Method.java:498)\r\n	at com.ruoyi.common.utils.job.JobInvokeUtil.invokeMethod(JobInvokeUtil.java:61)\r\n	at com.ruoyi.common.utils.job.JobInvokeUtil.invokeMethod(JobInvokeUtil.java:33)\r\n	at com.ruoyi.common.utils.job.QuartzDisallowConcurrentExecution.doExecute(QuartzDisallowConcurrentExecution.java:19)\r\n	at com.ruoyi.common.utils.job.AbstractQuartzJob.execute(AbstractQuartzJob.java:43)\r\n	at org.quartz.core.JobRunShell.run(JobRunShell.java:202)\r\n	at org.quartz.simpl.SimpleThreadPool$WorkerThread.run(SimpleThreadPool.java:573)\r\nCaused by: org.springframework.jdbc.BadSqlGrammarException: \r\n### Error querying database.  Cause: java.sql.SQLSyntaxErrorException: Unknown column \'s.modify_date\' in \'field list\'\r\n### The error may exist in file [D:\\cpan\\密\\电商erp\\RuoYi-Vue\\ruoyi\\target\\classes\\mybatis\\shop\\ShopMapper.xml]\r\n### The error may involve com.ruoyi.erp.shop.mapper.ShopMapper.selectShopList-Inline\r\n### The error occurred while setting parameters\r\n### SQL: select s.id, s.admin_id, s.shop_type_id, s.shop_name, s.shop_data, s.create_date, s.modify_date, s.auth_date,         t.name,t.short_name         from erp_shop s             left join erp_shop_type t on s.shop_type_id = t.id\r\n### Cause: java.sql.SQLSyntaxErrorException: Unknown column \'s.modify_date\' in \'field list\'\n; bad SQL grammar []; nested exception is java.sql.SQLSyntaxErrorException: Unknown column \'s.modify_date\' in \'field list\'\r\n	at org.springframework.jdbc.support.SQLErrorCodeSQLExceptionTranslator.doTranslate(SQLErrorCodeSQLExceptionTranslator.java:234)\r\n	at org.springframework.jdbc.support.AbstractFallbackSQLExceptionTranslator.translate(AbstractFallbackSQLExceptionTranslator.java:72)\r\n	at org.my', '2020-07-09 00:00:00');
INSERT INTO `sys_job_log` VALUES (424, '用户订单下载保存', 'wish_order', 'orderTask.ryDownSaveWishOrder', '用户订单下载保存 总共耗时：6757毫秒', '0', '', '2020-07-09 00:10:06');
INSERT INTO `sys_job_log` VALUES (425, '用户订单同步', 'wish_order', 'orderTask.ryWishOrder', '用户订单同步 总共耗时：17毫秒', '1', 'java.lang.reflect.InvocationTargetException\r\n	at sun.reflect.NativeMethodAccessorImpl.invoke0(Native Method)\r\n	at sun.reflect.NativeMethodAccessorImpl.invoke(NativeMethodAccessorImpl.java:62)\r\n	at sun.reflect.DelegatingMethodAccessorImpl.invoke(DelegatingMethodAccessorImpl.java:43)\r\n	at java.lang.reflect.Method.invoke(Method.java:498)\r\n	at com.ruoyi.common.utils.job.JobInvokeUtil.invokeMethod(JobInvokeUtil.java:61)\r\n	at com.ruoyi.common.utils.job.JobInvokeUtil.invokeMethod(JobInvokeUtil.java:33)\r\n	at com.ruoyi.common.utils.job.QuartzDisallowConcurrentExecution.doExecute(QuartzDisallowConcurrentExecution.java:19)\r\n	at com.ruoyi.common.utils.job.AbstractQuartzJob.execute(AbstractQuartzJob.java:43)\r\n	at org.quartz.core.JobRunShell.run(JobRunShell.java:202)\r\n	at org.quartz.simpl.SimpleThreadPool$WorkerThread.run(SimpleThreadPool.java:573)\r\nCaused by: org.springframework.jdbc.BadSqlGrammarException: \r\n### Error querying database.  Cause: java.sql.SQLSyntaxErrorException: Unknown column \'s.modify_date\' in \'field list\'\r\n### The error may exist in file [D:\\cpan\\密\\电商erp\\RuoYi-Vue\\ruoyi\\target\\classes\\mybatis\\shop\\ShopMapper.xml]\r\n### The error may involve com.ruoyi.erp.shop.mapper.ShopMapper.selectShopList-Inline\r\n### The error occurred while setting parameters\r\n### SQL: select s.id, s.admin_id, s.shop_type_id, s.shop_name, s.shop_data, s.create_date, s.modify_date, s.auth_date,         t.name,t.short_name         from erp_shop s             left join erp_shop_type t on s.shop_type_id = t.id\r\n### Cause: java.sql.SQLSyntaxErrorException: Unknown column \'s.modify_date\' in \'field list\'\n; bad SQL grammar []; nested exception is java.sql.SQLSyntaxErrorException: Unknown column \'s.modify_date\' in \'field list\'\r\n	at org.springframework.jdbc.support.SQLErrorCodeSQLExceptionTranslator.doTranslate(SQLErrorCodeSQLExceptionTranslator.java:234)\r\n	at org.springframework.jdbc.support.AbstractFallbackSQLExceptionTranslator.translate(AbstractFallbackSQLExceptionTranslator.java:72)\r\n	at org.my', '2020-07-09 01:00:00');
INSERT INTO `sys_job_log` VALUES (426, '用户订单下载保存', 'wish_order', 'orderTask.ryDownSaveWishOrder', '用户订单下载保存 总共耗时：4687毫秒', '0', '', '2020-07-09 01:10:04');
INSERT INTO `sys_job_log` VALUES (427, '用户订单同步', 'wish_order', 'orderTask.ryWishOrder', '用户订单同步 总共耗时：14毫秒', '1', 'java.lang.reflect.InvocationTargetException\r\n	at sun.reflect.NativeMethodAccessorImpl.invoke0(Native Method)\r\n	at sun.reflect.NativeMethodAccessorImpl.invoke(NativeMethodAccessorImpl.java:62)\r\n	at sun.reflect.DelegatingMethodAccessorImpl.invoke(DelegatingMethodAccessorImpl.java:43)\r\n	at java.lang.reflect.Method.invoke(Method.java:498)\r\n	at com.ruoyi.common.utils.job.JobInvokeUtil.invokeMethod(JobInvokeUtil.java:61)\r\n	at com.ruoyi.common.utils.job.JobInvokeUtil.invokeMethod(JobInvokeUtil.java:33)\r\n	at com.ruoyi.common.utils.job.QuartzDisallowConcurrentExecution.doExecute(QuartzDisallowConcurrentExecution.java:19)\r\n	at com.ruoyi.common.utils.job.AbstractQuartzJob.execute(AbstractQuartzJob.java:43)\r\n	at org.quartz.core.JobRunShell.run(JobRunShell.java:202)\r\n	at org.quartz.simpl.SimpleThreadPool$WorkerThread.run(SimpleThreadPool.java:573)\r\nCaused by: org.springframework.jdbc.BadSqlGrammarException: \r\n### Error querying database.  Cause: java.sql.SQLSyntaxErrorException: Unknown column \'s.modify_date\' in \'field list\'\r\n### The error may exist in file [D:\\cpan\\密\\电商erp\\RuoYi-Vue\\ruoyi\\target\\classes\\mybatis\\shop\\ShopMapper.xml]\r\n### The error may involve com.ruoyi.erp.shop.mapper.ShopMapper.selectShopList-Inline\r\n### The error occurred while setting parameters\r\n### SQL: select s.id, s.admin_id, s.shop_type_id, s.shop_name, s.shop_data, s.create_date, s.modify_date, s.auth_date,         t.name,t.short_name         from erp_shop s             left join erp_shop_type t on s.shop_type_id = t.id\r\n### Cause: java.sql.SQLSyntaxErrorException: Unknown column \'s.modify_date\' in \'field list\'\n; bad SQL grammar []; nested exception is java.sql.SQLSyntaxErrorException: Unknown column \'s.modify_date\' in \'field list\'\r\n	at org.springframework.jdbc.support.SQLErrorCodeSQLExceptionTranslator.doTranslate(SQLErrorCodeSQLExceptionTranslator.java:234)\r\n	at org.springframework.jdbc.support.AbstractFallbackSQLExceptionTranslator.translate(AbstractFallbackSQLExceptionTranslator.java:72)\r\n	at org.my', '2020-07-09 02:00:00');
INSERT INTO `sys_job_log` VALUES (428, '用户订单下载保存', 'wish_order', 'orderTask.ryDownSaveWishOrder', '用户订单下载保存 总共耗时：3085毫秒', '0', '', '2020-07-09 02:10:03');
INSERT INTO `sys_job_log` VALUES (429, '用户订单同步', 'wish_order', 'orderTask.ryWishOrder', '用户订单同步 总共耗时：4毫秒', '1', 'java.lang.reflect.InvocationTargetException\r\n	at sun.reflect.NativeMethodAccessorImpl.invoke0(Native Method)\r\n	at sun.reflect.NativeMethodAccessorImpl.invoke(NativeMethodAccessorImpl.java:62)\r\n	at sun.reflect.DelegatingMethodAccessorImpl.invoke(DelegatingMethodAccessorImpl.java:43)\r\n	at java.lang.reflect.Method.invoke(Method.java:498)\r\n	at com.ruoyi.common.utils.job.JobInvokeUtil.invokeMethod(JobInvokeUtil.java:61)\r\n	at com.ruoyi.common.utils.job.JobInvokeUtil.invokeMethod(JobInvokeUtil.java:33)\r\n	at com.ruoyi.common.utils.job.QuartzDisallowConcurrentExecution.doExecute(QuartzDisallowConcurrentExecution.java:19)\r\n	at com.ruoyi.common.utils.job.AbstractQuartzJob.execute(AbstractQuartzJob.java:43)\r\n	at org.quartz.core.JobRunShell.run(JobRunShell.java:202)\r\n	at org.quartz.simpl.SimpleThreadPool$WorkerThread.run(SimpleThreadPool.java:573)\r\nCaused by: org.springframework.jdbc.BadSqlGrammarException: \r\n### Error querying database.  Cause: java.sql.SQLSyntaxErrorException: Unknown column \'s.modify_date\' in \'field list\'\r\n### The error may exist in file [D:\\cpan\\密\\电商erp\\RuoYi-Vue\\ruoyi\\target\\classes\\mybatis\\shop\\ShopMapper.xml]\r\n### The error may involve com.ruoyi.erp.shop.mapper.ShopMapper.selectShopList-Inline\r\n### The error occurred while setting parameters\r\n### SQL: select s.id, s.admin_id, s.shop_type_id, s.shop_name, s.shop_data, s.create_date, s.modify_date, s.auth_date,         t.name,t.short_name         from erp_shop s             left join erp_shop_type t on s.shop_type_id = t.id\r\n### Cause: java.sql.SQLSyntaxErrorException: Unknown column \'s.modify_date\' in \'field list\'\n; bad SQL grammar []; nested exception is java.sql.SQLSyntaxErrorException: Unknown column \'s.modify_date\' in \'field list\'\r\n	at org.springframework.jdbc.support.SQLErrorCodeSQLExceptionTranslator.doTranslate(SQLErrorCodeSQLExceptionTranslator.java:234)\r\n	at org.springframework.jdbc.support.AbstractFallbackSQLExceptionTranslator.translate(AbstractFallbackSQLExceptionTranslator.java:72)\r\n	at org.my', '2020-07-09 03:00:00');
INSERT INTO `sys_job_log` VALUES (430, '用户订单下载保存', 'wish_order', 'orderTask.ryDownSaveWishOrder', '用户订单下载保存 总共耗时：2330毫秒', '0', '', '2020-07-09 03:10:02');
INSERT INTO `sys_job_log` VALUES (431, '用户订单同步', 'wish_order', 'orderTask.ryWishOrder', '用户订单同步 总共耗时：63毫秒', '1', 'java.lang.reflect.InvocationTargetException\r\n	at sun.reflect.NativeMethodAccessorImpl.invoke0(Native Method)\r\n	at sun.reflect.NativeMethodAccessorImpl.invoke(NativeMethodAccessorImpl.java:62)\r\n	at sun.reflect.DelegatingMethodAccessorImpl.invoke(DelegatingMethodAccessorImpl.java:43)\r\n	at java.lang.reflect.Method.invoke(Method.java:498)\r\n	at com.ruoyi.common.utils.job.JobInvokeUtil.invokeMethod(JobInvokeUtil.java:61)\r\n	at com.ruoyi.common.utils.job.JobInvokeUtil.invokeMethod(JobInvokeUtil.java:33)\r\n	at com.ruoyi.common.utils.job.QuartzDisallowConcurrentExecution.doExecute(QuartzDisallowConcurrentExecution.java:19)\r\n	at com.ruoyi.common.utils.job.AbstractQuartzJob.execute(AbstractQuartzJob.java:43)\r\n	at org.quartz.core.JobRunShell.run(JobRunShell.java:202)\r\n	at org.quartz.simpl.SimpleThreadPool$WorkerThread.run(SimpleThreadPool.java:573)\r\nCaused by: org.springframework.jdbc.BadSqlGrammarException: \r\n### Error querying database.  Cause: java.sql.SQLSyntaxErrorException: Unknown column \'s.modify_date\' in \'field list\'\r\n### The error may exist in file [D:\\cpan\\密\\电商erp\\RuoYi-Vue\\ruoyi\\target\\classes\\mybatis\\shop\\ShopMapper.xml]\r\n### The error may involve com.ruoyi.erp.shop.mapper.ShopMapper.selectShopList-Inline\r\n### The error occurred while setting parameters\r\n### SQL: select s.id, s.admin_id, s.shop_type_id, s.shop_name, s.shop_data, s.create_date, s.modify_date, s.auth_date,         t.name,t.short_name         from erp_shop s             left join erp_shop_type t on s.shop_type_id = t.id\r\n### Cause: java.sql.SQLSyntaxErrorException: Unknown column \'s.modify_date\' in \'field list\'\n; bad SQL grammar []; nested exception is java.sql.SQLSyntaxErrorException: Unknown column \'s.modify_date\' in \'field list\'\r\n	at org.springframework.jdbc.support.SQLErrorCodeSQLExceptionTranslator.doTranslate(SQLErrorCodeSQLExceptionTranslator.java:234)\r\n	at org.springframework.jdbc.support.AbstractFallbackSQLExceptionTranslator.translate(AbstractFallbackSQLExceptionTranslator.java:72)\r\n	at org.my', '2020-07-09 04:00:00');
INSERT INTO `sys_job_log` VALUES (432, '用户订单下载保存', 'wish_order', 'orderTask.ryDownSaveWishOrder', '用户订单下载保存 总共耗时：2184毫秒', '0', '', '2020-07-09 04:10:02');
INSERT INTO `sys_job_log` VALUES (433, '用户订单同步', 'wish_order', 'orderTask.ryWishOrder', '用户订单同步 总共耗时：5毫秒', '1', 'java.lang.reflect.InvocationTargetException\r\n	at sun.reflect.NativeMethodAccessorImpl.invoke0(Native Method)\r\n	at sun.reflect.NativeMethodAccessorImpl.invoke(NativeMethodAccessorImpl.java:62)\r\n	at sun.reflect.DelegatingMethodAccessorImpl.invoke(DelegatingMethodAccessorImpl.java:43)\r\n	at java.lang.reflect.Method.invoke(Method.java:498)\r\n	at com.ruoyi.common.utils.job.JobInvokeUtil.invokeMethod(JobInvokeUtil.java:61)\r\n	at com.ruoyi.common.utils.job.JobInvokeUtil.invokeMethod(JobInvokeUtil.java:33)\r\n	at com.ruoyi.common.utils.job.QuartzDisallowConcurrentExecution.doExecute(QuartzDisallowConcurrentExecution.java:19)\r\n	at com.ruoyi.common.utils.job.AbstractQuartzJob.execute(AbstractQuartzJob.java:43)\r\n	at org.quartz.core.JobRunShell.run(JobRunShell.java:202)\r\n	at org.quartz.simpl.SimpleThreadPool$WorkerThread.run(SimpleThreadPool.java:573)\r\nCaused by: org.springframework.jdbc.BadSqlGrammarException: \r\n### Error querying database.  Cause: java.sql.SQLSyntaxErrorException: Unknown column \'s.modify_date\' in \'field list\'\r\n### The error may exist in file [D:\\cpan\\密\\电商erp\\RuoYi-Vue\\ruoyi\\target\\classes\\mybatis\\shop\\ShopMapper.xml]\r\n### The error may involve com.ruoyi.erp.shop.mapper.ShopMapper.selectShopList-Inline\r\n### The error occurred while setting parameters\r\n### SQL: select s.id, s.admin_id, s.shop_type_id, s.shop_name, s.shop_data, s.create_date, s.modify_date, s.auth_date,         t.name,t.short_name         from erp_shop s             left join erp_shop_type t on s.shop_type_id = t.id\r\n### Cause: java.sql.SQLSyntaxErrorException: Unknown column \'s.modify_date\' in \'field list\'\n; bad SQL grammar []; nested exception is java.sql.SQLSyntaxErrorException: Unknown column \'s.modify_date\' in \'field list\'\r\n	at org.springframework.jdbc.support.SQLErrorCodeSQLExceptionTranslator.doTranslate(SQLErrorCodeSQLExceptionTranslator.java:234)\r\n	at org.springframework.jdbc.support.AbstractFallbackSQLExceptionTranslator.translate(AbstractFallbackSQLExceptionTranslator.java:72)\r\n	at org.my', '2020-07-09 05:00:00');
INSERT INTO `sys_job_log` VALUES (434, '用户订单下载保存', 'wish_order', 'orderTask.ryDownSaveWishOrder', '用户订单下载保存 总共耗时：2221毫秒', '0', '', '2020-07-09 05:10:02');
INSERT INTO `sys_job_log` VALUES (435, '用户订单同步', 'wish_order', 'orderTask.ryWishOrder', '用户订单同步 总共耗时：5毫秒', '1', 'java.lang.reflect.InvocationTargetException\r\n	at sun.reflect.NativeMethodAccessorImpl.invoke0(Native Method)\r\n	at sun.reflect.NativeMethodAccessorImpl.invoke(NativeMethodAccessorImpl.java:62)\r\n	at sun.reflect.DelegatingMethodAccessorImpl.invoke(DelegatingMethodAccessorImpl.java:43)\r\n	at java.lang.reflect.Method.invoke(Method.java:498)\r\n	at com.ruoyi.common.utils.job.JobInvokeUtil.invokeMethod(JobInvokeUtil.java:61)\r\n	at com.ruoyi.common.utils.job.JobInvokeUtil.invokeMethod(JobInvokeUtil.java:33)\r\n	at com.ruoyi.common.utils.job.QuartzDisallowConcurrentExecution.doExecute(QuartzDisallowConcurrentExecution.java:19)\r\n	at com.ruoyi.common.utils.job.AbstractQuartzJob.execute(AbstractQuartzJob.java:43)\r\n	at org.quartz.core.JobRunShell.run(JobRunShell.java:202)\r\n	at org.quartz.simpl.SimpleThreadPool$WorkerThread.run(SimpleThreadPool.java:573)\r\nCaused by: org.springframework.jdbc.BadSqlGrammarException: \r\n### Error querying database.  Cause: java.sql.SQLSyntaxErrorException: Unknown column \'s.modify_date\' in \'field list\'\r\n### The error may exist in file [D:\\cpan\\密\\电商erp\\RuoYi-Vue\\ruoyi\\target\\classes\\mybatis\\shop\\ShopMapper.xml]\r\n### The error may involve com.ruoyi.erp.shop.mapper.ShopMapper.selectShopList-Inline\r\n### The error occurred while setting parameters\r\n### SQL: select s.id, s.admin_id, s.shop_type_id, s.shop_name, s.shop_data, s.create_date, s.modify_date, s.auth_date,         t.name,t.short_name         from erp_shop s             left join erp_shop_type t on s.shop_type_id = t.id\r\n### Cause: java.sql.SQLSyntaxErrorException: Unknown column \'s.modify_date\' in \'field list\'\n; bad SQL grammar []; nested exception is java.sql.SQLSyntaxErrorException: Unknown column \'s.modify_date\' in \'field list\'\r\n	at org.springframework.jdbc.support.SQLErrorCodeSQLExceptionTranslator.doTranslate(SQLErrorCodeSQLExceptionTranslator.java:234)\r\n	at org.springframework.jdbc.support.AbstractFallbackSQLExceptionTranslator.translate(AbstractFallbackSQLExceptionTranslator.java:72)\r\n	at org.my', '2020-07-09 06:00:00');
INSERT INTO `sys_job_log` VALUES (436, '用户订单下载保存', 'wish_order', 'orderTask.ryDownSaveWishOrder', '用户订单下载保存 总共耗时：2072毫秒', '0', '', '2020-07-09 06:10:02');
INSERT INTO `sys_job_log` VALUES (437, '用户订单同步', 'wish_order', 'orderTask.ryWishOrder', '用户订单同步 总共耗时：31毫秒', '1', 'java.lang.reflect.InvocationTargetException\r\n	at sun.reflect.NativeMethodAccessorImpl.invoke0(Native Method)\r\n	at sun.reflect.NativeMethodAccessorImpl.invoke(NativeMethodAccessorImpl.java:62)\r\n	at sun.reflect.DelegatingMethodAccessorImpl.invoke(DelegatingMethodAccessorImpl.java:43)\r\n	at java.lang.reflect.Method.invoke(Method.java:498)\r\n	at com.ruoyi.common.utils.job.JobInvokeUtil.invokeMethod(JobInvokeUtil.java:61)\r\n	at com.ruoyi.common.utils.job.JobInvokeUtil.invokeMethod(JobInvokeUtil.java:33)\r\n	at com.ruoyi.common.utils.job.QuartzDisallowConcurrentExecution.doExecute(QuartzDisallowConcurrentExecution.java:19)\r\n	at com.ruoyi.common.utils.job.AbstractQuartzJob.execute(AbstractQuartzJob.java:43)\r\n	at org.quartz.core.JobRunShell.run(JobRunShell.java:202)\r\n	at org.quartz.simpl.SimpleThreadPool$WorkerThread.run(SimpleThreadPool.java:573)\r\nCaused by: org.springframework.jdbc.BadSqlGrammarException: \r\n### Error querying database.  Cause: java.sql.SQLSyntaxErrorException: Unknown column \'s.modify_date\' in \'field list\'\r\n### The error may exist in file [D:\\cpan\\密\\电商erp\\RuoYi-Vue\\ruoyi\\target\\classes\\mybatis\\shop\\ShopMapper.xml]\r\n### The error may involve com.ruoyi.erp.shop.mapper.ShopMapper.selectShopList-Inline\r\n### The error occurred while setting parameters\r\n### SQL: select s.id, s.admin_id, s.shop_type_id, s.shop_name, s.shop_data, s.create_date, s.modify_date, s.auth_date,         t.name,t.short_name         from erp_shop s             left join erp_shop_type t on s.shop_type_id = t.id\r\n### Cause: java.sql.SQLSyntaxErrorException: Unknown column \'s.modify_date\' in \'field list\'\n; bad SQL grammar []; nested exception is java.sql.SQLSyntaxErrorException: Unknown column \'s.modify_date\' in \'field list\'\r\n	at org.springframework.jdbc.support.SQLErrorCodeSQLExceptionTranslator.doTranslate(SQLErrorCodeSQLExceptionTranslator.java:234)\r\n	at org.springframework.jdbc.support.AbstractFallbackSQLExceptionTranslator.translate(AbstractFallbackSQLExceptionTranslator.java:72)\r\n	at org.my', '2020-07-09 07:00:00');
INSERT INTO `sys_job_log` VALUES (438, '用户订单下载保存', 'wish_order', 'orderTask.ryDownSaveWishOrder', '用户订单下载保存 总共耗时：2094毫秒', '0', '', '2020-07-09 07:10:02');
INSERT INTO `sys_job_log` VALUES (439, '用户订单同步', 'wish_order', 'orderTask.ryWishOrder', '用户订单同步 总共耗时：5毫秒', '1', 'java.lang.reflect.InvocationTargetException\r\n	at sun.reflect.GeneratedMethodAccessor248.invoke(Unknown Source)\r\n	at sun.reflect.DelegatingMethodAccessorImpl.invoke(DelegatingMethodAccessorImpl.java:43)\r\n	at java.lang.reflect.Method.invoke(Method.java:498)\r\n	at com.ruoyi.common.utils.job.JobInvokeUtil.invokeMethod(JobInvokeUtil.java:61)\r\n	at com.ruoyi.common.utils.job.JobInvokeUtil.invokeMethod(JobInvokeUtil.java:33)\r\n	at com.ruoyi.common.utils.job.QuartzDisallowConcurrentExecution.doExecute(QuartzDisallowConcurrentExecution.java:19)\r\n	at com.ruoyi.common.utils.job.AbstractQuartzJob.execute(AbstractQuartzJob.java:43)\r\n	at org.quartz.core.JobRunShell.run(JobRunShell.java:202)\r\n	at org.quartz.simpl.SimpleThreadPool$WorkerThread.run(SimpleThreadPool.java:573)\r\nCaused by: org.springframework.jdbc.BadSqlGrammarException: \r\n### Error querying database.  Cause: java.sql.SQLSyntaxErrorException: Unknown column \'s.modify_date\' in \'field list\'\r\n### The error may exist in file [D:\\cpan\\密\\电商erp\\RuoYi-Vue\\ruoyi\\target\\classes\\mybatis\\shop\\ShopMapper.xml]\r\n### The error may involve com.ruoyi.erp.shop.mapper.ShopMapper.selectShopList-Inline\r\n### The error occurred while setting parameters\r\n### SQL: select s.id, s.admin_id, s.shop_type_id, s.shop_name, s.shop_data, s.create_date, s.modify_date, s.auth_date,         t.name,t.short_name         from erp_shop s             left join erp_shop_type t on s.shop_type_id = t.id\r\n### Cause: java.sql.SQLSyntaxErrorException: Unknown column \'s.modify_date\' in \'field list\'\n; bad SQL grammar []; nested exception is java.sql.SQLSyntaxErrorException: Unknown column \'s.modify_date\' in \'field list\'\r\n	at org.springframework.jdbc.support.SQLErrorCodeSQLExceptionTranslator.doTranslate(SQLErrorCodeSQLExceptionTranslator.java:234)\r\n	at org.springframework.jdbc.support.AbstractFallbackSQLExceptionTranslator.translate(AbstractFallbackSQLExceptionTranslator.java:72)\r\n	at org.mybatis.spring.MyBatisExceptionTranslator.translateExceptionIfPossible(MyBatisExcep', '2020-07-09 08:00:00');
INSERT INTO `sys_job_log` VALUES (440, '用户订单下载保存', 'wish_order', 'orderTask.ryDownSaveWishOrder', '用户订单下载保存 总共耗时：2231毫秒', '0', '', '2020-07-09 08:10:02');
INSERT INTO `sys_job_log` VALUES (441, '用户订单同步', 'wish_order', 'orderTask.ryWishOrder', '用户订单同步 总共耗时：13毫秒', '1', 'java.lang.reflect.InvocationTargetException\r\n	at sun.reflect.GeneratedMethodAccessor248.invoke(Unknown Source)\r\n	at sun.reflect.DelegatingMethodAccessorImpl.invoke(DelegatingMethodAccessorImpl.java:43)\r\n	at java.lang.reflect.Method.invoke(Method.java:498)\r\n	at com.ruoyi.common.utils.job.JobInvokeUtil.invokeMethod(JobInvokeUtil.java:61)\r\n	at com.ruoyi.common.utils.job.JobInvokeUtil.invokeMethod(JobInvokeUtil.java:33)\r\n	at com.ruoyi.common.utils.job.QuartzDisallowConcurrentExecution.doExecute(QuartzDisallowConcurrentExecution.java:19)\r\n	at com.ruoyi.common.utils.job.AbstractQuartzJob.execute(AbstractQuartzJob.java:43)\r\n	at org.quartz.core.JobRunShell.run(JobRunShell.java:202)\r\n	at org.quartz.simpl.SimpleThreadPool$WorkerThread.run(SimpleThreadPool.java:573)\r\nCaused by: org.springframework.jdbc.BadSqlGrammarException: \r\n### Error querying database.  Cause: java.sql.SQLSyntaxErrorException: Unknown column \'s.modify_date\' in \'field list\'\r\n### The error may exist in file [D:\\cpan\\密\\电商erp\\RuoYi-Vue\\ruoyi\\target\\classes\\mybatis\\shop\\ShopMapper.xml]\r\n### The error may involve com.ruoyi.erp.shop.mapper.ShopMapper.selectShopList-Inline\r\n### The error occurred while setting parameters\r\n### SQL: select s.id, s.admin_id, s.shop_type_id, s.shop_name, s.shop_data, s.create_date, s.modify_date, s.auth_date,         t.name,t.short_name         from erp_shop s             left join erp_shop_type t on s.shop_type_id = t.id\r\n### Cause: java.sql.SQLSyntaxErrorException: Unknown column \'s.modify_date\' in \'field list\'\n; bad SQL grammar []; nested exception is java.sql.SQLSyntaxErrorException: Unknown column \'s.modify_date\' in \'field list\'\r\n	at org.springframework.jdbc.support.SQLErrorCodeSQLExceptionTranslator.doTranslate(SQLErrorCodeSQLExceptionTranslator.java:234)\r\n	at org.springframework.jdbc.support.AbstractFallbackSQLExceptionTranslator.translate(AbstractFallbackSQLExceptionTranslator.java:72)\r\n	at org.mybatis.spring.MyBatisExceptionTranslator.translateExceptionIfPossible(MyBatisExcep', '2020-07-09 09:00:00');
INSERT INTO `sys_job_log` VALUES (442, '用户订单下载保存', 'wish_order', 'orderTask.ryDownSaveWishOrder', '用户订单下载保存 总共耗时：2945毫秒', '0', '', '2020-07-09 09:10:03');
INSERT INTO `sys_job_log` VALUES (443, '用户订单同步', 'wish_order', 'orderTask.ryWishOrder', '用户订单同步 总共耗时：52毫秒', '1', 'java.lang.reflect.InvocationTargetException\r\n	at sun.reflect.GeneratedMethodAccessor248.invoke(Unknown Source)\r\n	at sun.reflect.DelegatingMethodAccessorImpl.invoke(DelegatingMethodAccessorImpl.java:43)\r\n	at java.lang.reflect.Method.invoke(Method.java:498)\r\n	at com.ruoyi.common.utils.job.JobInvokeUtil.invokeMethod(JobInvokeUtil.java:61)\r\n	at com.ruoyi.common.utils.job.JobInvokeUtil.invokeMethod(JobInvokeUtil.java:33)\r\n	at com.ruoyi.common.utils.job.QuartzDisallowConcurrentExecution.doExecute(QuartzDisallowConcurrentExecution.java:19)\r\n	at com.ruoyi.common.utils.job.AbstractQuartzJob.execute(AbstractQuartzJob.java:43)\r\n	at org.quartz.core.JobRunShell.run(JobRunShell.java:202)\r\n	at org.quartz.simpl.SimpleThreadPool$WorkerThread.run(SimpleThreadPool.java:573)\r\nCaused by: org.springframework.jdbc.BadSqlGrammarException: \r\n### Error querying database.  Cause: java.sql.SQLSyntaxErrorException: Unknown column \'s.modify_date\' in \'field list\'\r\n### The error may exist in file [D:\\cpan\\密\\电商erp\\RuoYi-Vue\\ruoyi\\target\\classes\\mybatis\\shop\\ShopMapper.xml]\r\n### The error may involve com.ruoyi.erp.shop.mapper.ShopMapper.selectShopList-Inline\r\n### The error occurred while setting parameters\r\n### SQL: select s.id, s.admin_id, s.shop_type_id, s.shop_name, s.shop_data, s.create_date, s.modify_date, s.auth_date,         t.name,t.short_name         from erp_shop s             left join erp_shop_type t on s.shop_type_id = t.id\r\n### Cause: java.sql.SQLSyntaxErrorException: Unknown column \'s.modify_date\' in \'field list\'\n; bad SQL grammar []; nested exception is java.sql.SQLSyntaxErrorException: Unknown column \'s.modify_date\' in \'field list\'\r\n	at org.springframework.jdbc.support.SQLErrorCodeSQLExceptionTranslator.doTranslate(SQLErrorCodeSQLExceptionTranslator.java:234)\r\n	at org.springframework.jdbc.support.AbstractFallbackSQLExceptionTranslator.translate(AbstractFallbackSQLExceptionTranslator.java:72)\r\n	at org.mybatis.spring.MyBatisExceptionTranslator.translateExceptionIfPossible(MyBatisExcep', '2020-07-09 10:00:00');
INSERT INTO `sys_job_log` VALUES (444, '用户订单下载保存', 'wish_order', 'orderTask.ryDownSaveWishOrder', '用户订单下载保存 总共耗时：2469毫秒', '0', '', '2020-07-09 10:10:02');
INSERT INTO `sys_job_log` VALUES (445, '用户订单同步', 'wish_order', 'orderTask.ryWishOrder', '用户订单同步 总共耗时：56毫秒', '1', 'java.lang.reflect.InvocationTargetException\r\n	at sun.reflect.GeneratedMethodAccessor248.invoke(Unknown Source)\r\n	at sun.reflect.DelegatingMethodAccessorImpl.invoke(DelegatingMethodAccessorImpl.java:43)\r\n	at java.lang.reflect.Method.invoke(Method.java:498)\r\n	at com.ruoyi.common.utils.job.JobInvokeUtil.invokeMethod(JobInvokeUtil.java:61)\r\n	at com.ruoyi.common.utils.job.JobInvokeUtil.invokeMethod(JobInvokeUtil.java:33)\r\n	at com.ruoyi.common.utils.job.QuartzDisallowConcurrentExecution.doExecute(QuartzDisallowConcurrentExecution.java:19)\r\n	at com.ruoyi.common.utils.job.AbstractQuartzJob.execute(AbstractQuartzJob.java:43)\r\n	at org.quartz.core.JobRunShell.run(JobRunShell.java:202)\r\n	at org.quartz.simpl.SimpleThreadPool$WorkerThread.run(SimpleThreadPool.java:573)\r\nCaused by: org.springframework.jdbc.BadSqlGrammarException: \r\n### Error querying database.  Cause: java.sql.SQLSyntaxErrorException: Unknown column \'s.modify_date\' in \'field list\'\r\n### The error may exist in file [D:\\cpan\\密\\电商erp\\RuoYi-Vue\\ruoyi\\target\\classes\\mybatis\\shop\\ShopMapper.xml]\r\n### The error may involve com.ruoyi.erp.shop.mapper.ShopMapper.selectShopList-Inline\r\n### The error occurred while setting parameters\r\n### SQL: select s.id, s.admin_id, s.shop_type_id, s.shop_name, s.shop_data, s.create_date, s.modify_date, s.auth_date,         t.name,t.short_name         from erp_shop s             left join erp_shop_type t on s.shop_type_id = t.id\r\n### Cause: java.sql.SQLSyntaxErrorException: Unknown column \'s.modify_date\' in \'field list\'\n; bad SQL grammar []; nested exception is java.sql.SQLSyntaxErrorException: Unknown column \'s.modify_date\' in \'field list\'\r\n	at org.springframework.jdbc.support.SQLErrorCodeSQLExceptionTranslator.doTranslate(SQLErrorCodeSQLExceptionTranslator.java:234)\r\n	at org.springframework.jdbc.support.AbstractFallbackSQLExceptionTranslator.translate(AbstractFallbackSQLExceptionTranslator.java:72)\r\n	at org.mybatis.spring.MyBatisExceptionTranslator.translateExceptionIfPossible(MyBatisExcep', '2020-07-09 11:00:00');
INSERT INTO `sys_job_log` VALUES (446, '用户订单下载保存', 'wish_order', 'orderTask.ryDownSaveWishOrder', '用户订单下载保存 总共耗时：5224毫秒', '0', '', '2020-07-09 11:10:05');
INSERT INTO `sys_job_log` VALUES (447, '用户订单同步', 'wish_order', 'orderTask.ryWishOrder', '用户订单同步 总共耗时：7毫秒', '1', 'java.lang.reflect.InvocationTargetException\r\n	at sun.reflect.GeneratedMethodAccessor248.invoke(Unknown Source)\r\n	at sun.reflect.DelegatingMethodAccessorImpl.invoke(DelegatingMethodAccessorImpl.java:43)\r\n	at java.lang.reflect.Method.invoke(Method.java:498)\r\n	at com.ruoyi.common.utils.job.JobInvokeUtil.invokeMethod(JobInvokeUtil.java:61)\r\n	at com.ruoyi.common.utils.job.JobInvokeUtil.invokeMethod(JobInvokeUtil.java:33)\r\n	at com.ruoyi.common.utils.job.QuartzDisallowConcurrentExecution.doExecute(QuartzDisallowConcurrentExecution.java:19)\r\n	at com.ruoyi.common.utils.job.AbstractQuartzJob.execute(AbstractQuartzJob.java:43)\r\n	at org.quartz.core.JobRunShell.run(JobRunShell.java:202)\r\n	at org.quartz.simpl.SimpleThreadPool$WorkerThread.run(SimpleThreadPool.java:573)\r\nCaused by: org.springframework.jdbc.BadSqlGrammarException: \r\n### Error querying database.  Cause: java.sql.SQLSyntaxErrorException: Unknown column \'s.modify_date\' in \'field list\'\r\n### The error may exist in file [D:\\cpan\\密\\电商erp\\RuoYi-Vue\\ruoyi\\target\\classes\\mybatis\\shop\\ShopMapper.xml]\r\n### The error may involve com.ruoyi.erp.shop.mapper.ShopMapper.selectShopList-Inline\r\n### The error occurred while setting parameters\r\n### SQL: select s.id, s.admin_id, s.shop_type_id, s.shop_name, s.shop_data, s.create_date, s.modify_date, s.auth_date,         t.name,t.short_name         from erp_shop s             left join erp_shop_type t on s.shop_type_id = t.id\r\n### Cause: java.sql.SQLSyntaxErrorException: Unknown column \'s.modify_date\' in \'field list\'\n; bad SQL grammar []; nested exception is java.sql.SQLSyntaxErrorException: Unknown column \'s.modify_date\' in \'field list\'\r\n	at org.springframework.jdbc.support.SQLErrorCodeSQLExceptionTranslator.doTranslate(SQLErrorCodeSQLExceptionTranslator.java:234)\r\n	at org.springframework.jdbc.support.AbstractFallbackSQLExceptionTranslator.translate(AbstractFallbackSQLExceptionTranslator.java:72)\r\n	at org.mybatis.spring.MyBatisExceptionTranslator.translateExceptionIfPossible(MyBatisExcep', '2020-07-09 12:00:00');
INSERT INTO `sys_job_log` VALUES (448, '用户订单下载保存', 'wish_order', 'orderTask.ryDownSaveWishOrder', '用户订单下载保存 总共耗时：3133毫秒', '0', '', '2020-07-09 12:10:03');
INSERT INTO `sys_job_log` VALUES (449, '用户订单同步', 'wish_order', 'orderTask.ryWishOrder', '用户订单同步 总共耗时：5毫秒', '1', 'java.lang.reflect.InvocationTargetException\r\n	at sun.reflect.GeneratedMethodAccessor248.invoke(Unknown Source)\r\n	at sun.reflect.DelegatingMethodAccessorImpl.invoke(DelegatingMethodAccessorImpl.java:43)\r\n	at java.lang.reflect.Method.invoke(Method.java:498)\r\n	at com.ruoyi.common.utils.job.JobInvokeUtil.invokeMethod(JobInvokeUtil.java:61)\r\n	at com.ruoyi.common.utils.job.JobInvokeUtil.invokeMethod(JobInvokeUtil.java:33)\r\n	at com.ruoyi.common.utils.job.QuartzDisallowConcurrentExecution.doExecute(QuartzDisallowConcurrentExecution.java:19)\r\n	at com.ruoyi.common.utils.job.AbstractQuartzJob.execute(AbstractQuartzJob.java:43)\r\n	at org.quartz.core.JobRunShell.run(JobRunShell.java:202)\r\n	at org.quartz.simpl.SimpleThreadPool$WorkerThread.run(SimpleThreadPool.java:573)\r\nCaused by: org.springframework.jdbc.BadSqlGrammarException: \r\n### Error querying database.  Cause: java.sql.SQLSyntaxErrorException: Unknown column \'s.modify_date\' in \'field list\'\r\n### The error may exist in file [D:\\cpan\\密\\电商erp\\RuoYi-Vue\\ruoyi\\target\\classes\\mybatis\\shop\\ShopMapper.xml]\r\n### The error may involve com.ruoyi.erp.shop.mapper.ShopMapper.selectShopList-Inline\r\n### The error occurred while setting parameters\r\n### SQL: select s.id, s.admin_id, s.shop_type_id, s.shop_name, s.shop_data, s.create_date, s.modify_date, s.auth_date,         t.name,t.short_name         from erp_shop s             left join erp_shop_type t on s.shop_type_id = t.id\r\n### Cause: java.sql.SQLSyntaxErrorException: Unknown column \'s.modify_date\' in \'field list\'\n; bad SQL grammar []; nested exception is java.sql.SQLSyntaxErrorException: Unknown column \'s.modify_date\' in \'field list\'\r\n	at org.springframework.jdbc.support.SQLErrorCodeSQLExceptionTranslator.doTranslate(SQLErrorCodeSQLExceptionTranslator.java:234)\r\n	at org.springframework.jdbc.support.AbstractFallbackSQLExceptionTranslator.translate(AbstractFallbackSQLExceptionTranslator.java:72)\r\n	at org.mybatis.spring.MyBatisExceptionTranslator.translateExceptionIfPossible(MyBatisExcep', '2020-07-09 13:00:00');
INSERT INTO `sys_job_log` VALUES (450, '用户订单下载保存', 'wish_order', 'orderTask.ryDownSaveWishOrder', '用户订单下载保存 总共耗时：5653毫秒', '0', '', '2020-07-09 13:10:05');
INSERT INTO `sys_job_log` VALUES (451, '用户订单同步', 'wish_order', 'orderTask.ryWishOrder', '用户订单同步 总共耗时：4毫秒', '1', 'java.lang.reflect.InvocationTargetException\r\n	at sun.reflect.GeneratedMethodAccessor248.invoke(Unknown Source)\r\n	at sun.reflect.DelegatingMethodAccessorImpl.invoke(DelegatingMethodAccessorImpl.java:43)\r\n	at java.lang.reflect.Method.invoke(Method.java:498)\r\n	at com.ruoyi.common.utils.job.JobInvokeUtil.invokeMethod(JobInvokeUtil.java:61)\r\n	at com.ruoyi.common.utils.job.JobInvokeUtil.invokeMethod(JobInvokeUtil.java:33)\r\n	at com.ruoyi.common.utils.job.QuartzDisallowConcurrentExecution.doExecute(QuartzDisallowConcurrentExecution.java:19)\r\n	at com.ruoyi.common.utils.job.AbstractQuartzJob.execute(AbstractQuartzJob.java:43)\r\n	at org.quartz.core.JobRunShell.run(JobRunShell.java:202)\r\n	at org.quartz.simpl.SimpleThreadPool$WorkerThread.run(SimpleThreadPool.java:573)\r\nCaused by: org.springframework.jdbc.BadSqlGrammarException: \r\n### Error querying database.  Cause: java.sql.SQLSyntaxErrorException: Unknown column \'s.modify_date\' in \'field list\'\r\n### The error may exist in file [D:\\cpan\\密\\电商erp\\RuoYi-Vue\\ruoyi\\target\\classes\\mybatis\\shop\\ShopMapper.xml]\r\n### The error may involve com.ruoyi.erp.shop.mapper.ShopMapper.selectShopList-Inline\r\n### The error occurred while setting parameters\r\n### SQL: select s.id, s.admin_id, s.shop_type_id, s.shop_name, s.shop_data, s.create_date, s.modify_date, s.auth_date,         t.name,t.short_name         from erp_shop s             left join erp_shop_type t on s.shop_type_id = t.id\r\n### Cause: java.sql.SQLSyntaxErrorException: Unknown column \'s.modify_date\' in \'field list\'\n; bad SQL grammar []; nested exception is java.sql.SQLSyntaxErrorException: Unknown column \'s.modify_date\' in \'field list\'\r\n	at org.springframework.jdbc.support.SQLErrorCodeSQLExceptionTranslator.doTranslate(SQLErrorCodeSQLExceptionTranslator.java:234)\r\n	at org.springframework.jdbc.support.AbstractFallbackSQLExceptionTranslator.translate(AbstractFallbackSQLExceptionTranslator.java:72)\r\n	at org.mybatis.spring.MyBatisExceptionTranslator.translateExceptionIfPossible(MyBatisExcep', '2020-07-09 14:00:00');
INSERT INTO `sys_job_log` VALUES (452, '用户订单下载保存', 'wish_order', 'orderTask.ryDownSaveWishOrder', '用户订单下载保存 总共耗时：4601毫秒', '0', '', '2020-07-09 14:10:04');
INSERT INTO `sys_job_log` VALUES (453, '用户订单同步', 'wish_order', 'orderTask.ryWishOrder', '用户订单同步 总共耗时：17毫秒', '1', 'java.lang.reflect.InvocationTargetException\r\n	at sun.reflect.GeneratedMethodAccessor248.invoke(Unknown Source)\r\n	at sun.reflect.DelegatingMethodAccessorImpl.invoke(DelegatingMethodAccessorImpl.java:43)\r\n	at java.lang.reflect.Method.invoke(Method.java:498)\r\n	at com.ruoyi.common.utils.job.JobInvokeUtil.invokeMethod(JobInvokeUtil.java:61)\r\n	at com.ruoyi.common.utils.job.JobInvokeUtil.invokeMethod(JobInvokeUtil.java:33)\r\n	at com.ruoyi.common.utils.job.QuartzDisallowConcurrentExecution.doExecute(QuartzDisallowConcurrentExecution.java:19)\r\n	at com.ruoyi.common.utils.job.AbstractQuartzJob.execute(AbstractQuartzJob.java:43)\r\n	at org.quartz.core.JobRunShell.run(JobRunShell.java:202)\r\n	at org.quartz.simpl.SimpleThreadPool$WorkerThread.run(SimpleThreadPool.java:573)\r\nCaused by: org.springframework.jdbc.BadSqlGrammarException: \r\n### Error querying database.  Cause: java.sql.SQLSyntaxErrorException: Unknown column \'s.modify_date\' in \'field list\'\r\n### The error may exist in file [D:\\cpan\\密\\电商erp\\RuoYi-Vue\\ruoyi\\target\\classes\\mybatis\\shop\\ShopMapper.xml]\r\n### The error may involve com.ruoyi.erp.shop.mapper.ShopMapper.selectShopList-Inline\r\n### The error occurred while setting parameters\r\n### SQL: select s.id, s.admin_id, s.shop_type_id, s.shop_name, s.shop_data, s.create_date, s.modify_date, s.auth_date,         t.name,t.short_name         from erp_shop s             left join erp_shop_type t on s.shop_type_id = t.id\r\n### Cause: java.sql.SQLSyntaxErrorException: Unknown column \'s.modify_date\' in \'field list\'\n; bad SQL grammar []; nested exception is java.sql.SQLSyntaxErrorException: Unknown column \'s.modify_date\' in \'field list\'\r\n	at org.springframework.jdbc.support.SQLErrorCodeSQLExceptionTranslator.doTranslate(SQLErrorCodeSQLExceptionTranslator.java:234)\r\n	at org.springframework.jdbc.support.AbstractFallbackSQLExceptionTranslator.translate(AbstractFallbackSQLExceptionTranslator.java:72)\r\n	at org.mybatis.spring.MyBatisExceptionTranslator.translateExceptionIfPossible(MyBatisExcep', '2020-07-09 15:00:00');
INSERT INTO `sys_job_log` VALUES (454, '用户订单下载保存', 'wish_order', 'orderTask.ryDownSaveWishOrder', '用户订单下载保存 总共耗时：8973毫秒', '0', '', '2020-07-09 15:10:09');
INSERT INTO `sys_job_log` VALUES (455, '用户订单同步', 'wish_order', 'orderTask.ryWishOrder', '用户订单同步 总共耗时：22毫秒', '1', 'java.lang.reflect.InvocationTargetException\r\n	at sun.reflect.GeneratedMethodAccessor248.invoke(Unknown Source)\r\n	at sun.reflect.DelegatingMethodAccessorImpl.invoke(DelegatingMethodAccessorImpl.java:43)\r\n	at java.lang.reflect.Method.invoke(Method.java:498)\r\n	at com.ruoyi.common.utils.job.JobInvokeUtil.invokeMethod(JobInvokeUtil.java:61)\r\n	at com.ruoyi.common.utils.job.JobInvokeUtil.invokeMethod(JobInvokeUtil.java:33)\r\n	at com.ruoyi.common.utils.job.QuartzDisallowConcurrentExecution.doExecute(QuartzDisallowConcurrentExecution.java:19)\r\n	at com.ruoyi.common.utils.job.AbstractQuartzJob.execute(AbstractQuartzJob.java:43)\r\n	at org.quartz.core.JobRunShell.run(JobRunShell.java:202)\r\n	at org.quartz.simpl.SimpleThreadPool$WorkerThread.run(SimpleThreadPool.java:573)\r\nCaused by: org.springframework.jdbc.BadSqlGrammarException: \r\n### Error querying database.  Cause: java.sql.SQLSyntaxErrorException: Unknown column \'s.modify_date\' in \'field list\'\r\n### The error may exist in file [D:\\cpan\\密\\电商erp\\RuoYi-Vue\\ruoyi\\target\\classes\\mybatis\\shop\\ShopMapper.xml]\r\n### The error may involve com.ruoyi.erp.shop.mapper.ShopMapper.selectShopList-Inline\r\n### The error occurred while setting parameters\r\n### SQL: select s.id, s.admin_id, s.shop_type_id, s.shop_name, s.shop_data, s.create_date, s.modify_date, s.auth_date,         t.name,t.short_name         from erp_shop s             left join erp_shop_type t on s.shop_type_id = t.id\r\n### Cause: java.sql.SQLSyntaxErrorException: Unknown column \'s.modify_date\' in \'field list\'\n; bad SQL grammar []; nested exception is java.sql.SQLSyntaxErrorException: Unknown column \'s.modify_date\' in \'field list\'\r\n	at org.springframework.jdbc.support.SQLErrorCodeSQLExceptionTranslator.doTranslate(SQLErrorCodeSQLExceptionTranslator.java:234)\r\n	at org.springframework.jdbc.support.AbstractFallbackSQLExceptionTranslator.translate(AbstractFallbackSQLExceptionTranslator.java:72)\r\n	at org.mybatis.spring.MyBatisExceptionTranslator.translateExceptionIfPossible(MyBatisExcep', '2020-07-09 16:00:00');
INSERT INTO `sys_job_log` VALUES (456, '用户订单下载保存', 'wish_order', 'orderTask.ryDownSaveWishOrder', '用户订单下载保存 总共耗时：4829毫秒', '0', '', '2020-07-09 16:10:04');
INSERT INTO `sys_job_log` VALUES (457, '用户订单同步', 'wish_order', 'orderTask.ryWishOrder', '用户订单同步 总共耗时：7毫秒', '1', 'java.lang.reflect.InvocationTargetException\r\n	at sun.reflect.GeneratedMethodAccessor248.invoke(Unknown Source)\r\n	at sun.reflect.DelegatingMethodAccessorImpl.invoke(DelegatingMethodAccessorImpl.java:43)\r\n	at java.lang.reflect.Method.invoke(Method.java:498)\r\n	at com.ruoyi.common.utils.job.JobInvokeUtil.invokeMethod(JobInvokeUtil.java:61)\r\n	at com.ruoyi.common.utils.job.JobInvokeUtil.invokeMethod(JobInvokeUtil.java:33)\r\n	at com.ruoyi.common.utils.job.QuartzDisallowConcurrentExecution.doExecute(QuartzDisallowConcurrentExecution.java:19)\r\n	at com.ruoyi.common.utils.job.AbstractQuartzJob.execute(AbstractQuartzJob.java:43)\r\n	at org.quartz.core.JobRunShell.run(JobRunShell.java:202)\r\n	at org.quartz.simpl.SimpleThreadPool$WorkerThread.run(SimpleThreadPool.java:573)\r\nCaused by: org.springframework.jdbc.BadSqlGrammarException: \r\n### Error querying database.  Cause: java.sql.SQLSyntaxErrorException: Unknown column \'s.modify_date\' in \'field list\'\r\n### The error may exist in file [D:\\cpan\\密\\电商erp\\RuoYi-Vue\\ruoyi\\target\\classes\\mybatis\\shop\\ShopMapper.xml]\r\n### The error may involve com.ruoyi.erp.shop.mapper.ShopMapper.selectShopList-Inline\r\n### The error occurred while setting parameters\r\n### SQL: select s.id, s.admin_id, s.shop_type_id, s.shop_name, s.shop_data, s.create_date, s.modify_date, s.auth_date,         t.name,t.short_name         from erp_shop s             left join erp_shop_type t on s.shop_type_id = t.id\r\n### Cause: java.sql.SQLSyntaxErrorException: Unknown column \'s.modify_date\' in \'field list\'\n; bad SQL grammar []; nested exception is java.sql.SQLSyntaxErrorException: Unknown column \'s.modify_date\' in \'field list\'\r\n	at org.springframework.jdbc.support.SQLErrorCodeSQLExceptionTranslator.doTranslate(SQLErrorCodeSQLExceptionTranslator.java:234)\r\n	at org.springframework.jdbc.support.AbstractFallbackSQLExceptionTranslator.translate(AbstractFallbackSQLExceptionTranslator.java:72)\r\n	at org.mybatis.spring.MyBatisExceptionTranslator.translateExceptionIfPossible(MyBatisExcep', '2020-07-09 17:00:00');
INSERT INTO `sys_job_log` VALUES (458, '用户订单下载保存', 'wish_order', 'orderTask.ryDownSaveWishOrder', '用户订单下载保存 总共耗时：2401毫秒', '0', '', '2020-07-09 17:10:02');
INSERT INTO `sys_job_log` VALUES (459, '用户订单同步', 'wish_order', 'orderTask.ryWishOrder', '用户订单同步 总共耗时：159毫秒', '1', 'java.lang.reflect.InvocationTargetException\r\n	at sun.reflect.GeneratedMethodAccessor248.invoke(Unknown Source)\r\n	at sun.reflect.DelegatingMethodAccessorImpl.invoke(DelegatingMethodAccessorImpl.java:43)\r\n	at java.lang.reflect.Method.invoke(Method.java:498)\r\n	at com.ruoyi.common.utils.job.JobInvokeUtil.invokeMethod(JobInvokeUtil.java:61)\r\n	at com.ruoyi.common.utils.job.JobInvokeUtil.invokeMethod(JobInvokeUtil.java:33)\r\n	at com.ruoyi.common.utils.job.QuartzDisallowConcurrentExecution.doExecute(QuartzDisallowConcurrentExecution.java:19)\r\n	at com.ruoyi.common.utils.job.AbstractQuartzJob.execute(AbstractQuartzJob.java:43)\r\n	at org.quartz.core.JobRunShell.run(JobRunShell.java:202)\r\n	at org.quartz.simpl.SimpleThreadPool$WorkerThread.run(SimpleThreadPool.java:573)\r\nCaused by: org.springframework.jdbc.BadSqlGrammarException: \r\n### Error querying database.  Cause: java.sql.SQLSyntaxErrorException: Unknown column \'s.modify_date\' in \'field list\'\r\n### The error may exist in file [D:\\cpan\\密\\电商erp\\RuoYi-Vue\\ruoyi\\target\\classes\\mybatis\\shop\\ShopMapper.xml]\r\n### The error may involve com.ruoyi.erp.shop.mapper.ShopMapper.selectShopList-Inline\r\n### The error occurred while setting parameters\r\n### SQL: select s.id, s.admin_id, s.shop_type_id, s.shop_name, s.shop_data, s.create_date, s.modify_date, s.auth_date,         t.name,t.short_name         from erp_shop s             left join erp_shop_type t on s.shop_type_id = t.id\r\n### Cause: java.sql.SQLSyntaxErrorException: Unknown column \'s.modify_date\' in \'field list\'\n; bad SQL grammar []; nested exception is java.sql.SQLSyntaxErrorException: Unknown column \'s.modify_date\' in \'field list\'\r\n	at org.springframework.jdbc.support.SQLErrorCodeSQLExceptionTranslator.doTranslate(SQLErrorCodeSQLExceptionTranslator.java:234)\r\n	at org.springframework.jdbc.support.AbstractFallbackSQLExceptionTranslator.translate(AbstractFallbackSQLExceptionTranslator.java:72)\r\n	at org.mybatis.spring.MyBatisExceptionTranslator.translateExceptionIfPossible(MyBatisExcep', '2020-07-09 18:00:00');
INSERT INTO `sys_job_log` VALUES (460, '用户订单下载保存', 'wish_order', 'orderTask.ryDownSaveWishOrder', '用户订单下载保存 总共耗时：4597毫秒', '0', '', '2020-07-09 18:10:05');
INSERT INTO `sys_job_log` VALUES (461, '用户订单同步', 'wish_order', 'orderTask.ryWishOrder', '用户订单同步 总共耗时：256毫秒', '1', 'java.lang.reflect.InvocationTargetException\r\n	at sun.reflect.NativeMethodAccessorImpl.invoke0(Native Method)\r\n	at sun.reflect.NativeMethodAccessorImpl.invoke(NativeMethodAccessorImpl.java:62)\r\n	at sun.reflect.DelegatingMethodAccessorImpl.invoke(DelegatingMethodAccessorImpl.java:43)\r\n	at java.lang.reflect.Method.invoke(Method.java:498)\r\n	at com.ruoyi.common.utils.job.JobInvokeUtil.invokeMethod(JobInvokeUtil.java:61)\r\n	at com.ruoyi.common.utils.job.JobInvokeUtil.invokeMethod(JobInvokeUtil.java:33)\r\n	at com.ruoyi.common.utils.job.QuartzDisallowConcurrentExecution.doExecute(QuartzDisallowConcurrentExecution.java:19)\r\n	at com.ruoyi.common.utils.job.AbstractQuartzJob.execute(AbstractQuartzJob.java:43)\r\n	at org.quartz.core.JobRunShell.run(JobRunShell.java:202)\r\n	at org.quartz.simpl.SimpleThreadPool$WorkerThread.run(SimpleThreadPool.java:573)\r\nCaused by: org.springframework.jdbc.BadSqlGrammarException: \r\n### Error querying database.  Cause: java.sql.SQLSyntaxErrorException: Unknown column \'s.modify_date\' in \'field list\'\r\n### The error may exist in file [D:\\cpan\\密\\电商erp\\RuoYi-Vue\\ruoyi\\target\\classes\\mybatis\\shop\\ShopMapper.xml]\r\n### The error may involve com.ruoyi.erp.shop.mapper.ShopMapper.selectShopList-Inline\r\n### The error occurred while setting parameters\r\n### SQL: select s.id, s.admin_id, s.shop_type_id, s.shop_name, s.shop_data, s.create_date, s.modify_date, s.auth_date,         t.name,t.short_name         from erp_shop s             left join erp_shop_type t on s.shop_type_id = t.id\r\n### Cause: java.sql.SQLSyntaxErrorException: Unknown column \'s.modify_date\' in \'field list\'\n; bad SQL grammar []; nested exception is java.sql.SQLSyntaxErrorException: Unknown column \'s.modify_date\' in \'field list\'\r\n	at org.springframework.jdbc.support.SQLErrorCodeSQLExceptionTranslator.doTranslate(SQLErrorCodeSQLExceptionTranslator.java:234)\r\n	at org.springframework.jdbc.support.AbstractFallbackSQLExceptionTranslator.translate(AbstractFallbackSQLExceptionTranslator.java:72)\r\n	at org.my', '2020-07-13 16:00:00');
INSERT INTO `sys_job_log` VALUES (462, '用户订单下载保存', 'wish_order', 'orderTask.ryDownSaveWishOrder', '用户订单下载保存 总共耗时：10090毫秒', '0', '', '2020-07-13 16:10:10');
INSERT INTO `sys_job_log` VALUES (463, '用户订单同步', 'wish_order', 'orderTask.ryWishOrder', '用户订单同步 总共耗时：1795毫秒', '0', '', '2020-07-13 17:00:01');
INSERT INTO `sys_job_log` VALUES (464, '用户订单下载保存', 'wish_order', 'orderTask.ryDownSaveWishOrder', '用户订单下载保存 总共耗时：3330毫秒', '0', '', '2020-07-13 17:10:03');
INSERT INTO `sys_job_log` VALUES (465, '用户订单同步', 'wish_order', 'orderTask.ryWishOrder', '用户订单同步 总共耗时：1456毫秒', '0', '', '2020-07-13 18:00:01');
INSERT INTO `sys_job_log` VALUES (466, '用户订单下载保存', 'wish_order', 'orderTask.ryDownSaveWishOrder', '用户订单下载保存 总共耗时：13794毫秒', '0', '', '2020-07-13 18:10:13');
INSERT INTO `sys_job_log` VALUES (467, '用户订单同步', 'wish_order', 'orderTask.ryWishOrder', '用户订单同步 总共耗时：2344毫秒', '0', '', '2020-07-13 19:00:02');
INSERT INTO `sys_job_log` VALUES (468, '用户订单下载保存', 'wish_order', 'orderTask.ryDownSaveWishOrder', '用户订单下载保存 总共耗时：6007毫秒', '0', '', '2020-07-13 19:10:06');
INSERT INTO `sys_job_log` VALUES (469, '用户订单同步', 'wish_order', 'orderTask.ryWishOrder', '用户订单同步 总共耗时：1841毫秒', '0', '', '2020-07-13 20:00:02');
INSERT INTO `sys_job_log` VALUES (470, '用户订单下载保存', 'wish_order', 'orderTask.ryDownSaveWishOrder', '用户订单下载保存 总共耗时：11095毫秒', '0', '', '2020-07-13 20:10:11');
INSERT INTO `sys_job_log` VALUES (471, '用户订单同步', 'wish_order', 'orderTask.ryWishOrder', '用户订单同步 总共耗时：3224毫秒', '0', '', '2020-07-13 21:00:03');
INSERT INTO `sys_job_log` VALUES (472, '用户订单下载保存', 'wish_order', 'orderTask.ryDownSaveWishOrder', '用户订单下载保存 总共耗时：3705毫秒', '0', '', '2020-07-13 21:10:03');
INSERT INTO `sys_job_log` VALUES (473, '用户订单同步', 'wish_order', 'orderTask.ryWishOrder', '用户订单同步 总共耗时：5367毫秒', '0', '', '2020-07-13 22:00:05');
INSERT INTO `sys_job_log` VALUES (474, '用户订单同步', 'wish_order', 'orderTask.ryWishOrder', '用户订单同步 总共耗时：1941毫秒', '0', '', '2020-07-13 23:00:02');
INSERT INTO `sys_job_log` VALUES (475, '用户订单同步', 'wish_order', 'orderTask.ryWishOrder', '用户订单同步 总共耗时：4100毫秒', '0', '', '2020-07-14 00:00:06');
INSERT INTO `sys_job_log` VALUES (476, '用户订单同步', 'wish_order', 'orderTask.ryWishOrder', '用户订单同步 总共耗时：1577毫秒', '0', '', '2020-07-14 01:00:01');
INSERT INTO `sys_job_log` VALUES (477, '用户订单同步', 'wish_order', 'orderTask.ryWishOrder', '用户订单同步 总共耗时：1335毫秒', '0', '', '2020-07-14 02:00:01');
INSERT INTO `sys_job_log` VALUES (478, '用户订单同步', 'wish_order', 'orderTask.ryWishOrder', '用户订单同步 总共耗时：1105毫秒', '0', '', '2020-07-14 03:00:01');
INSERT INTO `sys_job_log` VALUES (479, '用户订单同步', 'wish_order', 'orderTask.ryWishOrder', '用户订单同步 总共耗时：1594毫秒', '0', '', '2020-07-14 04:00:01');
INSERT INTO `sys_job_log` VALUES (480, '用户订单同步', 'wish_order', 'orderTask.ryWishOrder', '用户订单同步 总共耗时：1133毫秒', '0', '', '2020-07-14 05:00:01');
INSERT INTO `sys_job_log` VALUES (481, '用户订单同步', 'wish_order', 'orderTask.ryWishOrder', '用户订单同步 总共耗时：1651毫秒', '0', '', '2020-07-14 06:00:01');
INSERT INTO `sys_job_log` VALUES (482, '用户订单同步', 'wish_order', 'orderTask.ryWishOrder', '用户订单同步 总共耗时：1462毫秒', '0', '', '2020-07-14 07:00:01');
INSERT INTO `sys_job_log` VALUES (483, '用户订单同步', 'wish_order', 'orderTask.ryWishOrder', '用户订单同步 总共耗时：1274毫秒', '0', '', '2020-07-14 08:00:01');
INSERT INTO `sys_job_log` VALUES (484, '用户订单同步', 'wish_order', 'orderTask.ryWishOrder', '用户订单同步 总共耗时：1179毫秒', '0', '', '2020-07-14 08:30:29');
INSERT INTO `sys_job_log` VALUES (485, '用户订单下载保存', 'wish_order', 'orderTask.ryDownSaveWishOrder', '用户订单下载保存 总共耗时：2893毫秒', '0', '', '2020-07-14 08:31:45');
INSERT INTO `sys_job_log` VALUES (486, '用户订单同步', 'wish_order', 'orderTask.ryWishOrder', '用户订单同步 总共耗时：1708毫秒', '0', '', '2020-07-14 09:00:01');
INSERT INTO `sys_job_log` VALUES (487, '用户订单下载保存', 'wish_order', 'orderTask.ryDownSaveWishOrder', '用户订单下载保存 总共耗时：3387毫秒', '0', '', '2020-07-14 09:10:03');
INSERT INTO `sys_job_log` VALUES (488, '用户订单同步', 'wish_order', 'orderTask.ryWishOrder', '用户订单同步 总共耗时：2174毫秒', '0', '', '2020-07-14 10:00:02');
INSERT INTO `sys_job_log` VALUES (489, '用户订单下载保存', 'wish_order', 'orderTask.ryDownSaveWishOrder', '用户订单下载保存 总共耗时：3566毫秒', '0', '', '2020-07-14 10:10:03');
INSERT INTO `sys_job_log` VALUES (490, '用户订单同步', 'wish_order', 'orderTask.ryWishOrder', '用户订单同步 总共耗时：1804毫秒', '0', '', '2020-07-14 11:00:01');
INSERT INTO `sys_job_log` VALUES (491, '用户订单下载保存', 'wish_order', 'orderTask.ryDownSaveWishOrder', '用户订单下载保存 总共耗时：22498毫秒', '0', '', '2020-07-14 11:10:22');
INSERT INTO `sys_job_log` VALUES (492, '用户订单同步', 'wish_order', 'orderTask.ryWishOrder', '用户订单同步 总共耗时：1658毫秒', '0', '', '2020-07-14 12:00:02');
INSERT INTO `sys_job_log` VALUES (493, '用户订单下载保存', 'wish_order', 'orderTask.ryDownSaveWishOrder', '用户订单下载保存 总共耗时：4010毫秒', '0', '', '2020-07-14 12:10:04');
INSERT INTO `sys_job_log` VALUES (494, '用户订单同步', 'wish_order', 'orderTask.ryWishOrder', '用户订单同步 总共耗时：2222毫秒', '0', '', '2020-07-14 13:00:02');
INSERT INTO `sys_job_log` VALUES (495, '用户订单下载保存', 'wish_order', 'orderTask.ryDownSaveWishOrder', '用户订单下载保存 总共耗时：9693毫秒', '0', '', '2020-07-14 13:10:10');
INSERT INTO `sys_job_log` VALUES (496, '用户订单同步', 'wish_order', 'orderTask.ryWishOrder', '用户订单同步 总共耗时：1926毫秒', '0', '', '2020-07-14 14:00:02');
INSERT INTO `sys_job_log` VALUES (497, '用户订单下载保存', 'wish_order', 'orderTask.ryDownSaveWishOrder', '用户订单下载保存 总共耗时：21780毫秒', '0', '', '2020-07-14 14:10:22');
INSERT INTO `sys_job_log` VALUES (498, '用户订单同步', 'wish_order', 'orderTask.ryWishOrder', '用户订单同步 总共耗时：1161毫秒', '0', '', '2020-07-14 15:00:01');
INSERT INTO `sys_job_log` VALUES (499, '用户订单下载保存', 'wish_order', 'orderTask.ryDownSaveWishOrder', '用户订单下载保存 总共耗时：4634毫秒', '0', '', '2020-07-14 15:10:05');
INSERT INTO `sys_job_log` VALUES (500, '用户订单同步', 'wish_order', 'orderTask.ryWishOrder', '用户订单同步 总共耗时：1551毫秒', '0', '', '2020-07-14 16:00:02');
INSERT INTO `sys_job_log` VALUES (501, '用户订单下载保存', 'wish_order', 'orderTask.ryDownSaveWishOrder', '用户订单下载保存 总共耗时：18136毫秒', '0', '', '2020-07-14 16:10:18');
INSERT INTO `sys_job_log` VALUES (502, '用户订单同步', 'wish_order', 'orderTask.ryWishOrder', '用户订单同步 总共耗时：1573毫秒', '0', '', '2020-07-16 17:08:17');
INSERT INTO `sys_job_log` VALUES (503, '用户订单下载保存', 'wish_order', 'orderTask.ryDownSaveWishOrder', '用户订单下载保存 总共耗时：1742毫秒', '0', '', '2020-07-16 17:08:53');

-- ----------------------------
-- Table structure for sys_logininfor
-- ----------------------------
DROP TABLE IF EXISTS `sys_logininfor`;
CREATE TABLE `sys_logininfor`  (
  `info_id` bigint(20) NOT NULL AUTO_INCREMENT COMMENT '访问ID',
  `user_name` varchar(50) CHARACTER SET utf8 COLLATE utf8_general_ci DEFAULT '' COMMENT '用户账号',
  `ipaddr` varchar(50) CHARACTER SET utf8 COLLATE utf8_general_ci DEFAULT '' COMMENT '登录IP地址',
  `login_location` varchar(255) CHARACTER SET utf8 COLLATE utf8_general_ci DEFAULT '' COMMENT '登录地点',
  `browser` varchar(50) CHARACTER SET utf8 COLLATE utf8_general_ci DEFAULT '' COMMENT '浏览器类型',
  `os` varchar(50) CHARACTER SET utf8 COLLATE utf8_general_ci DEFAULT '' COMMENT '操作系统',
  `status` char(1) CHARACTER SET utf8 COLLATE utf8_general_ci DEFAULT '0' COMMENT '登录状态（0成功 1失败）',
  `msg` varchar(255) CHARACTER SET utf8 COLLATE utf8_general_ci DEFAULT '' COMMENT '提示消息',
  `login_time` datetime(0) DEFAULT NULL COMMENT '访问时间',
  PRIMARY KEY (`info_id`) USING BTREE
) ENGINE = InnoDB AUTO_INCREMENT = 128 CHARACTER SET = utf8 COLLATE = utf8_general_ci COMMENT = '系统访问记录' ROW_FORMAT = Dynamic;

-- ----------------------------
-- Records of sys_logininfor
-- ----------------------------
INSERT INTO `sys_logininfor` VALUES (100, 'admin', '127.0.0.1', '内网IP', 'Chrome 8', 'Windows 10', '0', '登录成功', '2020-06-19 11:19:48');
INSERT INTO `sys_logininfor` VALUES (101, 'admin', '127.0.0.1', '内网IP', 'Chrome 8', 'Windows 10', '0', '登录成功', '2020-06-19 13:43:04');
INSERT INTO `sys_logininfor` VALUES (102, 'admin', '127.0.0.1', '内网IP', 'Chrome 8', 'Windows 10', '1', '验证码已失效', '2020-06-19 16:58:30');
INSERT INTO `sys_logininfor` VALUES (103, 'admin', '127.0.0.1', '内网IP', 'Chrome 8', 'Windows 10', '1', '验证码已失效', '2020-06-19 17:02:32');
INSERT INTO `sys_logininfor` VALUES (104, 'admin1', '127.0.0.1', '内网IP', 'Chrome 8', 'Windows 10', '1', '用户不存在/密码错误', '2020-06-19 17:02:52');
INSERT INTO `sys_logininfor` VALUES (105, 'admin1', '127.0.0.1', '内网IP', 'Chrome 8', 'Windows 10', '1', '验证码错误', '2020-06-19 17:04:01');
INSERT INTO `sys_logininfor` VALUES (106, 'admin1', '127.0.0.1', '内网IP', 'Chrome 8', 'Windows 10', '1', '验证码错误', '2020-06-19 17:04:12');
INSERT INTO `sys_logininfor` VALUES (107, 'admin1', '127.0.0.1', '内网IP', 'Chrome 8', 'Windows 10', '1', '验证码错误', '2020-06-19 17:04:41');
INSERT INTO `sys_logininfor` VALUES (108, 'admin', '127.0.0.1', '内网IP', 'Chrome 8', 'Windows 10', '0', '登录成功', '2020-06-19 17:05:45');
INSERT INTO `sys_logininfor` VALUES (109, 'admin', '127.0.0.1', '内网IP', 'Chrome 8', 'Windows 10', '1', '验证码错误', '2020-06-19 17:05:58');
INSERT INTO `sys_logininfor` VALUES (110, 'admin', '127.0.0.1', '内网IP', 'Chrome 8', 'Windows 10', '1', '验证码错误', '2020-06-19 17:06:03');
INSERT INTO `sys_logininfor` VALUES (111, 'admin', '127.0.0.1', '内网IP', 'Chrome 8', 'Windows 10', '0', '登录成功', '2020-06-19 17:06:07');
INSERT INTO `sys_logininfor` VALUES (112, 'admin', '127.0.0.1', '内网IP', 'Chrome 8', 'Windows 10', '0', '登录成功', '2020-06-19 17:38:07');
INSERT INTO `sys_logininfor` VALUES (113, 'admin', '127.0.0.1', '内网IP', 'Chrome 8', 'Windows 10', '0', '登录成功', '2020-06-20 08:14:43');
INSERT INTO `sys_logininfor` VALUES (114, 'admin', '127.0.0.1', '内网IP', 'Chrome 8', 'Windows 10', '0', '登录成功', '2020-06-20 09:33:32');
INSERT INTO `sys_logininfor` VALUES (115, 'admin', '127.0.0.1', '内网IP', 'Chrome 8', 'Windows 10', '0', '登录成功', '2020-06-22 08:41:39');
INSERT INTO `sys_logininfor` VALUES (116, 'admin', '127.0.0.1', '内网IP', 'Chrome 8', 'Windows 10', '0', '登录成功', '2020-06-22 16:32:59');
INSERT INTO `sys_logininfor` VALUES (117, 'admin', '127.0.0.1', '内网IP', 'Chrome 8', 'Windows 10', '0', '登录成功', '2020-06-24 08:26:13');
INSERT INTO `sys_logininfor` VALUES (118, 'admin', '127.0.0.1', '内网IP', 'Chrome 8', 'Windows 10', '0', '登录成功', '2020-06-28 11:16:45');
INSERT INTO `sys_logininfor` VALUES (119, 'admin', '127.0.0.1', '内网IP', 'Chrome 8', 'Windows 10', '1', '验证码错误', '2020-06-30 09:46:01');
INSERT INTO `sys_logininfor` VALUES (120, 'admin', '127.0.0.1', '内网IP', 'Chrome 8', 'Windows 10', '0', '登录成功', '2020-06-30 09:46:07');
INSERT INTO `sys_logininfor` VALUES (121, 'admin', '127.0.0.1', '内网IP', 'Chrome 8', 'Windows 10', '0', '登录成功', '2020-07-01 13:33:06');
INSERT INTO `sys_logininfor` VALUES (122, 'admin', '127.0.0.1', '内网IP', 'Chrome 8', 'Windows 10', '0', '登录成功', '2020-07-03 09:48:50');
INSERT INTO `sys_logininfor` VALUES (123, 'admin', '127.0.0.1', '内网IP', 'Chrome 8', 'Windows 10', '0', '登录成功', '2020-07-06 09:13:39');
INSERT INTO `sys_logininfor` VALUES (124, 'admin', '127.0.0.1', '内网IP', 'Chrome 8', 'Windows 10', '0', '登录成功', '2020-07-08 15:59:47');
INSERT INTO `sys_logininfor` VALUES (125, 'admin', '127.0.0.1', '内网IP', 'Chrome 8', 'Windows 10', '0', '登录成功', '2020-07-13 15:53:26');
INSERT INTO `sys_logininfor` VALUES (126, 'admin', '127.0.0.1', '内网IP', 'Chrome 8', 'Windows 10', '0', '登录成功', '2020-07-14 08:27:09');
INSERT INTO `sys_logininfor` VALUES (127, 'admin', '127.0.0.1', '内网IP', 'Chrome 8', 'Windows 10', '0', '登录成功', '2020-07-16 17:07:41');

-- ----------------------------
-- Table structure for sys_menu
-- ----------------------------
DROP TABLE IF EXISTS `sys_menu`;
CREATE TABLE `sys_menu`  (
  `menu_id` bigint(20) NOT NULL AUTO_INCREMENT COMMENT '菜单ID',
  `menu_name` varchar(50) CHARACTER SET utf8 COLLATE utf8_general_ci NOT NULL COMMENT '菜单名称',
  `parent_id` bigint(20) DEFAULT 0 COMMENT '父菜单ID',
  `order_num` int(4) DEFAULT 0 COMMENT '显示顺序',
  `path` varchar(200) CHARACTER SET utf8 COLLATE utf8_general_ci DEFAULT '' COMMENT '路由地址',
  `component` varchar(255) CHARACTER SET utf8 COLLATE utf8_general_ci DEFAULT NULL COMMENT '组件路径',
  `is_frame` int(1) DEFAULT 1 COMMENT '是否为外链（0是 1否）',
  `menu_type` char(1) CHARACTER SET utf8 COLLATE utf8_general_ci DEFAULT '' COMMENT '菜单类型（M目录 C菜单 F按钮）',
  `visible` char(1) CHARACTER SET utf8 COLLATE utf8_general_ci DEFAULT '0' COMMENT '菜单状态（0显示 1隐藏）',
  `status` char(1) CHARACTER SET utf8 COLLATE utf8_general_ci DEFAULT '0' COMMENT '菜单状态（0正常 1停用）',
  `perms` varchar(100) CHARACTER SET utf8 COLLATE utf8_general_ci DEFAULT NULL COMMENT '权限标识',
  `icon` varchar(100) CHARACTER SET utf8 COLLATE utf8_general_ci DEFAULT '#' COMMENT '菜单图标',
  `create_by` varchar(64) CHARACTER SET utf8 COLLATE utf8_general_ci DEFAULT '' COMMENT '创建者',
  `create_time` datetime(0) DEFAULT NULL COMMENT '创建时间',
  `update_by` varchar(64) CHARACTER SET utf8 COLLATE utf8_general_ci DEFAULT '' COMMENT '更新者',
  `update_time` datetime(0) DEFAULT NULL COMMENT '更新时间',
  `remark` varchar(500) CHARACTER SET utf8 COLLATE utf8_general_ci DEFAULT '' COMMENT '备注',
  PRIMARY KEY (`menu_id`) USING BTREE
) ENGINE = InnoDB AUTO_INCREMENT = 1075 CHARACTER SET = utf8 COLLATE = utf8_general_ci COMMENT = '菜单权限表' ROW_FORMAT = Dynamic;

-- ----------------------------
-- Records of sys_menu
-- ----------------------------
INSERT INTO `sys_menu` VALUES (1, '系统管理', 0, 1, 'system', NULL, 1, 'M', '0', '0', '', 'system', 'admin', '2018-03-16 11:33:00', 'admin', '2020-06-26 10:05:13', '系统管理目录');
INSERT INTO `sys_menu` VALUES (2, '系统监控', 0, 2, 'monitor', NULL, 1, 'M', '0', '0', '', 'monitor', 'admin', '2018-03-16 11:33:00', 'admin', '2020-06-26 10:05:25', '系统监控目录');
INSERT INTO `sys_menu` VALUES (3, '系统工具', 0, 3, 'tool', NULL, 1, 'M', '0', '0', '', 'tool', 'admin', '2018-03-16 11:33:00', 'admin', '2020-06-26 10:05:33', '系统工具目录');
INSERT INTO `sys_menu` VALUES (4, '产品', 0, 4, 'shop', NULL, 1, 'M', '0', '0', '', 'guide', 'admin', '2018-03-16 11:33:00', 'admin', '2020-06-26 10:03:49', '若依官网地址');
INSERT INTO `sys_menu` VALUES (100, '用户管理', 1, 1, 'user', 'system/user/index', 1, 'C', '0', '0', 'system:user:list', 'user', 'admin', '2018-03-16 11:33:00', 'ry', '2018-03-16 11:33:00', '用户管理菜单');
INSERT INTO `sys_menu` VALUES (101, '角色管理', 1, 2, 'role', 'system/role/index', 1, 'C', '0', '0', 'system:role:list', 'peoples', 'admin', '2018-03-16 11:33:00', 'ry', '2018-03-16 11:33:00', '角色管理菜单');
INSERT INTO `sys_menu` VALUES (102, '菜单管理', 1, 3, 'menu', 'system/menu/index', 1, 'C', '0', '0', 'system:menu:list', 'tree-table', 'admin', '2018-03-16 11:33:00', 'ry', '2018-03-16 11:33:00', '菜单管理菜单');
INSERT INTO `sys_menu` VALUES (103, '部门管理', 1, 4, 'dept', 'system/dept/index', 1, 'C', '0', '0', 'system:dept:list', 'tree', 'admin', '2018-03-16 11:33:00', 'ry', '2018-03-16 11:33:00', '部门管理菜单');
INSERT INTO `sys_menu` VALUES (104, '岗位管理', 1, 5, 'post', 'system/post/index', 1, 'C', '0', '0', 'system:post:list', 'post', 'admin', '2018-03-16 11:33:00', 'ry', '2018-03-16 11:33:00', '岗位管理菜单');
INSERT INTO `sys_menu` VALUES (105, '字典管理', 1, 6, 'dict', 'system/dict/index', 1, 'C', '0', '0', 'system:dict:list', 'dict', 'admin', '2018-03-16 11:33:00', 'ry', '2018-03-16 11:33:00', '字典管理菜单');
INSERT INTO `sys_menu` VALUES (106, '参数设置', 1, 7, 'config', 'system/config/index', 1, 'C', '0', '0', 'system:config:list', 'edit', 'admin', '2018-03-16 11:33:00', 'ry', '2018-03-16 11:33:00', '参数设置菜单');
INSERT INTO `sys_menu` VALUES (107, '通知公告', 1, 8, 'notice', 'system/notice/index', 1, 'C', '0', '0', 'system:notice:list', 'message', 'admin', '2018-03-16 11:33:00', 'ry', '2018-03-16 11:33:00', '通知公告菜单');
INSERT INTO `sys_menu` VALUES (108, '日志管理', 1, 9, 'log', 'system/log/index', 1, 'M', '0', '0', '', 'log', 'admin', '2018-03-16 11:33:00', 'ry', '2018-03-16 11:33:00', '日志管理菜单');
INSERT INTO `sys_menu` VALUES (109, '在线用户', 2, 1, 'online', 'monitor/online/index', 1, 'C', '0', '0', 'monitor:online:list', 'online', 'admin', '2018-03-16 11:33:00', 'ry', '2018-03-16 11:33:00', '在线用户菜单');
INSERT INTO `sys_menu` VALUES (110, '定时任务', 2, 2, 'job', 'monitor/job/index', 1, 'C', '0', '0', 'monitor:job:list', 'job', 'admin', '2018-03-16 11:33:00', 'ry', '2018-03-16 11:33:00', '定时任务菜单');
INSERT INTO `sys_menu` VALUES (111, '数据监控', 2, 3, 'druid', 'monitor/druid/index', 1, 'C', '0', '0', 'monitor:druid:list', 'druid', 'admin', '2018-03-16 11:33:00', 'ry', '2018-03-16 11:33:00', '数据监控菜单');
INSERT INTO `sys_menu` VALUES (112, '服务监控', 2, 4, 'server', 'monitor/server/index', 1, 'C', '0', '0', 'monitor:server:list', 'server', 'admin', '2018-03-16 11:33:00', 'ry', '2018-03-16 11:33:00', '服务监控菜单');
INSERT INTO `sys_menu` VALUES (113, '表单构建', 3, 1, 'build', 'tool/build/index', 1, 'C', '0', '0', 'tool:build:list', 'build', 'admin', '2018-03-16 11:33:00', 'ry', '2018-03-16 11:33:00', '表单构建菜单');
INSERT INTO `sys_menu` VALUES (114, '代码生成', 3, 2, 'gen', 'tool/gen/index', 1, 'C', '0', '0', 'tool:gen:list', 'code', 'admin', '2018-03-16 11:33:00', 'ry', '2018-03-16 11:33:00', '代码生成菜单');
INSERT INTO `sys_menu` VALUES (115, '系统接口', 3, 3, 'swagger', 'tool/swagger/index', 1, 'C', '0', '0', 'tool:swagger:list', 'swagger', 'admin', '2018-03-16 11:33:00', 'ry', '2018-03-16 11:33:00', '系统接口菜单');
INSERT INTO `sys_menu` VALUES (500, '操作日志', 108, 1, 'operlog', 'monitor/operlog/index', 1, 'C', '0', '0', 'monitor:operlog:list', 'form', 'admin', '2018-03-16 11:33:00', 'ry', '2018-03-16 11:33:00', '操作日志菜单');
INSERT INTO `sys_menu` VALUES (501, '登录日志', 108, 2, 'logininfor', 'monitor/logininfor/index', 1, 'C', '0', '0', 'monitor:logininfor:list', 'logininfor', 'admin', '2018-03-16 11:33:00', 'ry', '2018-03-16 11:33:00', '登录日志菜单');
INSERT INTO `sys_menu` VALUES (1001, '用户查询', 100, 1, '', '', 1, 'F', '0', '0', 'system:user:query', '#', 'admin', '2018-03-16 11:33:00', 'ry', '2018-03-16 11:33:00', '');
INSERT INTO `sys_menu` VALUES (1002, '用户新增', 100, 2, '', '', 1, 'F', '0', '0', 'system:user:add', '#', 'admin', '2018-03-16 11:33:00', 'ry', '2018-03-16 11:33:00', '');
INSERT INTO `sys_menu` VALUES (1003, '用户修改', 100, 3, '', '', 1, 'F', '0', '0', 'system:user:edit', '#', 'admin', '2018-03-16 11:33:00', 'ry', '2018-03-16 11:33:00', '');
INSERT INTO `sys_menu` VALUES (1004, '用户删除', 100, 4, '', '', 1, 'F', '0', '0', 'system:user:remove', '#', 'admin', '2018-03-16 11:33:00', 'ry', '2018-03-16 11:33:00', '');
INSERT INTO `sys_menu` VALUES (1005, '用户导出', 100, 5, '', '', 1, 'F', '0', '0', 'system:user:export', '#', 'admin', '2018-03-16 11:33:00', 'ry', '2018-03-16 11:33:00', '');
INSERT INTO `sys_menu` VALUES (1006, '用户导入', 100, 6, '', '', 1, 'F', '0', '0', 'system:user:import', '#', 'admin', '2018-03-16 11:33:00', 'ry', '2018-03-16 11:33:00', '');
INSERT INTO `sys_menu` VALUES (1007, '重置密码', 100, 7, '', '', 1, 'F', '0', '0', 'system:user:resetPwd', '#', 'admin', '2018-03-16 11:33:00', 'ry', '2018-03-16 11:33:00', '');
INSERT INTO `sys_menu` VALUES (1008, '角色查询', 101, 1, '', '', 1, 'F', '0', '0', 'system:role:query', '#', 'admin', '2018-03-16 11:33:00', 'ry', '2018-03-16 11:33:00', '');
INSERT INTO `sys_menu` VALUES (1009, '角色新增', 101, 2, '', '', 1, 'F', '0', '0', 'system:role:add', '#', 'admin', '2018-03-16 11:33:00', 'ry', '2018-03-16 11:33:00', '');
INSERT INTO `sys_menu` VALUES (1010, '角色修改', 101, 3, '', '', 1, 'F', '0', '0', 'system:role:edit', '#', 'admin', '2018-03-16 11:33:00', 'ry', '2018-03-16 11:33:00', '');
INSERT INTO `sys_menu` VALUES (1011, '角色删除', 101, 4, '', '', 1, 'F', '0', '0', 'system:role:remove', '#', 'admin', '2018-03-16 11:33:00', 'ry', '2018-03-16 11:33:00', '');
INSERT INTO `sys_menu` VALUES (1012, '角色导出', 101, 5, '', '', 1, 'F', '0', '0', 'system:role:export', '#', 'admin', '2018-03-16 11:33:00', 'ry', '2018-03-16 11:33:00', '');
INSERT INTO `sys_menu` VALUES (1013, '菜单查询', 102, 1, '', '', 1, 'F', '0', '0', 'system:menu:query', '#', 'admin', '2018-03-16 11:33:00', 'ry', '2018-03-16 11:33:00', '');
INSERT INTO `sys_menu` VALUES (1014, '菜单新增', 102, 2, '', '', 1, 'F', '0', '0', 'system:menu:add', '#', 'admin', '2018-03-16 11:33:00', 'ry', '2018-03-16 11:33:00', '');
INSERT INTO `sys_menu` VALUES (1015, '菜单修改', 102, 3, '', '', 1, 'F', '0', '0', 'system:menu:edit', '#', 'admin', '2018-03-16 11:33:00', 'ry', '2018-03-16 11:33:00', '');
INSERT INTO `sys_menu` VALUES (1016, '菜单删除', 102, 4, '', '', 1, 'F', '0', '0', 'system:menu:remove', '#', 'admin', '2018-03-16 11:33:00', 'ry', '2018-03-16 11:33:00', '');
INSERT INTO `sys_menu` VALUES (1017, '部门查询', 103, 1, '', '', 1, 'F', '0', '0', 'system:dept:query', '#', 'admin', '2018-03-16 11:33:00', 'ry', '2018-03-16 11:33:00', '');
INSERT INTO `sys_menu` VALUES (1018, '部门新增', 103, 2, '', '', 1, 'F', '0', '0', 'system:dept:add', '#', 'admin', '2018-03-16 11:33:00', 'ry', '2018-03-16 11:33:00', '');
INSERT INTO `sys_menu` VALUES (1019, '部门修改', 103, 3, '', '', 1, 'F', '0', '0', 'system:dept:edit', '#', 'admin', '2018-03-16 11:33:00', 'ry', '2018-03-16 11:33:00', '');
INSERT INTO `sys_menu` VALUES (1020, '部门删除', 103, 4, '', '', 1, 'F', '0', '0', 'system:dept:remove', '#', 'admin', '2018-03-16 11:33:00', 'ry', '2018-03-16 11:33:00', '');
INSERT INTO `sys_menu` VALUES (1021, '岗位查询', 104, 1, '', '', 1, 'F', '0', '0', 'system:post:query', '#', 'admin', '2018-03-16 11:33:00', 'ry', '2018-03-16 11:33:00', '');
INSERT INTO `sys_menu` VALUES (1022, '岗位新增', 104, 2, '', '', 1, 'F', '0', '0', 'system:post:add', '#', 'admin', '2018-03-16 11:33:00', 'ry', '2018-03-16 11:33:00', '');
INSERT INTO `sys_menu` VALUES (1023, '岗位修改', 104, 3, '', '', 1, 'F', '0', '0', 'system:post:edit', '#', 'admin', '2018-03-16 11:33:00', 'ry', '2018-03-16 11:33:00', '');
INSERT INTO `sys_menu` VALUES (1024, '岗位删除', 104, 4, '', '', 1, 'F', '0', '0', 'system:post:remove', '#', 'admin', '2018-03-16 11:33:00', 'ry', '2018-03-16 11:33:00', '');
INSERT INTO `sys_menu` VALUES (1025, '岗位导出', 104, 5, '', '', 1, 'F', '0', '0', 'system:post:export', '#', 'admin', '2018-03-16 11:33:00', 'ry', '2018-03-16 11:33:00', '');
INSERT INTO `sys_menu` VALUES (1026, '字典查询', 105, 1, '#', '', 1, 'F', '0', '0', 'system:dict:query', '#', 'admin', '2018-03-16 11:33:00', 'ry', '2018-03-16 11:33:00', '');
INSERT INTO `sys_menu` VALUES (1027, '字典新增', 105, 2, '#', '', 1, 'F', '0', '0', 'system:dict:add', '#', 'admin', '2018-03-16 11:33:00', 'ry', '2018-03-16 11:33:00', '');
INSERT INTO `sys_menu` VALUES (1028, '字典修改', 105, 3, '#', '', 1, 'F', '0', '0', 'system:dict:edit', '#', 'admin', '2018-03-16 11:33:00', 'ry', '2018-03-16 11:33:00', '');
INSERT INTO `sys_menu` VALUES (1029, '字典删除', 105, 4, '#', '', 1, 'F', '0', '0', 'system:dict:remove', '#', 'admin', '2018-03-16 11:33:00', 'ry', '2018-03-16 11:33:00', '');
INSERT INTO `sys_menu` VALUES (1030, '字典导出', 105, 5, '#', '', 1, 'F', '0', '0', 'system:dict:export', '#', 'admin', '2018-03-16 11:33:00', 'ry', '2018-03-16 11:33:00', '');
INSERT INTO `sys_menu` VALUES (1031, '参数查询', 106, 1, '#', '', 1, 'F', '0', '0', 'system:config:query', '#', 'admin', '2018-03-16 11:33:00', 'ry', '2018-03-16 11:33:00', '');
INSERT INTO `sys_menu` VALUES (1032, '参数新增', 106, 2, '#', '', 1, 'F', '0', '0', 'system:config:add', '#', 'admin', '2018-03-16 11:33:00', 'ry', '2018-03-16 11:33:00', '');
INSERT INTO `sys_menu` VALUES (1033, '参数修改', 106, 3, '#', '', 1, 'F', '0', '0', 'system:config:edit', '#', 'admin', '2018-03-16 11:33:00', 'ry', '2018-03-16 11:33:00', '');
INSERT INTO `sys_menu` VALUES (1034, '参数删除', 106, 4, '#', '', 1, 'F', '0', '0', 'system:config:remove', '#', 'admin', '2018-03-16 11:33:00', 'ry', '2018-03-16 11:33:00', '');
INSERT INTO `sys_menu` VALUES (1035, '参数导出', 106, 5, '#', '', 1, 'F', '0', '0', 'system:config:export', '#', 'admin', '2018-03-16 11:33:00', 'ry', '2018-03-16 11:33:00', '');
INSERT INTO `sys_menu` VALUES (1036, '公告查询', 107, 1, '#', '', 1, 'F', '0', '0', 'system:notice:query', '#', 'admin', '2018-03-16 11:33:00', 'ry', '2018-03-16 11:33:00', '');
INSERT INTO `sys_menu` VALUES (1037, '公告新增', 107, 2, '#', '', 1, 'F', '0', '0', 'system:notice:add', '#', 'admin', '2018-03-16 11:33:00', 'ry', '2018-03-16 11:33:00', '');
INSERT INTO `sys_menu` VALUES (1038, '公告修改', 107, 3, '#', '', 1, 'F', '0', '0', 'system:notice:edit', '#', 'admin', '2018-03-16 11:33:00', 'ry', '2018-03-16 11:33:00', '');
INSERT INTO `sys_menu` VALUES (1039, '公告删除', 107, 4, '#', '', 1, 'F', '0', '0', 'system:notice:remove', '#', 'admin', '2018-03-16 11:33:00', 'ry', '2018-03-16 11:33:00', '');
INSERT INTO `sys_menu` VALUES (1040, '操作查询', 500, 1, '#', '', 1, 'F', '0', '0', 'monitor:operlog:query', '#', 'admin', '2018-03-16 11:33:00', 'ry', '2018-03-16 11:33:00', '');
INSERT INTO `sys_menu` VALUES (1041, '操作删除', 500, 2, '#', '', 1, 'F', '0', '0', 'monitor:operlog:remove', '#', 'admin', '2018-03-16 11:33:00', 'ry', '2018-03-16 11:33:00', '');
INSERT INTO `sys_menu` VALUES (1042, '日志导出', 500, 4, '#', '', 1, 'F', '0', '0', 'monitor:operlog:export', '#', 'admin', '2018-03-16 11:33:00', 'ry', '2018-03-16 11:33:00', '');
INSERT INTO `sys_menu` VALUES (1043, '登录查询', 501, 1, '#', '', 1, 'F', '0', '0', 'monitor:logininfor:query', '#', 'admin', '2018-03-16 11:33:00', 'ry', '2018-03-16 11:33:00', '');
INSERT INTO `sys_menu` VALUES (1044, '登录删除', 501, 2, '#', '', 1, 'F', '0', '0', 'monitor:logininfor:remove', '#', 'admin', '2018-03-16 11:33:00', 'ry', '2018-03-16 11:33:00', '');
INSERT INTO `sys_menu` VALUES (1045, '日志导出', 501, 3, '#', '', 1, 'F', '0', '0', 'monitor:logininfor:export', '#', 'admin', '2018-03-16 11:33:00', 'ry', '2018-03-16 11:33:00', '');
INSERT INTO `sys_menu` VALUES (1046, '在线查询', 109, 1, '#', '', 1, 'F', '0', '0', 'monitor:online:query', '#', 'admin', '2018-03-16 11:33:00', 'ry', '2018-03-16 11:33:00', '');
INSERT INTO `sys_menu` VALUES (1047, '批量强退', 109, 2, '#', '', 1, 'F', '0', '0', 'monitor:online:batchLogout', '#', 'admin', '2018-03-16 11:33:00', 'ry', '2018-03-16 11:33:00', '');
INSERT INTO `sys_menu` VALUES (1048, '单条强退', 109, 3, '#', '', 1, 'F', '0', '0', 'monitor:online:forceLogout', '#', 'admin', '2018-03-16 11:33:00', 'ry', '2018-03-16 11:33:00', '');
INSERT INTO `sys_menu` VALUES (1049, '任务查询', 110, 1, '#', '', 1, 'F', '0', '0', 'monitor:job:query', '#', 'admin', '2018-03-16 11:33:00', 'ry', '2018-03-16 11:33:00', '');
INSERT INTO `sys_menu` VALUES (1050, '任务新增', 110, 2, '#', '', 1, 'F', '0', '0', 'monitor:job:add', '#', 'admin', '2018-03-16 11:33:00', 'ry', '2018-03-16 11:33:00', '');
INSERT INTO `sys_menu` VALUES (1051, '任务修改', 110, 3, '#', '', 1, 'F', '0', '0', 'monitor:job:edit', '#', 'admin', '2018-03-16 11:33:00', 'ry', '2018-03-16 11:33:00', '');
INSERT INTO `sys_menu` VALUES (1052, '任务删除', 110, 4, '#', '', 1, 'F', '0', '0', 'monitor:job:remove', '#', 'admin', '2018-03-16 11:33:00', 'ry', '2018-03-16 11:33:00', '');
INSERT INTO `sys_menu` VALUES (1053, '状态修改', 110, 5, '#', '', 1, 'F', '0', '0', 'monitor:job:changeStatus', '#', 'admin', '2018-03-16 11:33:00', 'ry', '2018-03-16 11:33:00', '');
INSERT INTO `sys_menu` VALUES (1054, '任务导出', 110, 7, '#', '', 1, 'F', '0', '0', 'monitor:job:export', '#', 'admin', '2018-03-16 11:33:00', 'ry', '2018-03-16 11:33:00', '');
INSERT INTO `sys_menu` VALUES (1055, '生成查询', 114, 1, '#', '', 1, 'F', '0', '0', 'tool:gen:query', '#', 'admin', '2018-03-16 11:33:00', 'ry', '2018-03-16 11:33:00', '');
INSERT INTO `sys_menu` VALUES (1056, '生成修改', 114, 2, '#', '', 1, 'F', '0', '0', 'tool:gen:edit', '#', 'admin', '2018-03-16 11:33:00', 'ry', '2018-03-16 11:33:00', '');
INSERT INTO `sys_menu` VALUES (1057, '生成删除', 114, 3, '#', '', 1, 'F', '0', '0', 'tool:gen:remove', '#', 'admin', '2018-03-16 11:33:00', 'ry', '2018-03-16 11:33:00', '');
INSERT INTO `sys_menu` VALUES (1058, '导入代码', 114, 2, '#', '', 1, 'F', '0', '0', 'tool:gen:import', '#', 'admin', '2018-03-16 11:33:00', 'ry', '2018-03-16 11:33:00', '');
INSERT INTO `sys_menu` VALUES (1059, '预览代码', 114, 4, '#', '', 1, 'F', '0', '0', 'tool:gen:preview', '#', 'admin', '2018-03-16 11:33:00', 'ry', '2018-03-16 11:33:00', '');
INSERT INTO `sys_menu` VALUES (1060, '生成代码', 114, 5, '#', '', 1, 'F', '0', '0', 'tool:gen:code', '#', 'admin', '2018-03-16 11:33:00', 'ry', '2018-03-16 11:33:00', '');
INSERT INTO `sys_menu` VALUES (1061, '电商平台', 4, 1, 'shop_type', 'shop/shop_type/index', 1, 'C', '0', '0', 'shop:shop_type:list', '#', 'admin', '2018-03-01 00:00:00', 'admin', '2020-06-26 10:05:49', '电商平台菜单');
INSERT INTO `sys_menu` VALUES (1062, '电商平台查询', 1061, 1, '#', '', 1, 'F', '0', '0', 'shop:shop_type:query', '#', 'admin', '2018-03-01 00:00:00', 'ry', '2018-03-01 00:00:00', '');
INSERT INTO `sys_menu` VALUES (1063, '电商平台新增', 1061, 2, '#', '', 1, 'F', '0', '0', 'shop:shop_type:add', '#', 'admin', '2018-03-01 00:00:00', 'ry', '2018-03-01 00:00:00', '');
INSERT INTO `sys_menu` VALUES (1064, '电商平台修改', 1061, 3, '#', '', 1, 'F', '0', '0', 'shop:shop_type:edit', '#', 'admin', '2018-03-01 00:00:00', 'ry', '2018-03-01 00:00:00', '');
INSERT INTO `sys_menu` VALUES (1065, '电商平台删除', 1061, 4, '#', '', 1, 'F', '0', '0', 'shop:shop_type:remove', '#', 'admin', '2018-03-01 00:00:00', 'ry', '2018-03-01 00:00:00', '');
INSERT INTO `sys_menu` VALUES (1066, '电商平台导出', 1061, 5, '#', '', 1, 'F', '0', '0', 'shop:shop_type:export', '#', 'admin', '2018-03-01 00:00:00', 'ry', '2018-03-01 00:00:00', '');
INSERT INTO `sys_menu` VALUES (1067, '系统设置', 0, 1, 'system', NULL, 1, 'M', '1', '0', '', 'system', 'admin', '2020-06-26 10:05:01', 'admin', '2020-06-28 11:17:29', '');
INSERT INTO `sys_menu` VALUES (1068, '电商店铺', 4, 1, 'shop', 'shop/shop/index', 1, 'C', '0', '0', 'shop:shop:list', '#', 'admin', '2018-03-01 00:00:00', 'admin', '2020-06-26 10:10:53', '电商店铺菜单');
INSERT INTO `sys_menu` VALUES (1069, '电商店铺查询', 1068, 1, '#', '', 1, 'F', '0', '0', 'shop:shop:query', '#', 'admin', '2018-03-01 00:00:00', 'ry', '2018-03-01 00:00:00', '');
INSERT INTO `sys_menu` VALUES (1070, '电商店铺新增', 1068, 2, '#', '', 1, 'F', '0', '0', 'shop:shop:add', '#', 'admin', '2018-03-01 00:00:00', 'ry', '2018-03-01 00:00:00', '');
INSERT INTO `sys_menu` VALUES (1071, '电商店铺修改', 1068, 3, '#', '', 1, 'F', '0', '0', 'shop:shop:edit', '#', 'admin', '2018-03-01 00:00:00', 'ry', '2018-03-01 00:00:00', '');
INSERT INTO `sys_menu` VALUES (1072, '电商店铺删除', 1068, 4, '#', '', 1, 'F', '0', '0', 'shop:shop:remove', '#', 'admin', '2018-03-01 00:00:00', 'ry', '2018-03-01 00:00:00', '');
INSERT INTO `sys_menu` VALUES (1073, '电商店铺导出', 1068, 5, '#', '', 1, 'F', '0', '0', 'shop:shop:export', '#', 'admin', '2018-03-01 00:00:00', 'ry', '2018-03-01 00:00:00', '');
INSERT INTO `sys_menu` VALUES (1074, 's', 1067, 1, 'https://www.baidu.com', NULL, 0, 'M', '1', '0', NULL, '#', 'admin', '2020-06-26 10:16:31', '', NULL, '');

-- ----------------------------
-- Table structure for sys_notice
-- ----------------------------
DROP TABLE IF EXISTS `sys_notice`;
CREATE TABLE `sys_notice`  (
  `notice_id` int(4) NOT NULL AUTO_INCREMENT COMMENT '公告ID',
  `notice_title` varchar(50) CHARACTER SET utf8 COLLATE utf8_general_ci NOT NULL COMMENT '公告标题',
  `notice_type` char(1) CHARACTER SET utf8 COLLATE utf8_general_ci NOT NULL COMMENT '公告类型（1通知 2公告）',
  `notice_content` varchar(2000) CHARACTER SET utf8 COLLATE utf8_general_ci DEFAULT NULL COMMENT '公告内容',
  `status` char(1) CHARACTER SET utf8 COLLATE utf8_general_ci DEFAULT '0' COMMENT '公告状态（0正常 1关闭）',
  `create_by` varchar(64) CHARACTER SET utf8 COLLATE utf8_general_ci DEFAULT '' COMMENT '创建者',
  `create_time` datetime(0) DEFAULT NULL COMMENT '创建时间',
  `update_by` varchar(64) CHARACTER SET utf8 COLLATE utf8_general_ci DEFAULT '' COMMENT '更新者',
  `update_time` datetime(0) DEFAULT NULL COMMENT '更新时间',
  `remark` varchar(255) CHARACTER SET utf8 COLLATE utf8_general_ci DEFAULT NULL COMMENT '备注',
  PRIMARY KEY (`notice_id`) USING BTREE
) ENGINE = InnoDB AUTO_INCREMENT = 3 CHARACTER SET = utf8 COLLATE = utf8_general_ci COMMENT = '通知公告表' ROW_FORMAT = Dynamic;

-- ----------------------------
-- Records of sys_notice
-- ----------------------------
INSERT INTO `sys_notice` VALUES (1, '温馨提醒：2018-07-01 若依新版本发布啦', '2', '新版本内容', '0', 'admin', '2018-03-16 11:33:00', 'ry', '2018-03-16 11:33:00', '管理员');
INSERT INTO `sys_notice` VALUES (2, '维护通知：2018-07-01 若依系统凌晨维护', '1', '维护内容', '0', 'admin', '2018-03-16 11:33:00', 'ry', '2018-03-16 11:33:00', '管理员');

-- ----------------------------
-- Table structure for sys_oper_log
-- ----------------------------
DROP TABLE IF EXISTS `sys_oper_log`;
CREATE TABLE `sys_oper_log`  (
  `oper_id` bigint(20) NOT NULL AUTO_INCREMENT COMMENT '日志主键',
  `title` varchar(50) CHARACTER SET utf8 COLLATE utf8_general_ci DEFAULT '' COMMENT '模块标题',
  `business_type` int(2) DEFAULT 0 COMMENT '业务类型（0其它 1新增 2修改 3删除）',
  `method` varchar(100) CHARACTER SET utf8 COLLATE utf8_general_ci DEFAULT '' COMMENT '方法名称',
  `request_method` varchar(10) CHARACTER SET utf8 COLLATE utf8_general_ci DEFAULT '' COMMENT '请求方式',
  `operator_type` int(1) DEFAULT 0 COMMENT '操作类别（0其它 1后台用户 2手机端用户）',
  `oper_name` varchar(50) CHARACTER SET utf8 COLLATE utf8_general_ci DEFAULT '' COMMENT '操作人员',
  `dept_name` varchar(50) CHARACTER SET utf8 COLLATE utf8_general_ci DEFAULT '' COMMENT '部门名称',
  `oper_url` varchar(255) CHARACTER SET utf8 COLLATE utf8_general_ci DEFAULT '' COMMENT '请求URL',
  `oper_ip` varchar(50) CHARACTER SET utf8 COLLATE utf8_general_ci DEFAULT '' COMMENT '主机地址',
  `oper_location` varchar(255) CHARACTER SET utf8 COLLATE utf8_general_ci DEFAULT '' COMMENT '操作地点',
  `oper_param` varchar(2000) CHARACTER SET utf8 COLLATE utf8_general_ci DEFAULT '' COMMENT '请求参数',
  `json_result` varchar(2000) CHARACTER SET utf8 COLLATE utf8_general_ci DEFAULT '' COMMENT '返回参数',
  `status` int(1) DEFAULT 0 COMMENT '操作状态（0正常 1异常）',
  `error_msg` varchar(2000) CHARACTER SET utf8 COLLATE utf8_general_ci DEFAULT '' COMMENT '错误消息',
  `oper_time` datetime(0) DEFAULT NULL COMMENT '操作时间',
  PRIMARY KEY (`oper_id`) USING BTREE
) ENGINE = InnoDB AUTO_INCREMENT = 125 CHARACTER SET = utf8 COLLATE = utf8_general_ci COMMENT = '操作日志记录' ROW_FORMAT = Dynamic;

-- ----------------------------
-- Records of sys_oper_log
-- ----------------------------
INSERT INTO `sys_oper_log` VALUES (1, '代码生成', 6, 'com.ruoyi.project.tool.gen.controller.GenController.importTableSave()', 'POST', 1, 'admin', NULL, '/tool/gen/importTable', '127.0.0.1', '内网IP', 'erp_shop,erp_shop_type', '{\"msg\":\"操作成功\",\"code\":200}', 0, NULL, '2020-06-24 17:23:15');
INSERT INTO `sys_oper_log` VALUES (2, '代码生成', 2, 'com.ruoyi.project.tool.gen.controller.GenController.editSave()', 'PUT', 1, 'admin', NULL, '/tool/gen', '127.0.0.1', '内网IP', '{\"functionAuthor\":\"ruoyi\",\"columns\":[{\"usableColumn\":false,\"columnId\":1,\"isIncrement\":\"1\",\"increment\":true,\"insert\":true,\"dictType\":\"\",\"required\":false,\"superColumn\":false,\"updateBy\":\"\",\"isInsert\":\"1\",\"javaField\":\"id\",\"htmlType\":\"input\",\"edit\":false,\"query\":false,\"sort\":1,\"list\":false,\"params\":{},\"javaType\":\"Long\",\"queryType\":\"EQ\",\"columnType\":\"bigint(20)\",\"createBy\":\"admin\",\"isPk\":\"1\",\"createTime\":1592990595000,\"tableId\":1,\"pk\":true,\"columnName\":\"id\"},{\"usableColumn\":false,\"columnId\":2,\"isIncrement\":\"0\",\"increment\":false,\"insert\":true,\"isList\":\"1\",\"dictType\":\"\",\"required\":true,\"superColumn\":false,\"updateBy\":\"\",\"isInsert\":\"1\",\"isRequired\":\"1\",\"javaField\":\"adminId\",\"htmlType\":\"input\",\"edit\":true,\"query\":true,\"isQuery\":\"1\",\"sort\":2,\"list\":true,\"params\":{},\"javaType\":\"Long\",\"queryType\":\"EQ\",\"columnType\":\"bigint(20)\",\"createBy\":\"admin\",\"isPk\":\"0\",\"createTime\":1592990595000,\"isEdit\":\"1\",\"tableId\":1,\"pk\":false,\"columnName\":\"admin_id\"},{\"usableColumn\":false,\"columnId\":3,\"isIncrement\":\"0\",\"increment\":false,\"insert\":true,\"isList\":\"1\",\"dictType\":\"\",\"required\":true,\"superColumn\":false,\"updateBy\":\"\",\"isInsert\":\"1\",\"isRequired\":\"1\",\"javaField\":\"shopTypeId\",\"htmlType\":\"input\",\"edit\":true,\"query\":true,\"columnComment\":\"平台类型\",\"isQuery\":\"1\",\"sort\":3,\"list\":true,\"params\":{},\"javaType\":\"Long\",\"queryType\":\"EQ\",\"columnType\":\"bigint(20)\",\"createBy\":\"admin\",\"isPk\":\"0\",\"createTime\":1592990595000,\"isEdit\":\"1\",\"tableId\":1,\"pk\":false,\"columnName\":\"shop_type_id\"},{\"usableColumn\":false,\"columnId\":4,\"isIncrement\":\"0\",\"increment\":false,\"insert\":true,\"isList\":\"1\",\"dictType\":\"\",\"required\":false,\"superColumn\":false,\"updateBy\":\"\",\"isInsert\":\"1\",\"javaField\":\"shopName\",\"htmlType\":\"input\",\"edit\":true,\"query\":true,\"columnComment\":\"店铺名称\",\"isQuery\":\"1\",\"sort\":4,\"list\":true,\"params\":{},\"javaType\":\"String\",\"queryType\":\"LIKE\",\"columnType\":\"varchar(200)\",\"createBy\":\"admin\",\"isPk\":\"0\",\"createTime\":1592990595000,\"isEdit\":\"1\",\"tableId\":1,\"pk\":false,\"columnName\":\"shop_name\"},{\"usableColumn\":false,\"columnId\":5,\"isIn', '{\"msg\":\"操作成功\",\"code\":200}', 0, NULL, '2020-06-26 09:25:02');
INSERT INTO `sys_oper_log` VALUES (3, '代码生成', 2, 'com.ruoyi.project.tool.gen.controller.GenController.editSave()', 'PUT', 1, 'admin', NULL, '/tool/gen', '127.0.0.1', '内网IP', '{\"functionAuthor\":\"ruoyi\",\"columns\":[{\"usableColumn\":false,\"columnId\":8,\"isIncrement\":\"1\",\"increment\":true,\"insert\":true,\"dictType\":\"\",\"required\":false,\"superColumn\":false,\"updateBy\":\"\",\"isInsert\":\"1\",\"javaField\":\"id\",\"htmlType\":\"input\",\"edit\":false,\"query\":false,\"sort\":1,\"list\":false,\"params\":{},\"javaType\":\"Long\",\"queryType\":\"EQ\",\"columnType\":\"bigint(20)\",\"createBy\":\"admin\",\"isPk\":\"1\",\"createTime\":1592990595000,\"tableId\":2,\"pk\":true,\"columnName\":\"id\"},{\"usableColumn\":false,\"columnId\":9,\"isIncrement\":\"0\",\"increment\":false,\"insert\":true,\"isList\":\"1\",\"dictType\":\"\",\"required\":false,\"superColumn\":false,\"updateBy\":\"\",\"isInsert\":\"1\",\"javaField\":\"name\",\"htmlType\":\"input\",\"edit\":true,\"query\":true,\"columnComment\":\"平台名称\",\"isQuery\":\"1\",\"sort\":2,\"list\":true,\"params\":{},\"javaType\":\"String\",\"queryType\":\"LIKE\",\"columnType\":\"varchar(200)\",\"createBy\":\"admin\",\"isPk\":\"0\",\"createTime\":1592990595000,\"isEdit\":\"1\",\"tableId\":2,\"pk\":false,\"columnName\":\"name\"},{\"usableColumn\":false,\"columnId\":10,\"isIncrement\":\"0\",\"increment\":false,\"insert\":true,\"isList\":\"1\",\"dictType\":\"\",\"required\":false,\"superColumn\":false,\"updateBy\":\"\",\"isInsert\":\"1\",\"javaField\":\"shortName\",\"htmlType\":\"input\",\"edit\":true,\"query\":true,\"columnComment\":\"平台简称\",\"isQuery\":\"1\",\"sort\":3,\"list\":true,\"params\":{},\"javaType\":\"String\",\"queryType\":\"LIKE\",\"columnType\":\"varchar(200)\",\"createBy\":\"admin\",\"isPk\":\"0\",\"createTime\":1592990595000,\"isEdit\":\"1\",\"tableId\":2,\"pk\":false,\"columnName\":\"short_name\"},{\"usableColumn\":false,\"columnId\":11,\"isIncrement\":\"0\",\"increment\":false,\"insert\":true,\"isList\":\"1\",\"dictType\":\"\",\"required\":false,\"superColumn\":false,\"updateBy\":\"\",\"isInsert\":\"1\",\"javaField\":\"createDate\",\"htmlType\":\"datetime\",\"edit\":true,\"query\":true,\"columnComment\":\"创建时间\",\"isQuery\":\"1\",\"sort\":4,\"list\":true,\"params\":{},\"javaType\":\"Date\",\"queryType\":\"EQ\",\"columnType\":\"datetime\",\"createBy\":\"admin\",\"isPk\":\"0\",\"createTime\":1592990595000,\"isEdit\":\"1\",\"tableId\":2,\"pk\":false,\"columnName\":\"create_date\"},{\"usableColumn\":false,\"columnId\":12,\"isIncreme', '{\"msg\":\"操作成功\",\"code\":200}', 0, NULL, '2020-06-26 09:25:41');
INSERT INTO `sys_oper_log` VALUES (4, '代码生成', 2, 'com.ruoyi.project.tool.gen.controller.GenController.editSave()', 'PUT', 1, 'admin', NULL, '/tool/gen', '127.0.0.1', '内网IP', '{\"functionAuthor\":\"ruoyi\",\"columns\":[{\"usableColumn\":false,\"columnId\":8,\"isIncrement\":\"1\",\"increment\":true,\"insert\":true,\"dictType\":\"\",\"required\":false,\"superColumn\":false,\"updateBy\":\"\",\"isInsert\":\"1\",\"javaField\":\"id\",\"htmlType\":\"input\",\"edit\":false,\"query\":false,\"updateTime\":1593134740000,\"sort\":1,\"list\":false,\"params\":{},\"javaType\":\"Long\",\"queryType\":\"EQ\",\"columnType\":\"bigint(20)\",\"createBy\":\"admin\",\"isPk\":\"1\",\"createTime\":1592990595000,\"tableId\":2,\"pk\":true,\"columnName\":\"id\"},{\"usableColumn\":false,\"columnId\":9,\"isIncrement\":\"0\",\"increment\":false,\"insert\":true,\"isList\":\"1\",\"dictType\":\"\",\"required\":false,\"superColumn\":false,\"updateBy\":\"\",\"isInsert\":\"1\",\"javaField\":\"name\",\"htmlType\":\"input\",\"edit\":true,\"query\":true,\"columnComment\":\"平台名称\",\"isQuery\":\"1\",\"updateTime\":1593134740000,\"sort\":2,\"list\":true,\"params\":{},\"javaType\":\"String\",\"queryType\":\"LIKE\",\"columnType\":\"varchar(200)\",\"createBy\":\"admin\",\"isPk\":\"0\",\"createTime\":1592990595000,\"isEdit\":\"1\",\"tableId\":2,\"pk\":false,\"columnName\":\"name\"},{\"usableColumn\":false,\"columnId\":10,\"isIncrement\":\"0\",\"increment\":false,\"insert\":true,\"isList\":\"1\",\"dictType\":\"\",\"required\":false,\"superColumn\":false,\"updateBy\":\"\",\"isInsert\":\"1\",\"javaField\":\"shortName\",\"htmlType\":\"input\",\"edit\":true,\"query\":true,\"columnComment\":\"平台简称\",\"isQuery\":\"1\",\"updateTime\":1593134740000,\"sort\":3,\"list\":true,\"params\":{},\"javaType\":\"String\",\"queryType\":\"LIKE\",\"columnType\":\"varchar(200)\",\"createBy\":\"admin\",\"isPk\":\"0\",\"createTime\":1592990595000,\"isEdit\":\"1\",\"tableId\":2,\"pk\":false,\"columnName\":\"short_name\"},{\"usableColumn\":false,\"columnId\":11,\"isIncrement\":\"0\",\"increment\":false,\"insert\":true,\"isList\":\"1\",\"dictType\":\"\",\"required\":false,\"superColumn\":false,\"updateBy\":\"\",\"isInsert\":\"1\",\"javaField\":\"createDate\",\"htmlType\":\"datetime\",\"edit\":true,\"query\":true,\"columnComment\":\"创建时间\",\"isQuery\":\"1\",\"updateTime\":1593134740000,\"sort\":4,\"list\":true,\"params\":{},\"javaType\":\"Date\",\"queryType\":\"EQ\",\"columnType\":\"datetime\",\"createBy\":\"admin\",\"isPk\":\"0\",\"createTime\":1592990595000,\"i', '{\"msg\":\"操作成功\",\"code\":200}', 0, NULL, '2020-06-26 09:26:31');
INSERT INTO `sys_oper_log` VALUES (5, '代码生成', 2, 'com.ruoyi.project.tool.gen.controller.GenController.editSave()', 'PUT', 1, 'admin', NULL, '/tool/gen', '127.0.0.1', '内网IP', '{\"functionAuthor\":\"ruoyi\",\"columns\":[{\"usableColumn\":false,\"columnId\":1,\"isIncrement\":\"1\",\"increment\":true,\"insert\":true,\"dictType\":\"\",\"required\":false,\"superColumn\":false,\"updateBy\":\"\",\"isInsert\":\"1\",\"javaField\":\"id\",\"htmlType\":\"input\",\"edit\":false,\"query\":false,\"updateTime\":1593134702000,\"sort\":1,\"list\":false,\"params\":{},\"javaType\":\"Long\",\"queryType\":\"EQ\",\"columnType\":\"bigint(20)\",\"createBy\":\"admin\",\"isPk\":\"1\",\"createTime\":1592990595000,\"tableId\":1,\"pk\":true,\"columnName\":\"id\"},{\"usableColumn\":false,\"columnId\":2,\"isIncrement\":\"0\",\"increment\":false,\"insert\":true,\"isList\":\"1\",\"dictType\":\"\",\"required\":true,\"superColumn\":false,\"updateBy\":\"\",\"isInsert\":\"1\",\"isRequired\":\"1\",\"javaField\":\"adminId\",\"htmlType\":\"input\",\"edit\":true,\"query\":true,\"isQuery\":\"1\",\"updateTime\":1593134702000,\"sort\":2,\"list\":true,\"params\":{},\"javaType\":\"Long\",\"queryType\":\"EQ\",\"columnType\":\"bigint(20)\",\"createBy\":\"admin\",\"isPk\":\"0\",\"createTime\":1592990595000,\"isEdit\":\"1\",\"tableId\":1,\"pk\":false,\"columnName\":\"admin_id\"},{\"usableColumn\":false,\"columnId\":3,\"isIncrement\":\"0\",\"increment\":false,\"insert\":true,\"isList\":\"1\",\"dictType\":\"\",\"required\":true,\"superColumn\":false,\"updateBy\":\"\",\"isInsert\":\"1\",\"isRequired\":\"1\",\"javaField\":\"shopTypeId\",\"htmlType\":\"input\",\"edit\":true,\"query\":true,\"columnComment\":\"平台类型\",\"isQuery\":\"1\",\"updateTime\":1593134702000,\"sort\":3,\"list\":true,\"params\":{},\"javaType\":\"Long\",\"queryType\":\"EQ\",\"columnType\":\"bigint(20)\",\"createBy\":\"admin\",\"isPk\":\"0\",\"createTime\":1592990595000,\"isEdit\":\"1\",\"tableId\":1,\"pk\":false,\"columnName\":\"shop_type_id\"},{\"usableColumn\":false,\"columnId\":4,\"isIncrement\":\"0\",\"increment\":false,\"insert\":true,\"isList\":\"1\",\"dictType\":\"\",\"required\":false,\"superColumn\":false,\"updateBy\":\"\",\"isInsert\":\"1\",\"javaField\":\"shopName\",\"htmlType\":\"input\",\"edit\":true,\"query\":true,\"columnComment\":\"店铺名称\",\"isQuery\":\"1\",\"updateTime\":1593134702000,\"sort\":4,\"list\":true,\"params\":{},\"javaType\":\"String\",\"queryType\":\"LIKE\",\"columnType\":\"varchar(200)\",\"createBy\":\"admin\",\"isPk\":\"0\",\"createTime\":15929905', '{\"msg\":\"操作成功\",\"code\":200}', 0, NULL, '2020-06-26 09:26:39');
INSERT INTO `sys_oper_log` VALUES (6, '代码生成', 8, 'com.ruoyi.project.tool.gen.controller.GenController.batchGenCode()', 'GET', 1, 'admin', NULL, '/tool/gen/batchGenCode', '127.0.0.1', '内网IP', '{}', 'null', 0, NULL, '2020-06-26 09:28:33');
INSERT INTO `sys_oper_log` VALUES (7, '电商平台', 1, 'com.ruoyi.erp.shop.controller.ShopTypeController.add()', 'POST', 1, 'admin', NULL, '/shop/shop_type', '127.0.0.1', '内网IP', '{\"params\":{},\"name\":\"wish\",\"id\":1,\"shortName\":\"wish\"}', '{\"msg\":\"操作成功\",\"code\":200}', 0, NULL, '2020-06-26 09:56:44');
INSERT INTO `sys_oper_log` VALUES (8, '菜单管理', 2, 'com.ruoyi.project.system.controller.SysMenuController.edit()', 'PUT', 1, 'admin', NULL, '/system/menu', '127.0.0.1', '内网IP', '{\"visible\":\"0\",\"icon\":\"guide\",\"orderNum\":\"4\",\"menuName\":\"产品\",\"params\":{},\"parentId\":0,\"path\":\"shop\",\"children\":[],\"createTime\":1521171180000,\"isFrame\":\"0\",\"menuId\":4,\"menuType\":\"M\",\"perms\":\"\",\"status\":\"0\"}', '{\"msg\":\"新增菜单\'产品\'失败，地址必须以http(s)://开头\",\"code\":500}', 0, NULL, '2020-06-26 10:03:14');
INSERT INTO `sys_oper_log` VALUES (9, '菜单管理', 2, 'com.ruoyi.project.system.controller.SysMenuController.edit()', 'PUT', 1, 'admin', NULL, '/system/menu', '127.0.0.1', '内网IP', '{\"visible\":\"0\",\"icon\":\"guide\",\"orderNum\":\"4\",\"menuName\":\"产品\",\"params\":{},\"parentId\":0,\"path\":\"shop\",\"children\":[],\"createTime\":1521171180000,\"isFrame\":\"0\",\"menuId\":4,\"menuType\":\"C\",\"perms\":\"\",\"status\":\"0\"}', '{\"msg\":\"新增菜单\'产品\'失败，地址必须以http(s)://开头\",\"code\":500}', 0, NULL, '2020-06-26 10:03:19');
INSERT INTO `sys_oper_log` VALUES (10, '菜单管理', 2, 'com.ruoyi.project.system.controller.SysMenuController.edit()', 'PUT', 1, 'admin', NULL, '/system/menu', '127.0.0.1', '内网IP', '{\"visible\":\"0\",\"icon\":\"guide\",\"orderNum\":\"4\",\"menuName\":\"产品\",\"params\":{},\"parentId\":0,\"path\":\"shop\",\"children\":[],\"createTime\":1521171180000,\"updateBy\":\"admin\",\"isFrame\":\"1\",\"menuId\":4,\"menuType\":\"M\",\"perms\":\"\",\"status\":\"0\"}', '{\"msg\":\"操作成功\",\"code\":200}', 0, NULL, '2020-06-26 10:03:49');
INSERT INTO `sys_oper_log` VALUES (11, '菜单管理', 1, 'com.ruoyi.project.system.controller.SysMenuController.add()', 'POST', 1, 'admin', NULL, '/system/menu', '127.0.0.1', '内网IP', '{\"visible\":\"0\",\"icon\":\"system\",\"orderNum\":\"1\",\"menuName\":\"系统设置\",\"params\":{},\"parentId\":0,\"path\":\"system\",\"createBy\":\"admin\",\"children\":[],\"isFrame\":\"1\",\"menuType\":\"M\",\"status\":\"0\"}', '{\"msg\":\"操作成功\",\"code\":200}', 0, NULL, '2020-06-26 10:05:01');
INSERT INTO `sys_oper_log` VALUES (12, '菜单管理', 2, 'com.ruoyi.project.system.controller.SysMenuController.edit()', 'PUT', 1, 'admin', NULL, '/system/menu', '127.0.0.1', '内网IP', '{\"visible\":\"0\",\"icon\":\"system\",\"orderNum\":\"1\",\"menuName\":\"系统管理\",\"params\":{},\"parentId\":1067,\"path\":\"system\",\"children\":[],\"createTime\":1521171180000,\"updateBy\":\"admin\",\"isFrame\":\"1\",\"menuId\":1,\"menuType\":\"M\",\"perms\":\"\",\"status\":\"0\"}', '{\"msg\":\"操作成功\",\"code\":200}', 0, NULL, '2020-06-26 10:05:13');
INSERT INTO `sys_oper_log` VALUES (13, '菜单管理', 2, 'com.ruoyi.project.system.controller.SysMenuController.edit()', 'PUT', 1, 'admin', NULL, '/system/menu', '127.0.0.1', '内网IP', '{\"visible\":\"0\",\"icon\":\"monitor\",\"orderNum\":\"2\",\"menuName\":\"系统监控\",\"params\":{},\"parentId\":1067,\"path\":\"monitor\",\"children\":[],\"createTime\":1521171180000,\"updateBy\":\"admin\",\"isFrame\":\"1\",\"menuId\":2,\"menuType\":\"M\",\"perms\":\"\",\"status\":\"0\"}', '{\"msg\":\"操作成功\",\"code\":200}', 0, NULL, '2020-06-26 10:05:25');
INSERT INTO `sys_oper_log` VALUES (14, '菜单管理', 2, 'com.ruoyi.project.system.controller.SysMenuController.edit()', 'PUT', 1, 'admin', NULL, '/system/menu', '127.0.0.1', '内网IP', '{\"visible\":\"0\",\"icon\":\"tool\",\"orderNum\":\"3\",\"menuName\":\"系统工具\",\"params\":{},\"parentId\":1067,\"path\":\"tool\",\"children\":[],\"createTime\":1521171180000,\"updateBy\":\"admin\",\"isFrame\":\"1\",\"menuId\":3,\"menuType\":\"M\",\"perms\":\"\",\"status\":\"0\"}', '{\"msg\":\"操作成功\",\"code\":200}', 0, NULL, '2020-06-26 10:05:33');
INSERT INTO `sys_oper_log` VALUES (15, '菜单管理', 2, 'com.ruoyi.project.system.controller.SysMenuController.edit()', 'PUT', 1, 'admin', NULL, '/system/menu', '127.0.0.1', '内网IP', '{\"visible\":\"0\",\"icon\":\"#\",\"orderNum\":\"1\",\"menuName\":\"电商平台\",\"params\":{},\"parentId\":4,\"path\":\"shop_type\",\"component\":\"shop/shop_type/index\",\"children\":[],\"createTime\":1519833600000,\"updateBy\":\"admin\",\"isFrame\":\"1\",\"menuId\":1061,\"menuType\":\"C\",\"perms\":\"shop:shop_type:list\",\"status\":\"0\"}', '{\"msg\":\"操作成功\",\"code\":200}', 0, NULL, '2020-06-26 10:05:49');
INSERT INTO `sys_oper_log` VALUES (16, '代码生成', 2, 'com.ruoyi.project.tool.gen.controller.GenController.editSave()', 'PUT', 1, 'admin', NULL, '/tool/gen', '127.0.0.1', '内网IP', '{\"functionAuthor\":\"ruoyi\",\"columns\":[{\"usableColumn\":false,\"columnId\":1,\"isIncrement\":\"1\",\"increment\":true,\"insert\":true,\"dictType\":\"\",\"required\":false,\"superColumn\":false,\"updateBy\":\"\",\"isInsert\":\"1\",\"javaField\":\"id\",\"htmlType\":\"input\",\"edit\":false,\"query\":false,\"updateTime\":1593134799000,\"sort\":1,\"list\":false,\"params\":{},\"javaType\":\"Long\",\"queryType\":\"EQ\",\"columnType\":\"bigint(20)\",\"createBy\":\"admin\",\"isPk\":\"1\",\"createTime\":1592990595000,\"tableId\":1,\"pk\":true,\"columnName\":\"id\"},{\"usableColumn\":false,\"columnId\":2,\"isIncrement\":\"0\",\"increment\":false,\"insert\":false,\"dictType\":\"\",\"required\":true,\"superColumn\":false,\"updateBy\":\"\",\"isRequired\":\"1\",\"javaField\":\"adminId\",\"htmlType\":\"input\",\"edit\":false,\"query\":false,\"updateTime\":1593134799000,\"sort\":2,\"list\":false,\"params\":{},\"javaType\":\"Long\",\"queryType\":\"EQ\",\"columnType\":\"bigint(20)\",\"createBy\":\"admin\",\"isPk\":\"0\",\"createTime\":1592990595000,\"tableId\":1,\"pk\":false,\"columnName\":\"admin_id\"},{\"usableColumn\":false,\"columnId\":3,\"isIncrement\":\"0\",\"increment\":false,\"insert\":true,\"isList\":\"1\",\"dictType\":\"\",\"required\":true,\"superColumn\":false,\"updateBy\":\"\",\"isInsert\":\"1\",\"isRequired\":\"1\",\"javaField\":\"shopTypeId\",\"htmlType\":\"input\",\"edit\":true,\"query\":true,\"columnComment\":\"平台类型\",\"isQuery\":\"1\",\"updateTime\":1593134799000,\"sort\":3,\"list\":true,\"params\":{},\"javaType\":\"Long\",\"queryType\":\"EQ\",\"columnType\":\"bigint(20)\",\"createBy\":\"admin\",\"isPk\":\"0\",\"createTime\":1592990595000,\"isEdit\":\"1\",\"tableId\":1,\"pk\":false,\"columnName\":\"shop_type_id\"},{\"usableColumn\":false,\"columnId\":4,\"isIncrement\":\"0\",\"increment\":false,\"insert\":true,\"isList\":\"1\",\"dictType\":\"\",\"required\":true,\"superColumn\":false,\"updateBy\":\"\",\"isInsert\":\"1\",\"isRequired\":\"1\",\"javaField\":\"shopName\",\"htmlType\":\"input\",\"edit\":true,\"query\":true,\"columnComment\":\"店铺名称\",\"isQuery\":\"1\",\"updateTime\":1593134799000,\"sort\":4,\"list\":true,\"params\":{},\"javaType\":\"String\",\"queryType\":\"LIKE\",\"columnType\":\"varchar(200)\",\"createBy\":\"admin\",\"isPk\":\"0\",\"createTime\":1592990595000,\"isEdit\":\"1\",\"tableId\":1,\"pk\"', '{\"msg\":\"操作成功\",\"code\":200}', 0, NULL, '2020-06-26 10:08:55');
INSERT INTO `sys_oper_log` VALUES (17, '代码生成', 8, 'com.ruoyi.project.tool.gen.controller.GenController.batchGenCode()', 'GET', 1, 'admin', NULL, '/tool/gen/batchGenCode', '127.0.0.1', '内网IP', '{}', 'null', 0, NULL, '2020-06-26 10:08:59');
INSERT INTO `sys_oper_log` VALUES (18, '菜单管理', 2, 'com.ruoyi.project.system.controller.SysMenuController.edit()', 'PUT', 1, 'admin', NULL, '/system/menu', '127.0.0.1', '内网IP', '{\"visible\":\"0\",\"icon\":\"#\",\"orderNum\":\"1\",\"menuName\":\"电商店铺\",\"params\":{},\"parentId\":4,\"path\":\"shop\",\"component\":\"shop/shop/index\",\"children\":[],\"createTime\":1519833600000,\"updateBy\":\"admin\",\"isFrame\":\"1\",\"menuId\":1068,\"menuType\":\"C\",\"perms\":\"shop:shop:list\",\"status\":\"0\"}', '{\"msg\":\"操作成功\",\"code\":200}', 0, NULL, '2020-06-26 10:10:53');
INSERT INTO `sys_oper_log` VALUES (19, '菜单管理', 1, 'com.ruoyi.project.system.controller.SysMenuController.add()', 'POST', 1, 'admin', NULL, '/system/menu', '127.0.0.1', '内网IP', '{\"visible\":\"1\",\"orderNum\":\"1\",\"menuName\":\"s\",\"params\":{},\"parentId\":1067,\"path\":\"https://www.baidu.com\",\"createBy\":\"admin\",\"children\":[],\"isFrame\":\"0\",\"menuType\":\"M\",\"status\":\"0\"}', '{\"msg\":\"操作成功\",\"code\":200}', 0, NULL, '2020-06-26 10:16:31');
INSERT INTO `sys_oper_log` VALUES (20, '电商店铺', 1, 'com.ruoyi.erp.shop.controller.ShopController.add()', 'POST', 1, 'admin', NULL, '/shop/shop', '127.0.0.1', '内网IP', '{\"shopName\":\"2\",\"params\":{},\"shopTypeId\":1}', 'null', 1, '\r\n### Error updating database.  Cause: java.sql.SQLException: Field \'admin_id\' doesn\'t have a default value\r\n### The error may involve com.ruoyi.erp.shop.mapper.ShopMapper.insertShop-Inline\r\n### The error occurred while setting parameters\r\n### SQL: insert into erp_shop          ( shop_type_id,             shop_name )           values ( ?,             ? )\r\n### Cause: java.sql.SQLException: Field \'admin_id\' doesn\'t have a default value\n; Field \'admin_id\' doesn\'t have a default value; nested exception is java.sql.SQLException: Field \'admin_id\' doesn\'t have a default value', '2020-06-26 10:29:23');
INSERT INTO `sys_oper_log` VALUES (21, '用户管理', 2, 'com.ruoyi.project.system.controller.SysUserController.edit()', 'PUT', 1, 'admin', NULL, '/system/user', '127.0.0.1', '内网IP', '{\"roles\":[{\"flag\":false,\"roleId\":1,\"admin\":true,\"dataScope\":\"1\",\"params\":{},\"roleSort\":\"1\",\"roleKey\":\"admin\",\"roleName\":\"管理员\",\"status\":\"0\"}],\"phonenumber\":\"15888888888\",\"admin\":true,\"loginDate\":1521171180000,\"remark\":\"管理员\",\"delFlag\":\"0\",\"password\":\"\",\"postIds\":[1],\"loginIp\":\"127.0.0.1\",\"email\":\"ry@163.com\",\"nickName\":\"若依\",\"sex\":\"0\",\"deptId\":103,\"avatar\":\"\",\"dept\":{\"deptName\":\"研发部门\",\"leader\":\"若依\",\"deptId\":103,\"orderNum\":\"1\",\"params\":{},\"parentId\":101,\"children\":[],\"status\":\"0\"},\"params\":{},\"userName\":\"admin\",\"userId\":1,\"createBy\":\"admin\",\"roleIds\":[1],\"createTime\":1521171180000,\"status\":\"0\"}', 'null', 1, '不允许操作超级管理员用户', '2020-06-26 11:09:51');
INSERT INTO `sys_oper_log` VALUES (22, '电商店铺', 1, 'com.ruoyi.erp.shop.controller.ShopController.add()', 'POST', 1, 'admin', NULL, '/shop/shop', '127.0.0.1', '内网IP', '{\"shopName\":\"123\",\"params\":{},\"shopTypeId\":2}', 'null', 1, '\r\n### Error updating database.  Cause: java.sql.SQLException: Field \'admin_id\' doesn\'t have a default value\r\n### The error may involve com.ruoyi.erp.shop.mapper.ShopMapper.insertShop-Inline\r\n### The error occurred while setting parameters\r\n### SQL: insert into erp_shop          ( shop_type_id,             shop_name,                          create_date,             modify_date,             auth_date )           values ( ?,             ?,                          sysdate(),             sysdate(),             sysdate() )\r\n### Cause: java.sql.SQLException: Field \'admin_id\' doesn\'t have a default value\n; Field \'admin_id\' doesn\'t have a default value; nested exception is java.sql.SQLException: Field \'admin_id\' doesn\'t have a default value', '2020-06-26 16:18:55');
INSERT INTO `sys_oper_log` VALUES (23, '电商店铺', 1, 'com.ruoyi.erp.shop.controller.ShopController.add()', 'POST', 1, 'admin', NULL, '/shop/shop', '127.0.0.1', '内网IP', '{\"shopName\":\"123\",\"params\":{},\"shopTypeId\":2}', 'null', 1, '\r\n### Error updating database.  Cause: java.sql.SQLException: Field \'admin_id\' doesn\'t have a default value\r\n### The error may involve com.ruoyi.erp.shop.mapper.ShopMapper.insertShop-Inline\r\n### The error occurred while setting parameters\r\n### SQL: insert into erp_shop          ( shop_type_id,             shop_name,                          create_date,             modify_date,             auth_date )           values ( ?,             ?,                          sysdate(),             sysdate(),             sysdate() )\r\n### Cause: java.sql.SQLException: Field \'admin_id\' doesn\'t have a default value\n; Field \'admin_id\' doesn\'t have a default value; nested exception is java.sql.SQLException: Field \'admin_id\' doesn\'t have a default value', '2020-06-26 16:39:36');
INSERT INTO `sys_oper_log` VALUES (24, '电商店铺', 1, 'com.ruoyi.erp.shop.controller.ShopController.add()', 'POST', 1, 'admin', NULL, '/shop/shop', '127.0.0.1', '内网IP', '{\"shopName\":\"123\",\"params\":{},\"shopTypeId\":2,\"adminId\":1,\"id\":2}', '{\"msg\":\"操作成功\",\"code\":200}', 0, NULL, '2020-06-26 16:40:13');
INSERT INTO `sys_oper_log` VALUES (25, '电商平台', 2, 'com.ruoyi.erp.shop.controller.ShopTypeController.edit()', 'PUT', 1, 'admin', NULL, '/shop/shop_type', '127.0.0.1', '内网IP', '{\"clientId\":\"5ef2a92621a3120021446048\",\"params\":{},\"authUrl\":\"https://sandbox.merchant.wish.com/v3/oauth/authorize?client_id=5ef2a92621a3120021446048\",\"name\":\"wish\",\"id\":1,\"shortName\":\"wish\"}', 'null', 1, '\r\n### Error updating database.  Cause: java.sql.SQLSyntaxErrorException: You have an error in your SQL syntax; check the manual that corresponds to your MySQL server version for the right syntax to use near \'\'https://sandbox.merchant.wish.com/v3/oauth/authorize?client_id=5ef2a92621a31200\' at line 4\r\n### The error may involve com.ruoyi.erp.shop.mapper.ShopTypeMapper.updateShopType-Inline\r\n### The error occurred while setting parameters\r\n### SQL: update erp_shop_type          SET name = ?,             short_name = ?,             ?,             ?,                          modify_date = sysdate()          where id = ?\r\n### Cause: java.sql.SQLSyntaxErrorException: You have an error in your SQL syntax; check the manual that corresponds to your MySQL server version for the right syntax to use near \'\'https://sandbox.merchant.wish.com/v3/oauth/authorize?client_id=5ef2a92621a31200\' at line 4\n; bad SQL grammar []; nested exception is java.sql.SQLSyntaxErrorException: You have an error in your SQL syntax; check the manual that corresponds to your MySQL server version for the right syntax to use near \'\'https://sandbox.merchant.wish.com/v3/oauth/authorize?client_id=5ef2a92621a31200\' at line 4', '2020-06-27 08:40:35');
INSERT INTO `sys_oper_log` VALUES (26, '电商平台', 2, 'com.ruoyi.erp.shop.controller.ShopTypeController.edit()', 'PUT', 1, 'admin', NULL, '/shop/shop_type', '127.0.0.1', '内网IP', '{\"clientId\":\"5ef2a92621a3120021446048\",\"params\":{},\"authUrl\":\"https://sandbox.merchant.wish.com/v3/oauth/authorize?client_id=5ef2a92621a3120021446048\",\"name\":\"wish\",\"id\":1,\"shortName\":\"wish\"}', 'null', 1, '\r\n### Error updating database.  Cause: java.sql.SQLSyntaxErrorException: You have an error in your SQL syntax; check the manual that corresponds to your MySQL server version for the right syntax to use near \'\'https://sandbox.merchant.wish.com/v3/oauth/authorize?client_id=5ef2a92621a31200\' at line 4\r\n### The error may involve com.ruoyi.erp.shop.mapper.ShopTypeMapper.updateShopType-Inline\r\n### The error occurred while setting parameters\r\n### SQL: update erp_shop_type          SET name = ?,             short_name = ?,             ?,             ?,                          modify_date = sysdate()          where id = ?\r\n### Cause: java.sql.SQLSyntaxErrorException: You have an error in your SQL syntax; check the manual that corresponds to your MySQL server version for the right syntax to use near \'\'https://sandbox.merchant.wish.com/v3/oauth/authorize?client_id=5ef2a92621a31200\' at line 4\n; bad SQL grammar []; nested exception is java.sql.SQLSyntaxErrorException: You have an error in your SQL syntax; check the manual that corresponds to your MySQL server version for the right syntax to use near \'\'https://sandbox.merchant.wish.com/v3/oauth/authorize?client_id=5ef2a92621a31200\' at line 4', '2020-06-27 08:44:13');
INSERT INTO `sys_oper_log` VALUES (27, '电商平台', 2, 'com.ruoyi.erp.shop.controller.ShopTypeController.edit()', 'PUT', 1, 'admin', NULL, '/shop/shop_type', '127.0.0.1', '内网IP', '{\"clientId\":\"5ef2a92621a3120021446048\",\"params\":{},\"authUrl\":\"1\",\"name\":\"wish\",\"id\":1,\"shortName\":\"wish\"}', 'null', 1, '\r\n### Error updating database.  Cause: java.sql.SQLSyntaxErrorException: You have an error in your SQL syntax; check the manual that corresponds to your MySQL server version for the right syntax to use near \'\'1\',\n            \'5ef2a92621a3120021446048\',\n            \n            modify_dat\' at line 4\r\n### The error may involve com.ruoyi.erp.shop.mapper.ShopTypeMapper.updateShopType-Inline\r\n### The error occurred while setting parameters\r\n### SQL: update erp_shop_type          SET name = ?,             short_name = ?,             ?,             ?,                          modify_date = sysdate()          where id = ?\r\n### Cause: java.sql.SQLSyntaxErrorException: You have an error in your SQL syntax; check the manual that corresponds to your MySQL server version for the right syntax to use near \'\'1\',\n            \'5ef2a92621a3120021446048\',\n            \n            modify_dat\' at line 4\n; bad SQL grammar []; nested exception is java.sql.SQLSyntaxErrorException: You have an error in your SQL syntax; check the manual that corresponds to your MySQL server version for the right syntax to use near \'\'1\',\n            \'5ef2a92621a3120021446048\',\n            \n            modify_dat\' at line 4', '2020-06-27 08:44:32');
INSERT INTO `sys_oper_log` VALUES (28, '电商平台', 2, 'com.ruoyi.erp.shop.controller.ShopTypeController.edit()', 'PUT', 1, 'admin', NULL, '/shop/shop_type', '127.0.0.1', '内网IP', '{\"clientId\":\"5ef2a92621a3120021446048\",\"params\":{},\"authUrl\":\"1\",\"name\":\"wish\",\"id\":1,\"shortName\":\"wish\"}', 'null', 1, '\r\n### Error updating database.  Cause: java.sql.SQLSyntaxErrorException: You have an error in your SQL syntax; check the manual that corresponds to your MySQL server version for the right syntax to use near \'\'1\',\n            \'5ef2a92621a3120021446048\',\n            \n            modify_dat\' at line 4\r\n### The error may involve com.ruoyi.erp.shop.mapper.ShopTypeMapper.updateShopType-Inline\r\n### The error occurred while setting parameters\r\n### SQL: update erp_shop_type          SET name = ?,             short_name = ?,             ?,             ?,                          modify_date = sysdate()          where id = ?\r\n### Cause: java.sql.SQLSyntaxErrorException: You have an error in your SQL syntax; check the manual that corresponds to your MySQL server version for the right syntax to use near \'\'1\',\n            \'5ef2a92621a3120021446048\',\n            \n            modify_dat\' at line 4\n; bad SQL grammar []; nested exception is java.sql.SQLSyntaxErrorException: You have an error in your SQL syntax; check the manual that corresponds to your MySQL server version for the right syntax to use near \'\'1\',\n            \'5ef2a92621a3120021446048\',\n            \n            modify_dat\' at line 4', '2020-06-27 08:44:39');
INSERT INTO `sys_oper_log` VALUES (29, '电商平台', 2, 'com.ruoyi.erp.shop.controller.ShopTypeController.edit()', 'PUT', 1, 'admin', NULL, '/shop/shop_type', '127.0.0.1', '内网IP', '{\"clientId\":\"5ef2a92621a3120021446048\",\"params\":{},\"authUrl\":\"https://sandbox.merchant.wish.com/v3/oauth/authorize?client_id=5ef2a92621a3120021446048\",\"name\":\"wish\",\"id\":1,\"shortName\":\"wish\"}', '{\"msg\":\"操作成功\",\"code\":200}', 0, NULL, '2020-06-27 08:46:01');
INSERT INTO `sys_oper_log` VALUES (30, '电商平台', 2, 'com.ruoyi.erp.shop.controller.ShopTypeController.edit()', 'PUT', 1, 'admin', NULL, '/shop/shop_type', '127.0.0.1', '内网IP', '{\"clientId\":\"5ef2a92621a3120021446048\",\"modifyDate\":1593187200000,\"params\":{},\"authUrl\":\"https://sandbox.merchant.wish.com/v3/oauth/authorize?client_id=5ef2a92621a3120021446048\",\"name\":\"wish\",\"clientSecret\":\"658f70bc66a848eea3d27856e17faf7d\",\"id\":1,\"shortName\":\"wish\"}', '{\"msg\":\"操作成功\",\"code\":200}', 0, NULL, '2020-06-27 08:47:22');
INSERT INTO `sys_oper_log` VALUES (31, '电商店铺', 2, 'com.ruoyi.erp.shop.controller.ShopController.edit()', 'PUT', 1, 'admin', NULL, '/shop/shop', '127.0.0.1', '内网IP', '{\"shopData\":\"{}\",\"shopName\":\"493886562@qq.com\",\"params\":{},\"shopTypeId\":1,\"adminId\":1,\"id\":1,\"shopType\":{\"params\":{},\"name\":\"wish\",\"id\":1,\"shortName\":\"wish\"}}', 'null', 1, '\r\n### Error updating database.  Cause: java.sql.SQLSyntaxErrorException: Unknown column \'s.id\' in \'where clause\'\r\n### The error may involve com.ruoyi.erp.shop.mapper.ShopMapper.updateShop-Inline\r\n### The error occurred while setting parameters\r\n### SQL: update erp_shop          SET admin_id = ?,             shop_type_id = ?,             shop_name = ?,             shop_data = ?,             modify_date = sysdate()          where s.id = ?\r\n### Cause: java.sql.SQLSyntaxErrorException: Unknown column \'s.id\' in \'where clause\'\n; bad SQL grammar []; nested exception is java.sql.SQLSyntaxErrorException: Unknown column \'s.id\' in \'where clause\'', '2020-06-27 16:48:21');
INSERT INTO `sys_oper_log` VALUES (32, '电商店铺', 2, 'com.ruoyi.erp.shop.controller.ShopController.edit()', 'PUT', 1, 'admin', NULL, '/shop/shop', '127.0.0.1', '内网IP', '{\"shopData\":\"{}\",\"shopName\":\"493886562@qq.com\",\"params\":{},\"shopTypeId\":1,\"adminId\":1,\"id\":1,\"shopType\":{\"params\":{},\"name\":\"wish\",\"id\":1,\"shortName\":\"wish\"}}', 'null', 1, '\r\n### Error updating database.  Cause: java.sql.SQLSyntaxErrorException: Unknown column \'s.id\' in \'where clause\'\r\n### The error may involve com.ruoyi.erp.shop.mapper.ShopMapper.updateShop-Inline\r\n### The error occurred while setting parameters\r\n### SQL: update erp_shop          SET admin_id = ?,             shop_type_id = ?,             shop_name = ?,             shop_data = ?,             modify_date = sysdate()          where s.id = ?\r\n### Cause: java.sql.SQLSyntaxErrorException: Unknown column \'s.id\' in \'where clause\'\n; bad SQL grammar []; nested exception is java.sql.SQLSyntaxErrorException: Unknown column \'s.id\' in \'where clause\'', '2020-06-27 16:51:26');
INSERT INTO `sys_oper_log` VALUES (33, '电商店铺', 2, 'com.ruoyi.erp.shop.controller.ShopController.edit()', 'PUT', 1, 'admin', NULL, '/shop/shop', '127.0.0.1', '内网IP', '{\"shopData\":\"{}\",\"shopName\":\"493886562@qq.com\",\"params\":{},\"shopTypeId\":1,\"adminId\":1,\"id\":1,\"shopType\":{\"params\":{},\"name\":\"wish\",\"id\":1,\"shortName\":\"wish\"}}', '{\"msg\":\"操作成功\",\"code\":200}', 0, NULL, '2020-06-27 16:53:09');
INSERT INTO `sys_oper_log` VALUES (34, '电商店铺', 2, 'com.ruoyi.erp.shop.controller.ShopController.edit()', 'PUT', 1, 'admin', NULL, '/shop/shop', '127.0.0.1', '内网IP', '{\"shopData\":\"{}\",\"modifyDate\":1593187200000,\"shopName\":\"493886562@qq.com\",\"params\":{},\"shopTypeId\":1,\"adminId\":1,\"id\":1,\"shopType\":{\"params\":{},\"name\":\"wish\",\"id\":1,\"shortName\":\"wish\"},\"createDate\":1593187200000}', '{\"msg\":\"操作成功\",\"code\":200}', 0, NULL, '2020-06-27 17:20:33');
INSERT INTO `sys_oper_log` VALUES (35, '电商店铺', 2, 'com.ruoyi.erp.shop.controller.ShopController.edit()', 'PUT', 1, 'admin', NULL, '/shop/shop', '127.0.0.1', '内网IP', '{\"shopData\":\"{\\\"code\\\":c7740b27bd8d456b9a56c6d7659cd512}\",\"params\":{},\"id\":1}', '{\"msg\":\"操作成功\",\"code\":200}', 0, NULL, '2020-06-27 17:32:38');
INSERT INTO `sys_oper_log` VALUES (36, '电商店铺', 2, 'com.ruoyi.erp.shop.controller.ShopController.edit()', 'PUT', 1, 'admin', NULL, '/shop/shop', '127.0.0.1', '内网IP', '{\"shopData\":\"{\\\"code\\\":\\\"30fb349e601545b3b391089f0e419fc3\\\"}\",\"params\":{},\"id\":1}', '{\"msg\":\"操作成功\",\"code\":200}', 0, NULL, '2020-06-27 17:33:21');
INSERT INTO `sys_oper_log` VALUES (37, '菜单管理', 2, 'com.ruoyi.project.system.controller.SysMenuController.edit()', 'PUT', 1, 'admin', NULL, '/system/menu', '127.0.0.1', '内网IP', '{\"visible\":\"1\",\"icon\":\"system\",\"orderNum\":\"1\",\"menuName\":\"系统设置\",\"params\":{},\"parentId\":0,\"path\":\"system\",\"children\":[],\"createTime\":1593137101000,\"updateBy\":\"admin\",\"isFrame\":\"1\",\"menuId\":1067,\"menuType\":\"M\",\"perms\":\"\",\"status\":\"0\"}', '{\"msg\":\"操作成功\",\"code\":200}', 0, NULL, '2020-06-28 11:17:29');
INSERT INTO `sys_oper_log` VALUES (38, '电商店铺', 2, 'com.ruoyi.erp.shop.controller.ShopController.edit()', 'PUT', 1, 'admin', NULL, '/shop/shop', '127.0.0.1', '内网IP', '{\"shopData\":\"{\\\"code\\\":\\\"a843499c7336433fb19f050aedf99cfc\\\"}\",\"params\":{},\"id\":1}', '{\"msg\":\"操作成功\",\"code\":200}', 0, NULL, '2020-06-28 11:35:18');
INSERT INTO `sys_oper_log` VALUES (39, '电商店铺', 2, 'com.ruoyi.erp.shop.controller.ShopController.edit()', 'PUT', 1, 'admin', NULL, '/shop/shop', '127.0.0.1', '内网IP', '{\"shopData\":\"{\\\"code\\\":\\\"0cd95165fb384a47a67ce26d86929ea2\\\"}\",\"params\":{},\"id\":1}', '{\"msg\":\"操作成功\",\"code\":200}', 0, NULL, '2020-06-28 11:45:00');
INSERT INTO `sys_oper_log` VALUES (40, '电商店铺', 2, 'com.ruoyi.erp.shop.controller.ShopController.edit()', 'PUT', 1, 'admin', NULL, '/shop/shop', '127.0.0.1', '内网IP', '{\"shopData\":\"{\\\"code\\\":\\\"40d10b3900f74d66864c8c3e32a4239c\\\"}\",\"params\":{},\"id\":1}', '{\"msg\":\"操作成功\",\"code\":200}', 0, NULL, '2020-06-28 19:09:35');
INSERT INTO `sys_oper_log` VALUES (41, '电商店铺', 2, 'com.ruoyi.erp.shop.controller.ShopController.edit()', 'PUT', 1, 'admin', NULL, '/shop/shop', '127.0.0.1', '内网IP', '{\"shopData\":\"{\\\"code\\\":\\\"b1d2a77719744364a0a4379142708c2f\\\"}\",\"params\":{},\"id\":1}', '{\"msg\":\"操作成功\",\"code\":200}', 0, NULL, '2020-06-28 19:10:46');
INSERT INTO `sys_oper_log` VALUES (42, '电商店铺', 2, 'com.ruoyi.erp.shop.controller.ShopController.edit()', 'PUT', 1, 'admin', NULL, '/shop/shop', '127.0.0.1', '内网IP', '{\"shopData\":\"{\\\"code\\\":\\\"404\\\"}\",\"params\":{},\"id\":1}', '{\"msg\":\"操作成功\",\"code\":200}', 0, NULL, '2020-06-29 10:30:01');
INSERT INTO `sys_oper_log` VALUES (43, '电商店铺', 2, 'com.ruoyi.erp.shop.controller.ShopController.edit()', 'PUT', 1, 'admin', NULL, '/shop/shop', '127.0.0.1', '内网IP', '{\"shopData\":\"{\\\"code\\\":\\\"404\\\"}\",\"params\":{},\"id\":1}', '{\"msg\":\"操作成功\",\"code\":200}', 0, NULL, '2020-06-29 10:30:37');
INSERT INTO `sys_oper_log` VALUES (44, '电商店铺', 2, 'com.ruoyi.erp.shop.controller.ShopController.edit()', 'PUT', 1, 'admin', NULL, '/shop/shop', '127.0.0.1', '内网IP', '{\"shopData\":\"{\\\"code\\\":\\\"404\\\"}\",\"params\":{},\"id\":1}', '{\"msg\":\"操作成功\",\"code\":200}', 0, NULL, '2020-06-29 10:32:14');
INSERT INTO `sys_oper_log` VALUES (45, '电商店铺', 2, 'com.ruoyi.erp.shop.controller.ShopController.edit()', 'PUT', 1, 'admin', NULL, '/shop/shop', '127.0.0.1', '内网IP', '{\"shopData\":\"{\\\"code\\\":\\\"404\\\"}\",\"params\":{},\"id\":1}', '{\"msg\":\"操作成功\",\"code\":200}', 0, NULL, '2020-06-29 10:35:22');
INSERT INTO `sys_oper_log` VALUES (46, '电商店铺', 2, 'com.ruoyi.erp.shop.controller.ShopController.edit()', 'PUT', 1, 'admin', NULL, '/shop/shop', '127.0.0.1', '内网IP', '{\"shopData\":\"{\\\"code\\\":\\\"404\\\"}\",\"params\":{},\"id\":1}', '{\"msg\":\"操作成功\",\"code\":200}', 0, NULL, '2020-06-29 11:06:00');
INSERT INTO `sys_oper_log` VALUES (47, '电商店铺', 2, 'com.ruoyi.erp.shop.controller.ShopController.edit()', 'PUT', 1, 'admin', NULL, '/shop/shop', '127.0.0.1', '内网IP', '{\"shopData\":\"{\\\"code\\\":\\\"404\\\"}\",\"params\":{},\"id\":1}', '{\"msg\":\"操作成功\",\"code\":200}', 0, NULL, '2020-06-29 11:09:46');
INSERT INTO `sys_oper_log` VALUES (48, '电商店铺', 2, 'com.ruoyi.erp.shop.controller.ShopController.edit()', 'PUT', 1, 'admin', NULL, '/shop/shop', '127.0.0.1', '内网IP', '{\"shopData\":\"<!DOCTYPE html><!--STATUS OK-->    <html><head><meta http-equiv=\\\"Content-Type\\\" content=\\\"text/html;charset=utf-8\\\"><meta http-equiv=\\\"X-UA-Compatible\\\" content=\\\"IE=edge,chrome=1\\\"><meta content=\\\"always\\\" name=\\\"referrer\\\"><meta name=\\\"theme-color\\\" content=\\\"#2932e1\\\"><meta name=\\\"description\\\" content=\\\"全球最大的中文搜索引擎、致力于让网民更便捷地获取信息，找到所求。百度超过千亿的中文网页数据库，可以瞬间找到相关的搜索结果。\\\"><link rel=\\\"shortcut icon\\\" href=\\\"/favicon.ico\\\" type=\\\"image/x-icon\\\" /><link rel=\\\"search\\\" type=\\\"application/opensearchdescription+xml\\\" href=\\\"/content-search.xml\\\" title=\\\"百度搜索\\\" /><link rel=\\\"icon\\\" sizes=\\\"any\\\" mask href=\\\"//www.baidu.com/img/baidu_85beaf5496f291521eb75ba38eacbd87.svg\\\"><link rel=\\\"dns-prefetch\\\" href=\\\"//dss0.bdstatic.com\\\"/><link rel=\\\"dns-prefetch\\\" href=\\\"//dss1.bdstatic.com\\\"/><link rel=\\\"dns-prefetch\\\" href=\\\"//ss1.bdstatic.com\\\"/><link rel=\\\"dns-prefetch\\\" href=\\\"//sp0.baidu.com\\\"/><link rel=\\\"dns-prefetch\\\" href=\\\"//sp1.baidu.com\\\"/><link rel=\\\"dns-prefetch\\\" href=\\\"//sp2.baidu.com\\\"/><title>百度一下，你就知道</title><style index=\\\"newi\\\" type=\\\"text/css\\\">#form .bdsug{top:39px}.bdsug{display:none;position:absolute;width:535px;background:#fff;border:1px solid #ccc!important;_overflow:hidden;box-shadow:1px 1px 3px #ededed;-webkit-box-shadow:1px 1px 3px #ededed;-moz-box-shadow:1px 1px 3px #ededed;-o-box-shadow:1px 1px 3px #ededed}.bdsug li{width:519px;color:#000;font:14px arial;line-height:25px;padding:0 8px;position:relative;cursor:default}.bdsug li.bdsug-s{background:#f0f0f0}.bdsug-store span,.bdsug-store b{color:#7A77C8}.bdsug-store-del{font-size:12px;color:#666;text-decoration:underline;position:absolute;right:8px;top:0;cursor:pointer;display:none}.bdsug-s .bdsug-store-del{display:inline-block}.bdsug-ala{display:inline-block;border-bottom:1px solid #e6e6e6}.bdsug-ala h3{line-height:14px;background:url(//www.baidu.com/img/sug_bd.png?v=09816787.png) no-repeat left center;margin:6px 0 4px;font-size:12px;font-weight:400;color:#7B7B7B;padding-left:20px}.bdsug-ala ', 'null', 1, '\r\n### Error updating database.  Cause: com.mysql.cj.jdbc.exceptions.MysqlDataTruncation: Data truncation: Data too long for column \'shop_data\' at row 1\r\n### The error may involve com.ruoyi.erp.shop.mapper.ShopMapper.updateShop-Inline\r\n### The error occurred while setting parameters\r\n### SQL: update erp_shop          SET shop_data = ?,                          modify_date = sysdate()          where id = ?\r\n### Cause: com.mysql.cj.jdbc.exceptions.MysqlDataTruncation: Data truncation: Data too long for column \'shop_data\' at row 1\n; Data truncation: Data too long for column \'shop_data\' at row 1; nested exception is com.mysql.cj.jdbc.exceptions.MysqlDataTruncation: Data truncation: Data too long for column \'shop_data\' at row 1', '2020-06-29 11:11:57');
INSERT INTO `sys_oper_log` VALUES (49, '电商店铺', 2, 'com.ruoyi.erp.shop.controller.ShopController.edit()', 'PUT', 1, 'admin', NULL, '/shop/shop', '127.0.0.1', '内网IP', '{\"shopData\":\"{\\\"code\\\":\\\"404\\\"}\",\"params\":{},\"id\":1}', '{\"msg\":\"操作成功\",\"code\":200}', 0, NULL, '2020-06-29 11:13:58');
INSERT INTO `sys_oper_log` VALUES (50, '电商店铺', 2, 'com.ruoyi.erp.shop.controller.ShopController.edit()', 'PUT', 1, 'admin', NULL, '/shop/shop', '127.0.0.1', '内网IP', '{\"shopData\":\"{\\\"code\\\":\\\"404\\\"}\",\"params\":{},\"id\":1}', '{\"msg\":\"操作成功\",\"code\":200}', 0, NULL, '2020-06-29 11:20:31');
INSERT INTO `sys_oper_log` VALUES (51, '电商店铺', 2, 'com.ruoyi.erp.shop.controller.ShopController.edit()', 'PUT', 1, 'admin', NULL, '/shop/shop', '127.0.0.1', '内网IP', '{\"shopData\":\"{\\\"code\\\":\\\"404\\\"}\",\"params\":{},\"shopTypeId\":1,\"id\":1}', '{\"msg\":\"操作成功\",\"code\":200}', 0, NULL, '2020-06-29 11:23:13');
INSERT INTO `sys_oper_log` VALUES (52, '电商店铺', 2, 'com.ruoyi.erp.shop.controller.ShopController.edit()', 'PUT', 1, 'admin', NULL, '/shop/shop', '127.0.0.1', '内网IP', '{\"shopData\":\"{\\\"code\\\":\\\"404\\\"}\",\"params\":{},\"shopTypeId\":1,\"id\":1}', '{\"msg\":\"操作成功\",\"code\":200}', 0, NULL, '2020-06-29 11:24:23');
INSERT INTO `sys_oper_log` VALUES (53, '电商店铺', 2, 'com.ruoyi.erp.shop.controller.ShopController.edit()', 'PUT', 1, 'admin', NULL, '/shop/shop', '127.0.0.1', '内网IP', '{\"shopData\":\"{\\\"code\\\":\\\"404\\\"}\",\"params\":{},\"shopTypeId\":1,\"id\":1}', '{\"msg\":\"操作成功\",\"code\":200}', 0, NULL, '2020-06-29 11:26:25');
INSERT INTO `sys_oper_log` VALUES (54, '电商店铺', 2, 'com.ruoyi.erp.shop.controller.ShopController.edit()', 'PUT', 1, 'admin', NULL, '/shop/shop', '127.0.0.1', '内网IP', '{\"shopData\":\"{\\\"code\\\":\\\"404\\\"}\",\"params\":{},\"shopTypeId\":1,\"id\":1}', '{\"msg\":\"操作成功\",\"code\":200}', 0, NULL, '2020-06-29 13:38:47');
INSERT INTO `sys_oper_log` VALUES (55, '电商店铺', 2, 'com.ruoyi.erp.shop.controller.ShopController.edit()', 'PUT', 1, 'admin', NULL, '/shop/shop', '127.0.0.1', '内网IP', '{\"shopData\":\"{\\\"code\\\":\\\"404\\\"}\",\"params\":{},\"shopTypeId\":1,\"id\":1}', '{\"msg\":\"操作成功\",\"code\":200}', 0, NULL, '2020-06-29 13:40:15');
INSERT INTO `sys_oper_log` VALUES (56, '电商店铺', 2, 'com.ruoyi.erp.shop.controller.ShopController.edit()', 'PUT', 1, 'admin', NULL, '/shop/shop', '127.0.0.1', '内网IP', '{\"shopData\":\"{\\\"code\\\":\\\"404\\\"}\",\"params\":{},\"shopTypeId\":1,\"id\":1}', '{\"msg\":\"操作成功\",\"code\":200}', 0, NULL, '2020-06-29 14:08:17');
INSERT INTO `sys_oper_log` VALUES (57, '电商店铺', 2, 'com.ruoyi.erp.shop.controller.ShopController.edit()', 'PUT', 1, 'admin', NULL, '/shop/shop', '127.0.0.1', '内网IP', '{\"shopData\":\"{\\\"code\\\":\\\"404\\\"}\",\"params\":{},\"shopTypeId\":1,\"id\":1}', '{\"msg\":\"操作成功\",\"code\":200}', 0, NULL, '2020-06-29 14:32:54');
INSERT INTO `sys_oper_log` VALUES (58, '电商店铺', 2, 'com.ruoyi.erp.shop.controller.ShopController.edit()', 'PUT', 1, 'admin', NULL, '/shop/shop', '127.0.0.1', '内网IP', '{\"shopData\":\"{\\\"code\\\":\\\"404\\\"}\",\"params\":{},\"shopTypeId\":1,\"id\":1}', '{\"msg\":\"操作成功\",\"code\":200}', 0, NULL, '2020-06-29 15:30:11');
INSERT INTO `sys_oper_log` VALUES (59, '电商店铺', 2, 'com.ruoyi.erp.shop.controller.ShopController.edit()', 'PUT', 1, 'admin', NULL, '/shop/shop', '127.0.0.1', '内网IP', '{\"shopData\":\"{\\\"message\\\":\\\"\\\",\\\"code\\\":0,\\\"data\\\":{\\\"access_token\\\":\\\"4e47b1e302b04d9389364e5ca9ca85f7\\\",\\\"scopes\\\":[\\\"epc:read\\\",\\\"epc:write\\\",\\\"fbs:read\\\",\\\"fbw:read\\\",\\\"fbw:write\\\",\\\"infractions:read\\\",\\\"infractions:write\\\",\\\"merchant:read\\\",\\\"merchant:write\\\",\\\"notifications:read\\\",\\\"notifications:write\\\",\\\"orders:read\\\",\\\"orders:write\\\",\\\"payments:read\\\",\\\"penalties:read\\\",\\\"product_boost:read\\\",\\\"product_boost:write\\\",\\\"products:read\\\",\\\"products:write\\\",\\\"ratings:read\\\",\\\"returns:read\\\",\\\"returns:write\\\",\\\"tickets:read\\\",\\\"tickets:write\\\"],\\\"merchant_id\\\":\\\"5ee712f13f59a70124d30127\\\",\\\"expiry_time\\\":\\\"2020-07-29T07:33:35.049+00:00\\\",\\\"refresh_token\\\":\\\"6c19cb21d38e43b0ad30b63b7e9f795e\\\"}}\",\"params\":{},\"shopTypeId\":1,\"id\":1}', 'null', 1, '\r\n### Error updating database.  Cause: com.mysql.cj.jdbc.exceptions.MysqlDataTruncation: Data truncation: Data too long for column \'shop_data\' at row 1\r\n### The error may involve com.ruoyi.erp.shop.mapper.ShopMapper.updateShop-Inline\r\n### The error occurred while setting parameters\r\n### SQL: update erp_shop          SET shop_type_id = ?,                          shop_data = ?,                          modify_date = sysdate()          where id = ?\r\n### Cause: com.mysql.cj.jdbc.exceptions.MysqlDataTruncation: Data truncation: Data too long for column \'shop_data\' at row 1\n; Data truncation: Data too long for column \'shop_data\' at row 1; nested exception is com.mysql.cj.jdbc.exceptions.MysqlDataTruncation: Data truncation: Data too long for column \'shop_data\' at row 1', '2020-06-29 15:34:11');
INSERT INTO `sys_oper_log` VALUES (60, '电商店铺', 2, 'com.ruoyi.erp.shop.controller.ShopController.edit()', 'PUT', 1, 'admin', NULL, '/shop/shop', '127.0.0.1', '内网IP', '{\"shopData\":\"{\\\"message\\\":\\\"\\\",\\\"code\\\":0,\\\"data\\\":{\\\"access_token\\\":\\\"7049eb3a47b84bd4ad52b36726b5230b\\\",\\\"scopes\\\":[\\\"epc:read\\\",\\\"epc:write\\\",\\\"fbs:read\\\",\\\"fbw:read\\\",\\\"fbw:write\\\",\\\"infractions:read\\\",\\\"infractions:write\\\",\\\"merchant:read\\\",\\\"merchant:write\\\",\\\"notifications:read\\\",\\\"notifications:write\\\",\\\"orders:read\\\",\\\"orders:write\\\",\\\"payments:read\\\",\\\"penalties:read\\\",\\\"product_boost:read\\\",\\\"product_boost:write\\\",\\\"products:read\\\",\\\"products:write\\\",\\\"ratings:read\\\",\\\"returns:read\\\",\\\"returns:write\\\",\\\"tickets:read\\\",\\\"tickets:write\\\"],\\\"merchant_id\\\":\\\"5ee712f13f59a70124d30127\\\",\\\"expiry_time\\\":\\\"2020-07-29T07:35:03.619+00:00\\\",\\\"refresh_token\\\":\\\"6c19cb21d38e43b0ad30b63b7e9f795e\\\"}}\",\"params\":{},\"shopTypeId\":1,\"id\":1}', '{\"msg\":\"操作成功\",\"code\":200}', 0, NULL, '2020-06-29 15:35:23');
INSERT INTO `sys_oper_log` VALUES (61, '字典数据', 1, 'com.ruoyi.project.system.controller.SysDictDataController.add()', 'POST', 1, 'admin', NULL, '/system/dict/data', '127.0.0.1', '内网IP', '{\"dictValue\":\"wish_order\",\"dictSort\":0,\"params\":{},\"dictType\":\"sys_job_group\",\"dictLabel\":\"WISH订单\",\"createBy\":\"admin\",\"default\":false,\"status\":\"0\"}', '{\"msg\":\"操作成功\",\"code\":200}', 0, NULL, '2020-06-30 09:58:47');
INSERT INTO `sys_oper_log` VALUES (62, '定时任务', 1, 'com.ruoyi.project.monitor.controller.SysJobController.add()', 'POST', 1, 'admin', NULL, '/monitor/job', '127.0.0.1', '内网IP', '{\"jobName\":\"用户订单同步\",\"concurrent\":\"0\",\"jobGroup\":\"wish_order\",\"params\":{},\"cronExpression\":\"0/10 * * * * ?\",\"jobId\":4,\"nextValidTime\":1593482790000,\"invokeTarget\":\"orderTask.ryNoParams\",\"misfirePolicy\":\"1\",\"status\":\"1\"}', '{\"msg\":\"操作成功\",\"code\":200}', 0, NULL, '2020-06-30 10:06:29');
INSERT INTO `sys_oper_log` VALUES (63, '定时任务', 2, 'com.ruoyi.project.monitor.controller.SysJobController.changeStatus()', 'PUT', 1, 'admin', NULL, '/monitor/job/changeStatus', '127.0.0.1', '内网IP', '{\"params\":{},\"jobId\":4,\"misfirePolicy\":\"0\",\"status\":\"0\"}', '{\"msg\":\"操作成功\",\"code\":200}', 0, NULL, '2020-06-30 10:06:35');
INSERT INTO `sys_oper_log` VALUES (64, '定时任务', 2, 'com.ruoyi.project.monitor.controller.SysJobController.changeStatus()', 'PUT', 1, 'admin', NULL, '/monitor/job/changeStatus', '127.0.0.1', '内网IP', '{\"params\":{},\"jobId\":4,\"misfirePolicy\":\"0\",\"status\":\"1\"}', '{\"msg\":\"操作成功\",\"code\":200}', 0, NULL, '2020-06-30 10:07:38');
INSERT INTO `sys_oper_log` VALUES (65, '定时任务', 2, 'com.ruoyi.project.monitor.controller.SysJobController.edit()', 'PUT', 1, 'admin', NULL, '/monitor/job', '127.0.0.1', '内网IP', '{\"jobName\":\"系统默认（无参）\",\"concurrent\":\"0\",\"remark\":\"\",\"jobGroup\":\"DEFAULT\",\"params\":{},\"cronExpression\":\"* * 0/1 * * ? \",\"jobId\":1,\"createBy\":\"admin\",\"nextValidTime\":1593483187000,\"createTime\":1521171180000,\"invokeTarget\":\"ryTask.ryNoParams\",\"misfirePolicy\":\"1\",\"status\":\"0\"}', '{\"msg\":\"操作成功\",\"code\":200}', 0, NULL, '2020-06-30 10:13:06');
INSERT INTO `sys_oper_log` VALUES (66, '定时任务', 2, 'com.ruoyi.project.monitor.controller.SysJobController.changeStatus()', 'PUT', 1, 'admin', NULL, '/monitor/job/changeStatus', '127.0.0.1', '内网IP', '{\"params\":{},\"jobId\":4,\"misfirePolicy\":\"0\",\"status\":\"0\"}', '{\"msg\":\"操作成功\",\"code\":200}', 0, NULL, '2020-06-30 10:13:16');
INSERT INTO `sys_oper_log` VALUES (67, '定时任务', 2, 'com.ruoyi.project.monitor.controller.SysJobController.changeStatus()', 'PUT', 1, 'admin', NULL, '/monitor/job/changeStatus', '127.0.0.1', '内网IP', '{\"params\":{},\"jobId\":4,\"misfirePolicy\":\"0\",\"status\":\"1\"}', '{\"msg\":\"操作成功\",\"code\":200}', 0, NULL, '2020-06-30 10:13:29');
INSERT INTO `sys_oper_log` VALUES (68, '定时任务', 2, 'com.ruoyi.project.monitor.controller.SysJobController.changeStatus()', 'PUT', 1, 'admin', NULL, '/monitor/job/changeStatus', '127.0.0.1', '内网IP', '{\"params\":{},\"jobId\":1,\"misfirePolicy\":\"0\",\"status\":\"1\"}', '{\"msg\":\"操作成功\",\"code\":200}', 0, NULL, '2020-06-30 10:13:44');
INSERT INTO `sys_oper_log` VALUES (69, '定时任务', 2, 'com.ruoyi.project.monitor.controller.SysJobController.changeStatus()', 'PUT', 1, 'admin', NULL, '/monitor/job/changeStatus', '127.0.0.1', '内网IP', '{\"params\":{},\"jobId\":4,\"misfirePolicy\":\"0\",\"status\":\"0\"}', '{\"msg\":\"操作成功\",\"code\":200}', 0, NULL, '2020-06-30 10:13:50');
INSERT INTO `sys_oper_log` VALUES (70, '定时任务', 2, 'com.ruoyi.project.monitor.controller.SysJobController.run()', 'PUT', 1, 'admin', NULL, '/monitor/job/run', '127.0.0.1', '内网IP', '{\"jobGroup\":\"wish_order\",\"params\":{},\"jobId\":4,\"misfirePolicy\":\"0\"}', '{\"msg\":\"操作成功\",\"code\":200}', 0, NULL, '2020-06-30 10:14:06');
INSERT INTO `sys_oper_log` VALUES (71, '定时任务', 2, 'com.ruoyi.project.monitor.controller.SysJobController.edit()', 'PUT', 1, 'admin', NULL, '/monitor/job', '127.0.0.1', '内网IP', '{\"jobName\":\"用户订单同步\",\"concurrent\":\"1\",\"remark\":\"\",\"jobGroup\":\"wish_order\",\"params\":{},\"cronExpression\":\"0/10 * * * * ?\",\"jobId\":4,\"createBy\":\"\",\"nextValidTime\":1593483280000,\"createTime\":1593482789000,\"invokeTarget\":\"orderTask.ryNoParams\",\"misfirePolicy\":\"1\",\"status\":\"0\"}', '{\"msg\":\"操作成功\",\"code\":200}', 0, NULL, '2020-06-30 10:14:31');
INSERT INTO `sys_oper_log` VALUES (72, '定时任务', 2, 'com.ruoyi.project.monitor.controller.SysJobController.changeStatus()', 'PUT', 1, 'admin', NULL, '/monitor/job/changeStatus', '127.0.0.1', '内网IP', '{\"params\":{},\"jobId\":4,\"misfirePolicy\":\"0\",\"status\":\"1\"}', '{\"msg\":\"操作成功\",\"code\":200}', 0, NULL, '2020-06-30 10:15:09');
INSERT INTO `sys_oper_log` VALUES (73, '定时任务', 2, 'com.ruoyi.project.monitor.controller.SysJobController.edit()', 'PUT', 1, 'admin', NULL, '/monitor/job', '127.0.0.1', '内网IP', '{\"jobName\":\"用户订单同步\",\"concurrent\":\"1\",\"remark\":\"\",\"jobGroup\":\"wish_order\",\"params\":{},\"cronExpression\":\"0 0 0/1 * * ?\",\"jobId\":4,\"createBy\":\"\",\"nextValidTime\":1593486000000,\"createTime\":1593482789000,\"invokeTarget\":\"orderTask.ryNoParams\",\"misfirePolicy\":\"1\",\"status\":\"1\"}', '{\"msg\":\"操作成功\",\"code\":200}', 0, NULL, '2020-06-30 10:17:52');
INSERT INTO `sys_oper_log` VALUES (74, '定时任务', 2, 'com.ruoyi.project.monitor.controller.SysJobController.changeStatus()', 'PUT', 1, 'admin', NULL, '/monitor/job/changeStatus', '127.0.0.1', '内网IP', '{\"params\":{},\"jobId\":4,\"misfirePolicy\":\"0\",\"status\":\"0\"}', '{\"msg\":\"操作成功\",\"code\":200}', 0, NULL, '2020-06-30 10:17:55');
INSERT INTO `sys_oper_log` VALUES (75, '定时任务', 2, 'com.ruoyi.project.monitor.controller.SysJobController.run()', 'PUT', 1, 'admin', NULL, '/monitor/job/run', '127.0.0.1', '内网IP', '{\"jobGroup\":\"wish_order\",\"params\":{},\"jobId\":4,\"misfirePolicy\":\"0\"}', '{\"msg\":\"操作成功\",\"code\":200}', 0, NULL, '2020-06-30 10:18:07');
INSERT INTO `sys_oper_log` VALUES (76, '定时任务', 2, 'com.ruoyi.project.monitor.controller.SysJobController.run()', 'PUT', 1, 'admin', NULL, '/monitor/job/run', '127.0.0.1', '内网IP', '{\"jobGroup\":\"wish_order\",\"params\":{},\"jobId\":4,\"misfirePolicy\":\"0\"}', '{\"msg\":\"操作成功\",\"code\":200}', 0, NULL, '2020-06-30 10:18:24');
INSERT INTO `sys_oper_log` VALUES (77, '定时任务', 2, 'com.ruoyi.project.monitor.controller.SysJobController.run()', 'PUT', 1, 'admin', NULL, '/monitor/job/run', '127.0.0.1', '内网IP', '{\"jobGroup\":\"wish_order\",\"params\":{},\"jobId\":4,\"misfirePolicy\":\"0\"}', '{\"msg\":\"操作成功\",\"code\":200}', 0, NULL, '2020-06-30 10:18:32');
INSERT INTO `sys_oper_log` VALUES (78, '定时任务', 2, 'com.ruoyi.project.monitor.controller.SysJobController.edit()', 'PUT', 1, 'admin', NULL, '/monitor/job', '127.0.0.1', '内网IP', '{\"jobName\":\"用户订单同步\",\"concurrent\":\"1\",\"remark\":\"\",\"jobGroup\":\"wish_order\",\"params\":{},\"cronExpression\":\"0 0 0/1 * * ?\",\"jobId\":4,\"createBy\":\"\",\"nextValidTime\":1593486000000,\"createTime\":1593482789000,\"invokeTarget\":\"orderTask.ryWishOrder\",\"misfirePolicy\":\"1\",\"status\":\"0\"}', '{\"msg\":\"操作成功\",\"code\":200}', 0, NULL, '2020-06-30 10:19:17');
INSERT INTO `sys_oper_log` VALUES (79, '定时任务', 2, 'com.ruoyi.project.monitor.controller.SysJobController.run()', 'PUT', 1, 'admin', NULL, '/monitor/job/run', '127.0.0.1', '内网IP', '{\"jobGroup\":\"wish_order\",\"params\":{},\"jobId\":4,\"misfirePolicy\":\"0\"}', '{\"msg\":\"操作成功\",\"code\":200}', 0, NULL, '2020-06-30 14:37:04');
INSERT INTO `sys_oper_log` VALUES (80, '定时任务', 2, 'com.ruoyi.project.monitor.controller.SysJobController.run()', 'PUT', 1, 'admin', NULL, '/monitor/job/run', '127.0.0.1', '内网IP', '{\"jobGroup\":\"wish_order\",\"params\":{},\"jobId\":4,\"misfirePolicy\":\"0\"}', '{\"msg\":\"操作成功\",\"code\":200}', 0, NULL, '2020-06-30 14:37:57');
INSERT INTO `sys_oper_log` VALUES (81, '定时任务', 2, 'com.ruoyi.project.monitor.controller.SysJobController.run()', 'PUT', 1, 'admin', NULL, '/monitor/job/run', '127.0.0.1', '内网IP', '{\"jobGroup\":\"wish_order\",\"params\":{},\"jobId\":4,\"misfirePolicy\":\"0\"}', '{\"msg\":\"操作成功\",\"code\":200}', 0, NULL, '2020-06-30 14:38:58');
INSERT INTO `sys_oper_log` VALUES (82, '定时任务', 2, 'com.ruoyi.project.monitor.controller.SysJobController.run()', 'PUT', 1, 'admin', NULL, '/monitor/job/run', '127.0.0.1', '内网IP', '{\"jobGroup\":\"wish_order\",\"params\":{},\"jobId\":4,\"misfirePolicy\":\"0\"}', '{\"msg\":\"操作成功\",\"code\":200}', 0, NULL, '2020-06-30 14:40:11');
INSERT INTO `sys_oper_log` VALUES (83, '定时任务', 2, 'com.ruoyi.project.monitor.controller.SysJobController.run()', 'PUT', 1, 'admin', NULL, '/monitor/job/run', '127.0.0.1', '内网IP', '{\"jobGroup\":\"wish_order\",\"params\":{},\"jobId\":4,\"misfirePolicy\":\"0\"}', '{\"msg\":\"操作成功\",\"code\":200}', 0, NULL, '2020-06-30 14:52:31');
INSERT INTO `sys_oper_log` VALUES (84, '定时任务', 2, 'com.ruoyi.project.monitor.controller.SysJobController.run()', 'PUT', 1, 'admin', NULL, '/monitor/job/run', '127.0.0.1', '内网IP', '{\"jobGroup\":\"wish_order\",\"params\":{},\"jobId\":4,\"misfirePolicy\":\"0\"}', '{\"msg\":\"操作成功\",\"code\":200}', 0, NULL, '2020-06-30 14:52:55');
INSERT INTO `sys_oper_log` VALUES (85, '定时任务', 2, 'com.ruoyi.project.monitor.controller.SysJobController.run()', 'PUT', 1, 'admin', NULL, '/monitor/job/run', '127.0.0.1', '内网IP', '{\"jobGroup\":\"wish_order\",\"params\":{},\"jobId\":4,\"misfirePolicy\":\"0\"}', '{\"msg\":\"操作成功\",\"code\":200}', 0, NULL, '2020-06-30 15:02:40');
INSERT INTO `sys_oper_log` VALUES (86, '定时任务', 2, 'com.ruoyi.project.monitor.controller.SysJobController.run()', 'PUT', 1, 'admin', NULL, '/monitor/job/run', '127.0.0.1', '内网IP', '{\"jobGroup\":\"wish_order\",\"params\":{},\"jobId\":4,\"misfirePolicy\":\"0\"}', '{\"msg\":\"操作成功\",\"code\":200}', 0, NULL, '2020-06-30 16:38:29');
INSERT INTO `sys_oper_log` VALUES (87, '定时任务', 2, 'com.ruoyi.project.monitor.controller.SysJobController.run()', 'PUT', 1, 'admin', NULL, '/monitor/job/run', '127.0.0.1', '内网IP', '{\"jobGroup\":\"wish_order\",\"params\":{},\"jobId\":4,\"misfirePolicy\":\"0\"}', '{\"msg\":\"操作成功\",\"code\":200}', 0, NULL, '2020-06-30 16:39:30');
INSERT INTO `sys_oper_log` VALUES (88, '定时任务', 1, 'com.ruoyi.project.monitor.controller.SysJobController.add()', 'POST', 1, 'admin', NULL, '/monitor/job', '127.0.0.1', '内网IP', '{\"jobName\":\"用户订单下载保存\",\"concurrent\":\"1\",\"jobGroup\":\"wish_order\",\"params\":{},\"cronExpression\":\"0 0 10/1 * * ?\",\"jobId\":5,\"nextValidTime\":1593576000000,\"invokeTarget\":\"orderTask.ryDownSaveWishOrder\",\"misfirePolicy\":\"1\",\"status\":\"1\"}', '{\"msg\":\"操作成功\",\"code\":200}', 0, NULL, '2020-07-01 11:13:26');
INSERT INTO `sys_oper_log` VALUES (89, '定时任务', 2, 'com.ruoyi.project.monitor.controller.SysJobController.changeStatus()', 'PUT', 1, 'admin', NULL, '/monitor/job/changeStatus', '127.0.0.1', '内网IP', '{\"params\":{},\"jobId\":5,\"misfirePolicy\":\"0\",\"status\":\"0\"}', '{\"msg\":\"操作成功\",\"code\":200}', 0, NULL, '2020-07-01 11:13:34');
INSERT INTO `sys_oper_log` VALUES (90, '定时任务', 2, 'com.ruoyi.project.monitor.controller.SysJobController.edit()', 'PUT', 1, 'admin', NULL, '/monitor/job', '127.0.0.1', '内网IP', '{\"jobName\":\"用户订单下载保存\",\"concurrent\":\"1\",\"remark\":\"\",\"jobGroup\":\"wish_order\",\"params\":{},\"cronExpression\":\"0 10 0/1 * * ?\",\"jobId\":5,\"createBy\":\"\",\"nextValidTime\":1593576600000,\"createTime\":1593573205000,\"invokeTarget\":\"orderTask.ryDownSaveWishOrder\",\"misfirePolicy\":\"1\",\"status\":\"0\"}', '{\"msg\":\"操作成功\",\"code\":200}', 0, NULL, '2020-07-01 11:14:06');
INSERT INTO `sys_oper_log` VALUES (91, '定时任务', 2, 'com.ruoyi.project.monitor.controller.SysJobController.run()', 'PUT', 1, 'admin', NULL, '/monitor/job/run', '127.0.0.1', '内网IP', '{\"jobGroup\":\"wish_order\",\"params\":{},\"jobId\":5,\"misfirePolicy\":\"0\"}', '{\"msg\":\"操作成功\",\"code\":200}', 0, NULL, '2020-07-01 11:18:21');
INSERT INTO `sys_oper_log` VALUES (92, '定时任务', 2, 'com.ruoyi.project.monitor.controller.SysJobController.run()', 'PUT', 1, 'admin', NULL, '/monitor/job/run', '127.0.0.1', '内网IP', '{\"jobGroup\":\"wish_order\",\"params\":{},\"jobId\":5,\"misfirePolicy\":\"0\"}', '{\"msg\":\"操作成功\",\"code\":200}', 0, NULL, '2020-07-01 11:19:04');
INSERT INTO `sys_oper_log` VALUES (93, '定时任务', 2, 'com.ruoyi.project.monitor.controller.SysJobController.run()', 'PUT', 1, 'admin', NULL, '/monitor/job/run', '127.0.0.1', '内网IP', '{\"jobGroup\":\"wish_order\",\"params\":{},\"jobId\":5,\"misfirePolicy\":\"0\"}', '{\"msg\":\"操作成功\",\"code\":200}', 0, NULL, '2020-07-01 11:19:14');
INSERT INTO `sys_oper_log` VALUES (94, '定时任务', 2, 'com.ruoyi.project.monitor.controller.SysJobController.run()', 'PUT', 1, 'admin', NULL, '/monitor/job/run', '127.0.0.1', '内网IP', '{\"jobGroup\":\"wish_order\",\"params\":{},\"jobId\":4,\"misfirePolicy\":\"0\"}', '{\"msg\":\"操作成功\",\"code\":200}', 0, NULL, '2020-07-01 11:26:08');
INSERT INTO `sys_oper_log` VALUES (95, '定时任务', 2, 'com.ruoyi.project.monitor.controller.SysJobController.run()', 'PUT', 1, 'admin', NULL, '/monitor/job/run', '127.0.0.1', '内网IP', '{\"jobGroup\":\"wish_order\",\"params\":{},\"jobId\":4,\"misfirePolicy\":\"0\"}', '{\"msg\":\"操作成功\",\"code\":200}', 0, NULL, '2020-07-01 11:27:00');
INSERT INTO `sys_oper_log` VALUES (96, '定时任务', 2, 'com.ruoyi.project.monitor.controller.SysJobController.run()', 'PUT', 1, 'admin', NULL, '/monitor/job/run', '127.0.0.1', '内网IP', '{\"jobGroup\":\"wish_order\",\"params\":{},\"jobId\":4,\"misfirePolicy\":\"0\"}', '{\"msg\":\"操作成功\",\"code\":200}', 0, NULL, '2020-07-01 13:29:38');
INSERT INTO `sys_oper_log` VALUES (97, '定时任务', 2, 'com.ruoyi.project.monitor.controller.SysJobController.run()', 'PUT', 1, 'admin', NULL, '/monitor/job/run', '127.0.0.1', '内网IP', '{\"jobGroup\":\"wish_order\",\"params\":{},\"jobId\":4,\"misfirePolicy\":\"0\"}', '{\"msg\":\"操作成功\",\"code\":200}', 0, NULL, '2020-07-01 13:33:22');
INSERT INTO `sys_oper_log` VALUES (98, '定时任务', 2, 'com.ruoyi.project.monitor.controller.SysJobController.run()', 'PUT', 1, 'admin', NULL, '/monitor/job/run', '127.0.0.1', '内网IP', '{\"jobGroup\":\"wish_order\",\"params\":{},\"jobId\":5,\"misfirePolicy\":\"0\"}', '{\"msg\":\"操作成功\",\"code\":200}', 0, NULL, '2020-07-01 13:43:54');
INSERT INTO `sys_oper_log` VALUES (99, '定时任务', 2, 'com.ruoyi.project.monitor.controller.SysJobController.run()', 'PUT', 1, 'admin', NULL, '/monitor/job/run', '127.0.0.1', '内网IP', '{\"jobGroup\":\"wish_order\",\"params\":{},\"jobId\":5,\"misfirePolicy\":\"0\"}', '{\"msg\":\"操作成功\",\"code\":200}', 0, NULL, '2020-07-01 13:45:03');
INSERT INTO `sys_oper_log` VALUES (100, '定时任务', 2, 'com.ruoyi.project.monitor.controller.SysJobController.run()', 'PUT', 1, 'admin', NULL, '/monitor/job/run', '127.0.0.1', '内网IP', '{\"jobGroup\":\"wish_order\",\"params\":{},\"jobId\":5,\"misfirePolicy\":\"0\"}', '{\"msg\":\"操作成功\",\"code\":200}', 0, NULL, '2020-07-01 13:46:13');
INSERT INTO `sys_oper_log` VALUES (101, '定时任务', 2, 'com.ruoyi.project.monitor.controller.SysJobController.run()', 'PUT', 1, 'admin', NULL, '/monitor/job/run', '127.0.0.1', '内网IP', '{\"jobGroup\":\"wish_order\",\"params\":{},\"jobId\":4,\"misfirePolicy\":\"0\"}', '{\"msg\":\"操作成功\",\"code\":200}', 0, NULL, '2020-07-01 13:56:20');
INSERT INTO `sys_oper_log` VALUES (102, '定时任务', 2, 'com.ruoyi.project.monitor.controller.SysJobController.run()', 'PUT', 1, 'admin', NULL, '/monitor/job/run', '127.0.0.1', '内网IP', '{\"jobGroup\":\"wish_order\",\"params\":{},\"jobId\":5,\"misfirePolicy\":\"0\"}', '{\"msg\":\"操作成功\",\"code\":200}', 0, NULL, '2020-07-01 13:57:01');
INSERT INTO `sys_oper_log` VALUES (103, '定时任务', 2, 'com.ruoyi.project.monitor.controller.SysJobController.run()', 'PUT', 1, 'admin', NULL, '/monitor/job/run', '127.0.0.1', '内网IP', '{\"jobGroup\":\"wish_order\",\"params\":{},\"jobId\":4,\"misfirePolicy\":\"0\"}', '{\"msg\":\"操作成功\",\"code\":200}', 0, NULL, '2020-07-01 14:03:09');
INSERT INTO `sys_oper_log` VALUES (104, '定时任务', 2, 'com.ruoyi.project.monitor.controller.SysJobController.run()', 'PUT', 1, 'admin', NULL, '/monitor/job/run', '127.0.0.1', '内网IP', '{\"jobGroup\":\"wish_order\",\"params\":{},\"jobId\":4,\"misfirePolicy\":\"0\"}', '{\"msg\":\"操作成功\",\"code\":200}', 0, NULL, '2020-07-01 14:18:06');
INSERT INTO `sys_oper_log` VALUES (105, '定时任务', 2, 'com.ruoyi.project.monitor.controller.SysJobController.run()', 'PUT', 1, 'admin', NULL, '/monitor/job/run', '127.0.0.1', '内网IP', '{\"jobGroup\":\"wish_order\",\"params\":{},\"jobId\":5,\"misfirePolicy\":\"0\"}', '{\"msg\":\"操作成功\",\"code\":200}', 0, NULL, '2020-07-01 14:18:46');
INSERT INTO `sys_oper_log` VALUES (106, '定时任务', 2, 'com.ruoyi.project.monitor.controller.SysJobController.run()', 'PUT', 1, 'admin', NULL, '/monitor/job/run', '127.0.0.1', '内网IP', '{\"jobGroup\":\"wish_order\",\"params\":{},\"jobId\":5,\"misfirePolicy\":\"0\"}', '{\"msg\":\"操作成功\",\"code\":200}', 0, NULL, '2020-07-01 14:20:46');
INSERT INTO `sys_oper_log` VALUES (107, '定时任务', 2, 'com.ruoyi.project.monitor.controller.SysJobController.run()', 'PUT', 1, 'admin', NULL, '/monitor/job/run', '127.0.0.1', '内网IP', '{\"jobGroup\":\"wish_order\",\"params\":{},\"jobId\":5,\"misfirePolicy\":\"0\"}', '{\"msg\":\"操作成功\",\"code\":200}', 0, NULL, '2020-07-01 14:22:36');
INSERT INTO `sys_oper_log` VALUES (108, '定时任务', 2, 'com.ruoyi.project.monitor.controller.SysJobController.run()', 'PUT', 1, 'admin', NULL, '/monitor/job/run', '127.0.0.1', '内网IP', '{\"jobGroup\":\"wish_order\",\"params\":{},\"jobId\":4,\"misfirePolicy\":\"0\"}', '{\"msg\":\"操作成功\",\"code\":200}', 0, NULL, '2020-07-01 14:53:39');
INSERT INTO `sys_oper_log` VALUES (109, '定时任务', 2, 'com.ruoyi.project.monitor.controller.SysJobController.run()', 'PUT', 1, 'admin', NULL, '/monitor/job/run', '127.0.0.1', '内网IP', '{\"jobGroup\":\"wish_order\",\"params\":{},\"jobId\":5,\"misfirePolicy\":\"0\"}', '{\"msg\":\"操作成功\",\"code\":200}', 0, NULL, '2020-07-01 14:56:40');
INSERT INTO `sys_oper_log` VALUES (110, '定时任务', 2, 'com.ruoyi.project.monitor.controller.SysJobController.run()', 'PUT', 1, 'admin', NULL, '/monitor/job/run', '127.0.0.1', '内网IP', '{\"jobGroup\":\"wish_order\",\"params\":{},\"jobId\":4,\"misfirePolicy\":\"0\"}', '{\"msg\":\"操作成功\",\"code\":200}', 0, NULL, '2020-07-01 14:58:09');
INSERT INTO `sys_oper_log` VALUES (111, '电商店铺', 2, 'com.ruoyi.erp.shop.controller.ShopController.edit()', 'PUT', 1, 'admin', NULL, '/shop/shop', '127.0.0.1', '内网IP', '{\"shopData\":\"{\\\"message\\\":\\\"\\\",\\\"code\\\":0,\\\"data\\\":{\\\"access_token\\\":\\\"8082b8d951f44d5daef6035cc6a73fff\\\",\\\"scopes\\\":[\\\"epc:read\\\",\\\"epc:write\\\",\\\"fbs:read\\\",\\\"fbw:read\\\",\\\"fbw:write\\\",\\\"infractions:read\\\",\\\"infractions:write\\\",\\\"merchant:read\\\",\\\"merchant:write\\\",\\\"notifications:read\\\",\\\"notifications:write\\\",\\\"orders:read\\\",\\\"orders:write\\\",\\\"payments:read\\\",\\\"penalties:read\\\",\\\"product_boost:read\\\",\\\"product_boost:write\\\",\\\"products:read\\\",\\\"products:write\\\",\\\"ratings:read\\\",\\\"returns:read\\\",\\\"returns:write\\\",\\\"tickets:read\\\",\\\"tickets:write\\\"],\\\"merchant_id\\\":\\\"5eeda7133bf1ff00bc7391e1\\\",\\\"expiry_time\\\":\\\"2020-07-31T07:02:46.378+00:00\\\",\\\"refresh_token\\\":\\\"d479dfe7a0df47cc938a27824a7dc494\\\"}}\",\"params\":{},\"shopTypeId\":1,\"id\":1}', '{\"msg\":\"操作成功\",\"code\":200}', 0, NULL, '2020-07-01 15:02:57');
INSERT INTO `sys_oper_log` VALUES (112, '定时任务', 2, 'com.ruoyi.project.monitor.controller.SysJobController.run()', 'PUT', 1, 'admin', NULL, '/monitor/job/run', '127.0.0.1', '内网IP', '{\"jobGroup\":\"wish_order\",\"params\":{},\"jobId\":4,\"misfirePolicy\":\"0\"}', '{\"msg\":\"操作成功\",\"code\":200}', 0, NULL, '2020-07-01 15:03:45');
INSERT INTO `sys_oper_log` VALUES (113, '定时任务', 2, 'com.ruoyi.project.monitor.controller.SysJobController.run()', 'PUT', 1, 'admin', NULL, '/monitor/job/run', '127.0.0.1', '内网IP', '{\"jobGroup\":\"wish_order\",\"params\":{},\"jobId\":5,\"misfirePolicy\":\"0\"}', '{\"msg\":\"操作成功\",\"code\":200}', 0, NULL, '2020-07-01 15:05:48');
INSERT INTO `sys_oper_log` VALUES (114, '定时任务', 2, 'com.ruoyi.project.monitor.controller.SysJobController.run()', 'PUT', 1, 'admin', NULL, '/monitor/job/run', '127.0.0.1', '内网IP', '{\"jobGroup\":\"wish_order\",\"params\":{},\"jobId\":5,\"misfirePolicy\":\"0\"}', '{\"msg\":\"操作成功\",\"code\":200}', 0, NULL, '2020-07-01 19:54:03');
INSERT INTO `sys_oper_log` VALUES (115, '定时任务', 2, 'com.ruoyi.project.monitor.controller.SysJobController.run()', 'PUT', 1, 'admin', NULL, '/monitor/job/run', '127.0.0.1', '内网IP', '{\"jobGroup\":\"wish_order\",\"params\":{},\"jobId\":5,\"misfirePolicy\":\"0\"}', '{\"msg\":\"操作成功\",\"code\":200}', 0, NULL, '2020-07-01 20:21:34');
INSERT INTO `sys_oper_log` VALUES (116, '定时任务', 2, 'com.ruoyi.project.monitor.controller.SysJobController.run()', 'PUT', 1, 'admin', NULL, '/monitor/job/run', '127.0.0.1', '内网IP', '{\"jobGroup\":\"wish_order\",\"params\":{},\"jobId\":5,\"misfirePolicy\":\"0\"}', '{\"msg\":\"操作成功\",\"code\":200}', 0, NULL, '2020-07-01 22:12:06');
INSERT INTO `sys_oper_log` VALUES (117, '定时任务', 2, 'com.ruoyi.project.monitor.controller.SysJobController.run()', 'PUT', 1, 'admin', NULL, '/monitor/job/run', '127.0.0.1', '内网IP', '{\"jobGroup\":\"wish_order\",\"params\":{},\"jobId\":5,\"misfirePolicy\":\"0\"}', '{\"msg\":\"操作成功\",\"code\":200}', 0, NULL, '2020-07-01 22:14:11');
INSERT INTO `sys_oper_log` VALUES (118, '定时任务', 2, 'com.ruoyi.project.monitor.controller.SysJobController.run()', 'PUT', 1, 'admin', NULL, '/monitor/job/run', '127.0.0.1', '内网IP', '{\"jobGroup\":\"wish_order\",\"params\":{},\"jobId\":5,\"misfirePolicy\":\"0\"}', '{\"msg\":\"操作成功\",\"code\":200}', 0, NULL, '2020-07-01 22:33:09');
INSERT INTO `sys_oper_log` VALUES (119, '定时任务', 2, 'com.ruoyi.project.monitor.controller.SysJobController.run()', 'PUT', 1, 'admin', NULL, '/monitor/job/run', '127.0.0.1', '内网IP', '{\"jobGroup\":\"wish_order\",\"params\":{},\"jobId\":5,\"misfirePolicy\":\"0\"}', '{\"msg\":\"操作成功\",\"code\":200}', 0, NULL, '2020-07-02 08:14:42');
INSERT INTO `sys_oper_log` VALUES (120, '定时任务', 2, 'com.ruoyi.project.monitor.controller.SysJobController.run()', 'PUT', 1, 'admin', NULL, '/monitor/job/run', '127.0.0.1', '内网IP', '{\"jobGroup\":\"wish_order\",\"params\":{},\"jobId\":5,\"misfirePolicy\":\"0\"}', '{\"msg\":\"操作成功\",\"code\":200}', 0, NULL, '2020-07-14 08:28:45');
INSERT INTO `sys_oper_log` VALUES (121, '定时任务', 2, 'com.ruoyi.project.monitor.controller.SysJobController.run()', 'PUT', 1, 'admin', NULL, '/monitor/job/run', '127.0.0.1', '内网IP', '{\"jobGroup\":\"wish_order\",\"params\":{},\"jobId\":4,\"misfirePolicy\":\"0\"}', '{\"msg\":\"操作成功\",\"code\":200}', 0, NULL, '2020-07-14 08:30:05');
INSERT INTO `sys_oper_log` VALUES (122, '定时任务', 2, 'com.ruoyi.project.monitor.controller.SysJobController.run()', 'PUT', 1, 'admin', NULL, '/monitor/job/run', '127.0.0.1', '内网IP', '{\"jobGroup\":\"wish_order\",\"params\":{},\"jobId\":5,\"misfirePolicy\":\"0\"}', '{\"msg\":\"操作成功\",\"code\":200}', 0, NULL, '2020-07-14 08:31:21');
INSERT INTO `sys_oper_log` VALUES (123, '定时任务', 2, 'com.ruoyi.project.monitor.controller.SysJobController.run()', 'PUT', 1, 'admin', NULL, '/monitor/job/run', '127.0.0.1', '内网IP', '{\"jobGroup\":\"wish_order\",\"params\":{},\"jobId\":4,\"misfirePolicy\":\"0\"}', '{\"msg\":\"操作成功\",\"code\":200}', 0, NULL, '2020-07-16 17:07:57');
INSERT INTO `sys_oper_log` VALUES (124, '定时任务', 2, 'com.ruoyi.project.monitor.controller.SysJobController.run()', 'PUT', 1, 'admin', NULL, '/monitor/job/run', '127.0.0.1', '内网IP', '{\"jobGroup\":\"wish_order\",\"params\":{},\"jobId\":5,\"misfirePolicy\":\"0\"}', '{\"msg\":\"操作成功\",\"code\":200}', 0, NULL, '2020-07-16 17:08:30');

-- ----------------------------
-- Table structure for sys_post
-- ----------------------------
DROP TABLE IF EXISTS `sys_post`;
CREATE TABLE `sys_post`  (
  `post_id` bigint(20) NOT NULL AUTO_INCREMENT COMMENT '岗位ID',
  `post_code` varchar(64) CHARACTER SET utf8 COLLATE utf8_general_ci NOT NULL COMMENT '岗位编码',
  `post_name` varchar(50) CHARACTER SET utf8 COLLATE utf8_general_ci NOT NULL COMMENT '岗位名称',
  `post_sort` int(4) NOT NULL COMMENT '显示顺序',
  `status` char(1) CHARACTER SET utf8 COLLATE utf8_general_ci NOT NULL COMMENT '状态（0正常 1停用）',
  `create_by` varchar(64) CHARACTER SET utf8 COLLATE utf8_general_ci DEFAULT '' COMMENT '创建者',
  `create_time` datetime(0) DEFAULT NULL COMMENT '创建时间',
  `update_by` varchar(64) CHARACTER SET utf8 COLLATE utf8_general_ci DEFAULT '' COMMENT '更新者',
  `update_time` datetime(0) DEFAULT NULL COMMENT '更新时间',
  `remark` varchar(500) CHARACTER SET utf8 COLLATE utf8_general_ci DEFAULT NULL COMMENT '备注',
  PRIMARY KEY (`post_id`) USING BTREE
) ENGINE = InnoDB AUTO_INCREMENT = 5 CHARACTER SET = utf8 COLLATE = utf8_general_ci COMMENT = '岗位信息表' ROW_FORMAT = Dynamic;

-- ----------------------------
-- Records of sys_post
-- ----------------------------
INSERT INTO `sys_post` VALUES (1, 'ceo', '董事长', 1, '0', 'admin', '2018-03-16 11:33:00', 'ry', '2018-03-16 11:33:00', '');
INSERT INTO `sys_post` VALUES (2, 'se', '项目经理', 2, '0', 'admin', '2018-03-16 11:33:00', 'ry', '2018-03-16 11:33:00', '');
INSERT INTO `sys_post` VALUES (3, 'hr', '人力资源', 3, '0', 'admin', '2018-03-16 11:33:00', 'ry', '2018-03-16 11:33:00', '');
INSERT INTO `sys_post` VALUES (4, 'user', '普通员工', 4, '0', 'admin', '2018-03-16 11:33:00', 'ry', '2018-03-16 11:33:00', '');

-- ----------------------------
-- Table structure for sys_role
-- ----------------------------
DROP TABLE IF EXISTS `sys_role`;
CREATE TABLE `sys_role`  (
  `role_id` bigint(20) NOT NULL AUTO_INCREMENT COMMENT '角色ID',
  `role_name` varchar(30) CHARACTER SET utf8 COLLATE utf8_general_ci NOT NULL COMMENT '角色名称',
  `role_key` varchar(100) CHARACTER SET utf8 COLLATE utf8_general_ci NOT NULL COMMENT '角色权限字符串',
  `role_sort` int(4) NOT NULL COMMENT '显示顺序',
  `data_scope` char(1) CHARACTER SET utf8 COLLATE utf8_general_ci DEFAULT '1' COMMENT '数据范围（1：全部数据权限 2：自定数据权限 3：本部门数据权限 4：本部门及以下数据权限）',
  `status` char(1) CHARACTER SET utf8 COLLATE utf8_general_ci NOT NULL COMMENT '角色状态（0正常 1停用）',
  `del_flag` char(1) CHARACTER SET utf8 COLLATE utf8_general_ci DEFAULT '0' COMMENT '删除标志（0代表存在 2代表删除）',
  `create_by` varchar(64) CHARACTER SET utf8 COLLATE utf8_general_ci DEFAULT '' COMMENT '创建者',
  `create_time` datetime(0) DEFAULT NULL COMMENT '创建时间',
  `update_by` varchar(64) CHARACTER SET utf8 COLLATE utf8_general_ci DEFAULT '' COMMENT '更新者',
  `update_time` datetime(0) DEFAULT NULL COMMENT '更新时间',
  `remark` varchar(500) CHARACTER SET utf8 COLLATE utf8_general_ci DEFAULT NULL COMMENT '备注',
  PRIMARY KEY (`role_id`) USING BTREE
) ENGINE = InnoDB AUTO_INCREMENT = 3 CHARACTER SET = utf8 COLLATE = utf8_general_ci COMMENT = '角色信息表' ROW_FORMAT = Dynamic;

-- ----------------------------
-- Records of sys_role
-- ----------------------------
INSERT INTO `sys_role` VALUES (1, '管理员', 'admin', 1, '1', '0', '0', 'admin', '2018-03-16 11:33:00', 'ry', '2018-03-16 11:33:00', '管理员');
INSERT INTO `sys_role` VALUES (2, '普通角色', 'common', 2, '2', '0', '0', 'admin', '2018-03-16 11:33:00', 'ry', '2018-03-16 11:33:00', '普通角色');

-- ----------------------------
-- Table structure for sys_role_dept
-- ----------------------------
DROP TABLE IF EXISTS `sys_role_dept`;
CREATE TABLE `sys_role_dept`  (
  `role_id` bigint(20) NOT NULL COMMENT '角色ID',
  `dept_id` bigint(20) NOT NULL COMMENT '部门ID',
  PRIMARY KEY (`role_id`, `dept_id`) USING BTREE
) ENGINE = InnoDB CHARACTER SET = utf8 COLLATE = utf8_general_ci COMMENT = '角色和部门关联表' ROW_FORMAT = Dynamic;

-- ----------------------------
-- Records of sys_role_dept
-- ----------------------------
INSERT INTO `sys_role_dept` VALUES (2, 100);
INSERT INTO `sys_role_dept` VALUES (2, 101);
INSERT INTO `sys_role_dept` VALUES (2, 105);

-- ----------------------------
-- Table structure for sys_role_menu
-- ----------------------------
DROP TABLE IF EXISTS `sys_role_menu`;
CREATE TABLE `sys_role_menu`  (
  `role_id` bigint(20) NOT NULL COMMENT '角色ID',
  `menu_id` bigint(20) NOT NULL COMMENT '菜单ID',
  PRIMARY KEY (`role_id`, `menu_id`) USING BTREE
) ENGINE = InnoDB CHARACTER SET = utf8 COLLATE = utf8_general_ci COMMENT = '角色和菜单关联表' ROW_FORMAT = Dynamic;

-- ----------------------------
-- Records of sys_role_menu
-- ----------------------------
INSERT INTO `sys_role_menu` VALUES (2, 1);
INSERT INTO `sys_role_menu` VALUES (2, 2);
INSERT INTO `sys_role_menu` VALUES (2, 3);
INSERT INTO `sys_role_menu` VALUES (2, 4);
INSERT INTO `sys_role_menu` VALUES (2, 100);
INSERT INTO `sys_role_menu` VALUES (2, 101);
INSERT INTO `sys_role_menu` VALUES (2, 102);
INSERT INTO `sys_role_menu` VALUES (2, 103);
INSERT INTO `sys_role_menu` VALUES (2, 104);
INSERT INTO `sys_role_menu` VALUES (2, 105);
INSERT INTO `sys_role_menu` VALUES (2, 106);
INSERT INTO `sys_role_menu` VALUES (2, 107);
INSERT INTO `sys_role_menu` VALUES (2, 108);
INSERT INTO `sys_role_menu` VALUES (2, 109);
INSERT INTO `sys_role_menu` VALUES (2, 110);
INSERT INTO `sys_role_menu` VALUES (2, 111);
INSERT INTO `sys_role_menu` VALUES (2, 112);
INSERT INTO `sys_role_menu` VALUES (2, 113);
INSERT INTO `sys_role_menu` VALUES (2, 114);
INSERT INTO `sys_role_menu` VALUES (2, 115);
INSERT INTO `sys_role_menu` VALUES (2, 500);
INSERT INTO `sys_role_menu` VALUES (2, 501);
INSERT INTO `sys_role_menu` VALUES (2, 1000);
INSERT INTO `sys_role_menu` VALUES (2, 1001);
INSERT INTO `sys_role_menu` VALUES (2, 1002);
INSERT INTO `sys_role_menu` VALUES (2, 1003);
INSERT INTO `sys_role_menu` VALUES (2, 1004);
INSERT INTO `sys_role_menu` VALUES (2, 1005);
INSERT INTO `sys_role_menu` VALUES (2, 1006);
INSERT INTO `sys_role_menu` VALUES (2, 1007);
INSERT INTO `sys_role_menu` VALUES (2, 1008);
INSERT INTO `sys_role_menu` VALUES (2, 1009);
INSERT INTO `sys_role_menu` VALUES (2, 1010);
INSERT INTO `sys_role_menu` VALUES (2, 1011);
INSERT INTO `sys_role_menu` VALUES (2, 1012);
INSERT INTO `sys_role_menu` VALUES (2, 1013);
INSERT INTO `sys_role_menu` VALUES (2, 1014);
INSERT INTO `sys_role_menu` VALUES (2, 1015);
INSERT INTO `sys_role_menu` VALUES (2, 1016);
INSERT INTO `sys_role_menu` VALUES (2, 1017);
INSERT INTO `sys_role_menu` VALUES (2, 1018);
INSERT INTO `sys_role_menu` VALUES (2, 1019);
INSERT INTO `sys_role_menu` VALUES (2, 1020);
INSERT INTO `sys_role_menu` VALUES (2, 1021);
INSERT INTO `sys_role_menu` VALUES (2, 1022);
INSERT INTO `sys_role_menu` VALUES (2, 1023);
INSERT INTO `sys_role_menu` VALUES (2, 1024);
INSERT INTO `sys_role_menu` VALUES (2, 1025);
INSERT INTO `sys_role_menu` VALUES (2, 1026);
INSERT INTO `sys_role_menu` VALUES (2, 1027);
INSERT INTO `sys_role_menu` VALUES (2, 1028);
INSERT INTO `sys_role_menu` VALUES (2, 1029);
INSERT INTO `sys_role_menu` VALUES (2, 1030);
INSERT INTO `sys_role_menu` VALUES (2, 1031);
INSERT INTO `sys_role_menu` VALUES (2, 1032);
INSERT INTO `sys_role_menu` VALUES (2, 1033);
INSERT INTO `sys_role_menu` VALUES (2, 1034);
INSERT INTO `sys_role_menu` VALUES (2, 1035);
INSERT INTO `sys_role_menu` VALUES (2, 1036);
INSERT INTO `sys_role_menu` VALUES (2, 1037);
INSERT INTO `sys_role_menu` VALUES (2, 1038);
INSERT INTO `sys_role_menu` VALUES (2, 1039);
INSERT INTO `sys_role_menu` VALUES (2, 1040);
INSERT INTO `sys_role_menu` VALUES (2, 1041);
INSERT INTO `sys_role_menu` VALUES (2, 1042);
INSERT INTO `sys_role_menu` VALUES (2, 1043);
INSERT INTO `sys_role_menu` VALUES (2, 1044);
INSERT INTO `sys_role_menu` VALUES (2, 1045);
INSERT INTO `sys_role_menu` VALUES (2, 1046);
INSERT INTO `sys_role_menu` VALUES (2, 1047);
INSERT INTO `sys_role_menu` VALUES (2, 1048);
INSERT INTO `sys_role_menu` VALUES (2, 1049);
INSERT INTO `sys_role_menu` VALUES (2, 1050);
INSERT INTO `sys_role_menu` VALUES (2, 1051);
INSERT INTO `sys_role_menu` VALUES (2, 1052);
INSERT INTO `sys_role_menu` VALUES (2, 1053);
INSERT INTO `sys_role_menu` VALUES (2, 1054);
INSERT INTO `sys_role_menu` VALUES (2, 1055);
INSERT INTO `sys_role_menu` VALUES (2, 1056);
INSERT INTO `sys_role_menu` VALUES (2, 1057);
INSERT INTO `sys_role_menu` VALUES (2, 1058);
INSERT INTO `sys_role_menu` VALUES (2, 1059);
INSERT INTO `sys_role_menu` VALUES (2, 1060);

-- ----------------------------
-- Table structure for sys_user
-- ----------------------------
DROP TABLE IF EXISTS `sys_user`;
CREATE TABLE `sys_user`  (
  `user_id` bigint(20) NOT NULL AUTO_INCREMENT COMMENT '用户ID',
  `dept_id` bigint(20) DEFAULT NULL COMMENT '部门ID',
  `user_name` varchar(30) CHARACTER SET utf8 COLLATE utf8_general_ci NOT NULL COMMENT '用户账号',
  `nick_name` varchar(30) CHARACTER SET utf8 COLLATE utf8_general_ci NOT NULL COMMENT '用户昵称',
  `user_type` varchar(2) CHARACTER SET utf8 COLLATE utf8_general_ci DEFAULT '00' COMMENT '用户类型（00系统用户）',
  `email` varchar(50) CHARACTER SET utf8 COLLATE utf8_general_ci DEFAULT '' COMMENT '用户邮箱',
  `phonenumber` varchar(11) CHARACTER SET utf8 COLLATE utf8_general_ci DEFAULT '' COMMENT '手机号码',
  `sex` char(1) CHARACTER SET utf8 COLLATE utf8_general_ci DEFAULT '0' COMMENT '用户性别（0男 1女 2未知）',
  `avatar` varchar(100) CHARACTER SET utf8 COLLATE utf8_general_ci DEFAULT '' COMMENT '头像地址',
  `password` varchar(100) CHARACTER SET utf8 COLLATE utf8_general_ci DEFAULT '' COMMENT '密码',
  `status` char(1) CHARACTER SET utf8 COLLATE utf8_general_ci DEFAULT '0' COMMENT '帐号状态（0正常 1停用）',
  `del_flag` char(1) CHARACTER SET utf8 COLLATE utf8_general_ci DEFAULT '0' COMMENT '删除标志（0代表存在 2代表删除）',
  `login_ip` varchar(50) CHARACTER SET utf8 COLLATE utf8_general_ci DEFAULT '' COMMENT '最后登陆IP',
  `login_date` datetime(0) DEFAULT NULL COMMENT '最后登陆时间',
  `create_by` varchar(64) CHARACTER SET utf8 COLLATE utf8_general_ci DEFAULT '' COMMENT '创建者',
  `create_time` datetime(0) DEFAULT NULL COMMENT '创建时间',
  `update_by` varchar(64) CHARACTER SET utf8 COLLATE utf8_general_ci DEFAULT '' COMMENT '更新者',
  `update_time` datetime(0) DEFAULT NULL COMMENT '更新时间',
  `remark` varchar(500) CHARACTER SET utf8 COLLATE utf8_general_ci DEFAULT NULL COMMENT '备注',
  PRIMARY KEY (`user_id`) USING BTREE
) ENGINE = InnoDB AUTO_INCREMENT = 3 CHARACTER SET = utf8 COLLATE = utf8_general_ci COMMENT = '用户信息表' ROW_FORMAT = Dynamic;

-- ----------------------------
-- Records of sys_user
-- ----------------------------
INSERT INTO `sys_user` VALUES (1, 103, 'admin', '若依', '00', 'ry@163.com', '15888888888', '1', '', '$2a$10$7JB720yubVSZvUI0rEqK/.VqGOZTH.ulu33dHOiBE8ByOhJIrdAu2', '0', '0', '127.0.0.1', '2018-03-16 11:33:00', 'admin', '2018-03-16 11:33:00', 'ry', '2018-03-16 11:33:00', '管理员');
INSERT INTO `sys_user` VALUES (2, 105, 'ry', '若依', '00', 'ry@qq.com', '15666666666', '1', '', '$2a$10$7JB720yubVSZvUI0rEqK/.VqGOZTH.ulu33dHOiBE8ByOhJIrdAu2', '0', '0', '127.0.0.1', '2018-03-16 11:33:00', 'admin', '2018-03-16 11:33:00', 'ry', '2018-03-16 11:33:00', '测试员');

-- ----------------------------
-- Table structure for sys_user_post
-- ----------------------------
DROP TABLE IF EXISTS `sys_user_post`;
CREATE TABLE `sys_user_post`  (
  `user_id` bigint(20) NOT NULL COMMENT '用户ID',
  `post_id` bigint(20) NOT NULL COMMENT '岗位ID',
  PRIMARY KEY (`user_id`, `post_id`) USING BTREE
) ENGINE = InnoDB CHARACTER SET = utf8 COLLATE = utf8_general_ci COMMENT = '用户与岗位关联表' ROW_FORMAT = Dynamic;

-- ----------------------------
-- Records of sys_user_post
-- ----------------------------
INSERT INTO `sys_user_post` VALUES (1, 1);
INSERT INTO `sys_user_post` VALUES (2, 2);

-- ----------------------------
-- Table structure for sys_user_role
-- ----------------------------
DROP TABLE IF EXISTS `sys_user_role`;
CREATE TABLE `sys_user_role`  (
  `user_id` bigint(20) NOT NULL COMMENT '用户ID',
  `role_id` bigint(20) NOT NULL COMMENT '角色ID',
  PRIMARY KEY (`user_id`, `role_id`) USING BTREE
) ENGINE = InnoDB CHARACTER SET = utf8 COLLATE = utf8_general_ci COMMENT = '用户和角色关联表' ROW_FORMAT = Dynamic;

-- ----------------------------
-- Records of sys_user_role
-- ----------------------------
INSERT INTO `sys_user_role` VALUES (1, 1);
INSERT INTO `sys_user_role` VALUES (2, 2);

SET FOREIGN_KEY_CHECKS = 1;
