-- MySQL dump 10.13  Distrib 8.0.34, for Win64 (x86_64)
--
-- Host: 10.16.21.46    Database: ruoyi-vue-official-version
-- ------------------------------------------------------
-- Server version	8.0.22

/*!40101 SET @OLD_CHARACTER_SET_CLIENT=@@CHARACTER_SET_CLIENT */;
/*!40101 SET @OLD_CHARACTER_SET_RESULTS=@@CHARACTER_SET_RESULTS */;
/*!40101 SET @OLD_COLLATION_CONNECTION=@@COLLATION_CONNECTION */;
/*!50503 SET NAMES utf8 */;
/*!40103 SET @OLD_TIME_ZONE=@@TIME_ZONE */;
/*!40103 SET TIME_ZONE='+00:00' */;
/*!40014 SET @OLD_UNIQUE_CHECKS=@@UNIQUE_CHECKS, UNIQUE_CHECKS=0 */;
/*!40014 SET @OLD_FOREIGN_KEY_CHECKS=@@FOREIGN_KEY_CHECKS, FOREIGN_KEY_CHECKS=0 */;
/*!40101 SET @OLD_SQL_MODE=@@SQL_MODE, SQL_MODE='NO_AUTO_VALUE_ON_ZERO' */;
/*!40111 SET @OLD_SQL_NOTES=@@SQL_NOTES, SQL_NOTES=0 */;

--
-- Table structure for table `a_building`
--

DROP TABLE IF EXISTS `a_building`;
/*!40101 SET @saved_cs_client     = @@character_set_client */;
/*!50503 SET character_set_client = utf8mb4 */;
CREATE TABLE `a_building` (
  `id` bigint NOT NULL AUTO_INCREMENT COMMENT '建筑物编号',
  `building_name` varchar(300) CHARACTER SET utf8mb4 COLLATE utf8mb4_general_ci NOT NULL COMMENT '建筑物名称',
  `school_id` bigint NOT NULL COMMENT '所属学校',
  `building_type` varchar(300) CHARACTER SET utf8mb4 COLLATE utf8mb4_0900_ai_ci NOT NULL COMMENT '建筑类型',
  `location` varchar(300) CHARACTER SET utf8mb4 COLLATE utf8mb4_0900_ai_ci NOT NULL COMMENT '所在地区',
  `building_area` varchar(300) CHARACTER SET utf8mb4 COLLATE utf8mb4_0900_ai_ci NOT NULL COMMENT '建筑面积',
  `del_flag` char(1) CHARACTER SET utf8mb4 COLLATE utf8mb4_general_ci DEFAULT '0' COMMENT '删除标志（0代表存在 2代表删除）',
  `create_by` varchar(64) CHARACTER SET utf8mb4 COLLATE utf8mb4_general_ci DEFAULT '' COMMENT '创建者',
  `create_time` datetime DEFAULT NULL COMMENT '创建时间',
  `update_by` varchar(64) CHARACTER SET utf8mb4 COLLATE utf8mb4_general_ci DEFAULT '' COMMENT '更新者',
  `update_time` datetime DEFAULT NULL COMMENT '更新时间',
  PRIMARY KEY (`id`)
) ENGINE=InnoDB AUTO_INCREMENT=214 DEFAULT CHARSET=utf8mb4 COLLATE=utf8mb4_general_ci COMMENT='建筑物管理表';
/*!40101 SET character_set_client = @saved_cs_client */;

--
-- Dumping data for table `a_building`
--

LOCK TABLES `a_building` WRITE;
/*!40000 ALTER TABLE `a_building` DISABLE KEYS */;
INSERT INTO `a_building` VALUES (212,'A1教学楼',213,'210','东北区','100平方米','0','','2024-04-13 10:13:57','','2024-04-13 10:13:57'),(213,'K11教学楼',214,'210','辽宁沈阳阜新','100平方米','0','','2024-04-13 10:27:29','','2024-04-13 10:27:48');
/*!40000 ALTER TABLE `a_building` ENABLE KEYS */;
UNLOCK TABLES;

--
-- Table structure for table `a_floor`
--

DROP TABLE IF EXISTS `a_floor`;
/*!40101 SET @saved_cs_client     = @@character_set_client */;
/*!50503 SET character_set_client = utf8mb4 */;
CREATE TABLE `a_floor` (
  `id` bigint NOT NULL AUTO_INCREMENT COMMENT '楼层编号',
  `floor_name` varchar(300) CHARACTER SET utf8mb4 COLLATE utf8mb4_general_ci NOT NULL COMMENT '楼层名称',
  `building_id` bigint NOT NULL COMMENT '所属建筑物',
  `floor_area` varchar(300) CHARACTER SET utf8mb4 COLLATE utf8mb4_0900_ai_ci NOT NULL COMMENT '楼层面积',
  `room_count` int NOT NULL COMMENT '房间数量',
  `del_flag` char(1) CHARACTER SET utf8mb4 COLLATE utf8mb4_general_ci DEFAULT '0' COMMENT '删除标志（0代表存在 2代表删除）',
  `create_by` varchar(64) CHARACTER SET utf8mb4 COLLATE utf8mb4_general_ci DEFAULT '' COMMENT '创建者',
  `create_time` datetime DEFAULT NULL COMMENT '创建时间',
  `update_by` varchar(64) CHARACTER SET utf8mb4 COLLATE utf8mb4_general_ci DEFAULT '' COMMENT '更新者',
  `update_time` datetime DEFAULT NULL COMMENT '更新时间',
  PRIMARY KEY (`id`)
) ENGINE=InnoDB AUTO_INCREMENT=215 DEFAULT CHARSET=utf8mb4 COLLATE=utf8mb4_general_ci COMMENT='楼层管理表';
/*!40101 SET character_set_client = @saved_cs_client */;

--
-- Dumping data for table `a_floor`
--

LOCK TABLES `a_floor` WRITE;
/*!40000 ALTER TABLE `a_floor` DISABLE KEYS */;
INSERT INTO `a_floor` VALUES (212,'32',211,'32',4,'0','','2024-04-12 15:07:27','','2024-04-12 15:07:27'),(213,'A1教学楼1层',212,'10平方米',6,'0','','2024-04-13 10:15:09','','2024-04-13 10:15:09'),(214,'教学楼2楼',213,'222平方米',6,'0','','2024-04-13 10:28:15','','2024-04-13 10:28:15');
/*!40000 ALTER TABLE `a_floor` ENABLE KEYS */;
UNLOCK TABLES;

--
-- Table structure for table `a_goods_apply`
--

DROP TABLE IF EXISTS `a_goods_apply`;
/*!40101 SET @saved_cs_client     = @@character_set_client */;
/*!50503 SET character_set_client = utf8mb4 */;
CREATE TABLE `a_goods_apply` (
  `id` bigint NOT NULL AUTO_INCREMENT COMMENT 'id',
  `apply_no` varchar(200) CHARACTER SET utf8mb4 COLLATE utf8mb4_general_ci NOT NULL COMMENT '单据编号',
  `goods_code` varchar(200) CHARACTER SET utf8mb4 COLLATE utf8mb4_general_ci DEFAULT NULL COMMENT '货品编号',
  `goods_name` varchar(200) CHARACTER SET utf8mb4 COLLATE utf8mb4_0900_ai_ci NOT NULL COMMENT '货品名称',
  `standard` varchar(200) CHARACTER SET utf8mb4 COLLATE utf8mb4_0900_ai_ci NOT NULL COMMENT '规格',
  `unit` varchar(200) CHARACTER SET utf8mb4 COLLATE utf8mb4_0900_ai_ci NOT NULL COMMENT '单位',
  `number` int NOT NULL COMMENT '数量',
  `remark` varchar(500) CHARACTER SET utf8mb4 COLLATE utf8mb4_general_ci DEFAULT NULL COMMENT '备注',
  `applicant` varchar(200) CHARACTER SET utf8mb4 COLLATE utf8mb4_0900_ai_ci NOT NULL COMMENT '申请人账号',
  `applicant_name` varchar(200) CHARACTER SET utf8mb4 COLLATE utf8mb4_0900_ai_ci NOT NULL COMMENT '申请人',
  `applicant_dept_id` bigint NOT NULL COMMENT '领用部门id',
  `applicant_dept_name` varchar(45) CHARACTER SET utf8mb4 COLLATE utf8mb4_general_ci DEFAULT NULL COMMENT '领用部门',
  `apply_time` datetime DEFAULT NULL COMMENT '申请时间',
  `del_flag` char(1) CHARACTER SET utf8mb4 COLLATE utf8mb4_general_ci DEFAULT '0' COMMENT '删除标志（0代表存在 2代表删除）',
  `create_by` varchar(64) CHARACTER SET utf8mb4 COLLATE utf8mb4_general_ci DEFAULT '' COMMENT '创建者',
  `create_time` datetime DEFAULT NULL COMMENT '创建时间',
  `update_by` varchar(64) CHARACTER SET utf8mb4 COLLATE utf8mb4_general_ci DEFAULT '' COMMENT '更新者',
  `update_time` datetime DEFAULT NULL COMMENT '更新时间',
  PRIMARY KEY (`id`)
) ENGINE=InnoDB AUTO_INCREMENT=211 DEFAULT CHARSET=utf8mb4 COLLATE=utf8mb4_general_ci COMMENT='货品申请表';
/*!40101 SET character_set_client = @saved_cs_client */;

--
-- Dumping data for table `a_goods_apply`
--

LOCK TABLES `a_goods_apply` WRITE;
/*!40000 ALTER TABLE `a_goods_apply` DISABLE KEYS */;
INSERT INTO `a_goods_apply` VALUES (210,'43','43','4','34','34',3,'43','43','343',43,NULL,NULL,'0','','2023-12-08 14:59:23','','2023-12-12 10:45:10');
/*!40000 ALTER TABLE `a_goods_apply` ENABLE KEYS */;
UNLOCK TABLES;

--
-- Table structure for table `a_room`
--

DROP TABLE IF EXISTS `a_room`;
/*!40101 SET @saved_cs_client     = @@character_set_client */;
/*!50503 SET character_set_client = utf8mb4 */;
CREATE TABLE `a_room` (
  `id` bigint NOT NULL AUTO_INCREMENT COMMENT '房间编号',
  `room_name` varchar(300) CHARACTER SET utf8mb4 COLLATE utf8mb4_general_ci NOT NULL COMMENT '房间名称',
  `floor_id` bigint NOT NULL COMMENT '所属楼层',
  `room_type` varchar(300) CHARACTER SET utf8mb4 COLLATE utf8mb4_0900_ai_ci NOT NULL COMMENT '房间类型',
  `room_area` varchar(300) CHARACTER SET utf8mb4 COLLATE utf8mb4_0900_ai_ci NOT NULL COMMENT '房间面积',
  `subject` varchar(300) CHARACTER SET utf8mb4 COLLATE utf8mb4_0900_ai_ci NOT NULL COMMENT '所属学科',
  `del_flag` char(1) CHARACTER SET utf8mb4 COLLATE utf8mb4_general_ci DEFAULT '0' COMMENT '删除标志（0代表存在 2代表删除）',
  `create_by` varchar(64) CHARACTER SET utf8mb4 COLLATE utf8mb4_general_ci DEFAULT '' COMMENT '创建者',
  `create_time` datetime DEFAULT NULL COMMENT '创建时间',
  `update_by` varchar(64) CHARACTER SET utf8mb4 COLLATE utf8mb4_general_ci DEFAULT '' COMMENT '更新者',
  `update_time` datetime DEFAULT NULL COMMENT '更新时间',
  PRIMARY KEY (`id`)
) ENGINE=InnoDB AUTO_INCREMENT=215 DEFAULT CHARSET=utf8mb4 COLLATE=utf8mb4_general_ci COMMENT='房间管理表';
/*!40101 SET character_set_client = @saved_cs_client */;

--
-- Dumping data for table `a_room`
--

LOCK TABLES `a_room` WRITE;
/*!40000 ALTER TABLE `a_room` DISABLE KEYS */;
INSERT INTO `a_room` VALUES (212,'3232',211,'220','32','32','0','','2024-04-12 15:33:29','','2024-04-12 16:05:03'),(213,'3232',212,'210','32平方米','理学院','0','','2024-04-12 16:07:15','','2024-04-13 10:16:02'),(214,'教室201',214,'210','100平方米','计算机专业','0','','2024-04-13 10:28:50','','2024-04-13 10:28:50');
/*!40000 ALTER TABLE `a_room` ENABLE KEYS */;
UNLOCK TABLES;

--
-- Table structure for table `a_school`
--

DROP TABLE IF EXISTS `a_school`;
/*!40101 SET @saved_cs_client     = @@character_set_client */;
/*!50503 SET character_set_client = utf8mb4 */;
CREATE TABLE `a_school` (
  `id` bigint NOT NULL AUTO_INCREMENT COMMENT '学校编号',
  `school_name` varchar(300) CHARACTER SET utf8mb4 COLLATE utf8mb4_0900_ai_ci NOT NULL COMMENT '学校名称',
  `school_type` varchar(300) CHARACTER SET utf8mb4 COLLATE utf8mb4_0900_ai_ci NOT NULL COMMENT '学校类型',
  `location` varchar(300) CHARACTER SET utf8mb4 COLLATE utf8mb4_0900_ai_ci NOT NULL COMMENT '所在地区',
  `campus_area` varchar(300) CHARACTER SET utf8mb4 COLLATE utf8mb4_0900_ai_ci NOT NULL COMMENT '校园面积',
  `del_flag` char(1) CHARACTER SET utf8mb4 COLLATE utf8mb4_general_ci DEFAULT '0' COMMENT '删除标志（0代表存在 2代表删除）',
  `create_by` varchar(64) CHARACTER SET utf8mb4 COLLATE utf8mb4_general_ci DEFAULT '' COMMENT '创建者',
  `create_time` datetime DEFAULT NULL COMMENT '创建时间',
  `update_by` varchar(64) CHARACTER SET utf8mb4 COLLATE utf8mb4_general_ci DEFAULT '' COMMENT '更新者',
  `update_time` datetime DEFAULT NULL COMMENT '更新时间',
  PRIMARY KEY (`id`)
) ENGINE=InnoDB AUTO_INCREMENT=215 DEFAULT CHARSET=utf8mb4 COLLATE=utf8mb4_general_ci COMMENT='学校管理表';
/*!40101 SET character_set_client = @saved_cs_client */;

--
-- Dumping data for table `a_school`
--

LOCK TABLES `a_school` WRITE;
/*!40000 ALTER TABLE `a_school` DISABLE KEYS */;
INSERT INTO `a_school` VALUES (213,'辽宁工程技术大学','210','辽宁','120万平方米','0','','2024-04-13 10:12:19','','2024-04-13 10:12:19'),(214,'沈阳大学','220','辽宁沈阳','120万平方米','0','','2024-04-13 10:26:30','','2024-04-13 10:26:30');
/*!40000 ALTER TABLE `a_school` ENABLE KEYS */;
UNLOCK TABLES;

--
-- Table structure for table `a_test_apply`
--

DROP TABLE IF EXISTS `a_test_apply`;
/*!40101 SET @saved_cs_client     = @@character_set_client */;
/*!50503 SET character_set_client = utf8mb4 */;
CREATE TABLE `a_test_apply` (
  `id` bigint NOT NULL AUTO_INCREMENT COMMENT 'id',
  `apply_no` varchar(200) CHARACTER SET utf8mb4 COLLATE utf8mb4_general_ci NOT NULL COMMENT '单据编号',
  `goods_code` varchar(200) CHARACTER SET utf8mb4 COLLATE utf8mb4_general_ci DEFAULT NULL COMMENT '货品编号',
  `goods_name` varchar(200) CHARACTER SET utf8mb4 COLLATE utf8mb4_0900_ai_ci NOT NULL COMMENT '货品名称',
  `del_flag` char(1) CHARACTER SET utf8mb4 COLLATE utf8mb4_general_ci DEFAULT '0' COMMENT '删除标志（0代表存在 2代表删除）',
  `create_by` varchar(64) CHARACTER SET utf8mb4 COLLATE utf8mb4_general_ci DEFAULT '' COMMENT '创建者',
  `create_time` datetime DEFAULT NULL COMMENT '创建时间',
  `update_by` varchar(64) CHARACTER SET utf8mb4 COLLATE utf8mb4_general_ci DEFAULT '' COMMENT '更新者',
  `update_time` datetime DEFAULT NULL COMMENT '更新时间',
  PRIMARY KEY (`id`)
) ENGINE=InnoDB AUTO_INCREMENT=212 DEFAULT CHARSET=utf8mb4 COLLATE=utf8mb4_general_ci COMMENT='测试申请表';
/*!40101 SET character_set_client = @saved_cs_client */;

--
-- Dumping data for table `a_test_apply`
--

LOCK TABLES `a_test_apply` WRITE;
/*!40000 ALTER TABLE `a_test_apply` DISABLE KEYS */;
INSERT INTO `a_test_apply` VALUES (211,'2','32','32323232','0','','2023-12-12 11:33:42','','2023-12-12 11:33:46');
/*!40000 ALTER TABLE `a_test_apply` ENABLE KEYS */;
UNLOCK TABLES;

--
-- Table structure for table `bx_index_info`
--

DROP TABLE IF EXISTS `bx_index_info`;
/*!40101 SET @saved_cs_client     = @@character_set_client */;
/*!50503 SET character_set_client = utf8mb4 */;
CREATE TABLE `bx_index_info` (
  `id` int NOT NULL AUTO_INCREMENT COMMENT 'ID',
  `cur_time` varchar(255) NOT NULL COMMENT '时间',
  `sex` varchar(255) NOT NULL COMMENT '性别',
  `xiangmu` varchar(255) NOT NULL COMMENT '项目',
  `address` varchar(255) NOT NULL COMMENT '地址',
  `del_flag` char(1) CHARACTER SET utf8mb4 COLLATE utf8mb4_0900_ai_ci DEFAULT '0' COMMENT '删除标志（0代表存在 2代表删除）',
  `create_time` datetime DEFAULT NULL,
  `create_by` varchar(64) CHARACTER SET utf8mb4 COLLATE utf8mb4_0900_ai_ci DEFAULT '' COMMENT '创建者',
  `update_time` datetime DEFAULT NULL COMMENT '更新时间',
  `update_by` varchar(64) CHARACTER SET utf8mb4 COLLATE utf8mb4_0900_ai_ci DEFAULT '' COMMENT '更新者',
  PRIMARY KEY (`id`)
) ENGINE=InnoDB AUTO_INCREMENT=6 DEFAULT CHARSET=utf8 COMMENT='首页信息';
/*!40101 SET character_set_client = @saved_cs_client */;

--
-- Dumping data for table `bx_index_info`
--

LOCK TABLES `bx_index_info` WRITE;
/*!40000 ALTER TABLE `bx_index_info` DISABLE KEYS */;
/*!40000 ALTER TABLE `bx_index_info` ENABLE KEYS */;
UNLOCK TABLES;

--
-- Table structure for table `bx_light`
--

DROP TABLE IF EXISTS `bx_light`;
/*!40101 SET @saved_cs_client     = @@character_set_client */;
/*!50503 SET character_set_client = utf8mb4 */;
CREATE TABLE `bx_light` (
  `id` int NOT NULL AUTO_INCREMENT COMMENT '新闻资讯',
  `title` varchar(255) DEFAULT NULL COMMENT '标题',
  `content` text COMMENT '内容',
  `imageurl` varchar(255) DEFAULT NULL COMMENT '封面',
  `create_time` datetime DEFAULT NULL,
  `look` int DEFAULT '0' COMMENT '浏览量',
  `zan` int DEFAULT '0' COMMENT '点赞',
  `jingdu` varchar(255) DEFAULT NULL,
  PRIMARY KEY (`id`)
) ENGINE=InnoDB AUTO_INCREMENT=4 DEFAULT CHARSET=utf8;
/*!40101 SET character_set_client = @saved_cs_client */;

--
-- Dumping data for table `bx_light`
--

LOCK TABLES `bx_light` WRITE;
/*!40000 ALTER TABLE `bx_light` DISABLE KEYS */;
/*!40000 ALTER TABLE `bx_light` ENABLE KEYS */;
UNLOCK TABLES;

--
-- Table structure for table `gen_table`
--

DROP TABLE IF EXISTS `gen_table`;
/*!40101 SET @saved_cs_client     = @@character_set_client */;
/*!50503 SET character_set_client = utf8mb4 */;
CREATE TABLE `gen_table` (
  `table_id` bigint NOT NULL AUTO_INCREMENT COMMENT '编号',
  `table_name` varchar(200) COLLATE utf8mb4_general_ci DEFAULT '' COMMENT '表名称',
  `table_comment` varchar(500) COLLATE utf8mb4_general_ci DEFAULT '' COMMENT '表描述',
  `sub_table_name` varchar(64) COLLATE utf8mb4_general_ci DEFAULT NULL COMMENT '关联子表的表名',
  `sub_table_fk_name` varchar(64) COLLATE utf8mb4_general_ci DEFAULT NULL COMMENT '子表关联的外键名',
  `class_name` varchar(100) COLLATE utf8mb4_general_ci DEFAULT '' COMMENT '实体类名称',
  `tpl_category` varchar(200) COLLATE utf8mb4_general_ci DEFAULT 'crud' COMMENT '使用的模板（crud单表操作 tree树表操作）',
  `tpl_web_type` varchar(30) COLLATE utf8mb4_general_ci DEFAULT '' COMMENT '前端模板类型（element-ui模版 element-plus模版）',
  `package_name` varchar(100) COLLATE utf8mb4_general_ci DEFAULT NULL COMMENT '生成包路径',
  `module_name` varchar(30) COLLATE utf8mb4_general_ci DEFAULT NULL COMMENT '生成模块名',
  `business_name` varchar(30) COLLATE utf8mb4_general_ci DEFAULT NULL COMMENT '生成业务名',
  `function_name` varchar(50) COLLATE utf8mb4_general_ci DEFAULT NULL COMMENT '生成功能名',
  `function_author` varchar(50) COLLATE utf8mb4_general_ci DEFAULT NULL COMMENT '生成功能作者',
  `gen_type` char(1) COLLATE utf8mb4_general_ci DEFAULT '1' COMMENT '生成代码方式（0zip压缩包 1自定义路径）',
  `gen_path` varchar(200) COLLATE utf8mb4_general_ci DEFAULT '/' COMMENT '生成路径（不填默认项目路径）',
  `options` varchar(1000) COLLATE utf8mb4_general_ci DEFAULT NULL COMMENT '其它生成选项',
  `create_by` varchar(64) COLLATE utf8mb4_general_ci DEFAULT '' COMMENT '创建者',
  `create_time` datetime DEFAULT NULL COMMENT '创建时间',
  `update_by` varchar(64) COLLATE utf8mb4_general_ci DEFAULT '' COMMENT '更新者',
  `update_time` datetime DEFAULT NULL COMMENT '更新时间',
  `remark` varchar(500) COLLATE utf8mb4_general_ci DEFAULT NULL COMMENT '备注',
  PRIMARY KEY (`table_id`)
) ENGINE=InnoDB AUTO_INCREMENT=26 DEFAULT CHARSET=utf8mb4 COLLATE=utf8mb4_general_ci COMMENT='代码生成业务表';
/*!40101 SET character_set_client = @saved_cs_client */;

--
-- Dumping data for table `gen_table`
--

LOCK TABLES `gen_table` WRITE;
/*!40000 ALTER TABLE `gen_table` DISABLE KEYS */;
INSERT INTO `gen_table` VALUES (16,'a_test_apply','测试申请表',NULL,NULL,'ATestApply','crud','element-ui','com.ruoyi.autoee','autoee','testApply','测试申请','ruoyi','1','/','{\"parentMenuId\":2000}','admin','2023-12-12 11:33:02','','2023-12-12 11:33:11',NULL),(17,'heny_key_use_apply','钥匙使用申请表',NULL,NULL,'HenyKeyUseApply','crud','element-ui','com.ruoyi.autoee','autoee','henyKeyUseApply','钥匙借用申请','ruoyi','1','/','{\"parentMenuId\":\"2000\"}','admin','2024-02-23 14:36:05','','2024-03-06 20:30:53',NULL),(18,'bx_light','高光集锦',NULL,NULL,'BxLight','crud','element-ui','com.ruoyi.web.controller.system','system','bxLight','高光集锦','ruoyi','0','/','{\"parentMenuId\":\"1\"}','admin','2024-04-10 09:54:39','','2024-04-10 10:22:01',NULL),(20,'a_school','学校管理表',NULL,NULL,'ASchool','crud','element-ui','com.ruoyi.autoee','autoee','school','学校管理','ruoyi','1','/','{\"parentMenuId\":\"2000\"}','admin','2024-04-12 09:52:57','','2024-04-12 09:55:46',NULL),(21,'a_building','建筑物管理表',NULL,NULL,'ABuilding','crud','element-ui','com.ruoyi.autoee','autoee','building','建筑物管理','ruoyi','1','/','{\"parentMenuId\":\"2000\"}','admin','2024-04-12 10:02:57','','2024-04-12 13:12:09',NULL),(23,'a_goods_apply','货品申请表',NULL,NULL,'AGoodsApply','crud','','com.ruoyi.autoee','autoee','goodsApply','货品申请','ruoyi','1','/',NULL,'admin','2024-04-12 10:37:01','','2024-04-12 10:37:01',NULL),(24,'a_floor','楼层管理表',NULL,NULL,'AFloor','crud','element-ui','com.ruoyi.autoee','autoee','floor','楼层管理','ruoyi','1','/','{\"parentMenuId\":2000}','admin','2024-04-12 14:44:50','','2024-04-12 14:45:16',NULL),(25,'a_room','房间管理表',NULL,NULL,'ARoom','crud','element-ui','com.ruoyi.autoee','autoee','room','房间管理','ruoyi','1','/','{\"parentMenuId\":2000}','admin','2024-04-12 15:25:14','','2024-04-12 15:26:00',NULL);
/*!40000 ALTER TABLE `gen_table` ENABLE KEYS */;
UNLOCK TABLES;

--
-- Table structure for table `gen_table_column`
--

DROP TABLE IF EXISTS `gen_table_column`;
/*!40101 SET @saved_cs_client     = @@character_set_client */;
/*!50503 SET character_set_client = utf8mb4 */;
CREATE TABLE `gen_table_column` (
  `column_id` bigint NOT NULL AUTO_INCREMENT COMMENT '编号',
  `table_id` bigint DEFAULT NULL COMMENT '归属表编号',
  `column_name` varchar(200) COLLATE utf8mb4_general_ci DEFAULT NULL COMMENT '列名称',
  `column_comment` varchar(500) COLLATE utf8mb4_general_ci DEFAULT NULL COMMENT '列描述',
  `column_type` varchar(100) COLLATE utf8mb4_general_ci DEFAULT NULL COMMENT '列类型',
  `java_type` varchar(500) COLLATE utf8mb4_general_ci DEFAULT NULL COMMENT 'JAVA类型',
  `java_field` varchar(200) COLLATE utf8mb4_general_ci DEFAULT NULL COMMENT 'JAVA字段名',
  `is_pk` char(1) COLLATE utf8mb4_general_ci DEFAULT NULL COMMENT '是否主键（1是）',
  `is_increment` char(1) COLLATE utf8mb4_general_ci DEFAULT NULL COMMENT '是否自增（1是）',
  `is_required` char(1) COLLATE utf8mb4_general_ci DEFAULT NULL COMMENT '是否必填（1是）',
  `is_insert` char(1) COLLATE utf8mb4_general_ci DEFAULT NULL COMMENT '是否为插入字段（1是）',
  `is_edit` char(1) COLLATE utf8mb4_general_ci DEFAULT NULL COMMENT '是否编辑字段（1是）',
  `is_list` char(1) COLLATE utf8mb4_general_ci DEFAULT NULL COMMENT '是否列表字段（1是）',
  `is_query` char(1) COLLATE utf8mb4_general_ci DEFAULT NULL COMMENT '是否查询字段（1是）',
  `query_type` varchar(200) COLLATE utf8mb4_general_ci DEFAULT 'EQ' COMMENT '查询方式（等于、不等于、大于、小于、范围）',
  `html_type` varchar(200) COLLATE utf8mb4_general_ci DEFAULT NULL COMMENT '显示类型（文本框、文本域、下拉框、复选框、单选框、日期控件）',
  `dict_type` varchar(200) COLLATE utf8mb4_general_ci DEFAULT '' COMMENT '字典类型',
  `sort` int DEFAULT NULL COMMENT '排序',
  `create_by` varchar(64) COLLATE utf8mb4_general_ci DEFAULT '' COMMENT '创建者',
  `create_time` datetime DEFAULT NULL COMMENT '创建时间',
  `update_by` varchar(64) COLLATE utf8mb4_general_ci DEFAULT '' COMMENT '更新者',
  `update_time` datetime DEFAULT NULL COMMENT '更新时间',
  PRIMARY KEY (`column_id`)
) ENGINE=InnoDB AUTO_INCREMENT=295 DEFAULT CHARSET=utf8mb4 COLLATE=utf8mb4_general_ci COMMENT='代码生成业务表字段';
/*!40101 SET character_set_client = @saved_cs_client */;

--
-- Dumping data for table `gen_table_column`
--

LOCK TABLES `gen_table_column` WRITE;
/*!40000 ALTER TABLE `gen_table_column` DISABLE KEYS */;
INSERT INTO `gen_table_column` VALUES (163,16,'id','id','bigint','Long','id','1','1','0','1',NULL,NULL,NULL,'EQ','input','',1,'admin','2023-12-12 11:33:02','','2023-12-12 11:33:11'),(164,16,'apply_no','单据编号','varchar(200)','String','applyNo','0','0','1','1','1','1','1','EQ','input','',2,'admin','2023-12-12 11:33:02','','2023-12-12 11:33:11'),(165,16,'goods_code','货品编号','varchar(200)','String','goodsCode','0','0','0','1','1','1','1','EQ','input','',3,'admin','2023-12-12 11:33:02','','2023-12-12 11:33:11'),(166,16,'goods_name','货品名称','varchar(200)','String','goodsName','0','0','1','1','1','1','1','LIKE','input','',4,'admin','2023-12-12 11:33:02','','2023-12-12 11:33:11'),(167,16,'del_flag','删除标志（0代表存在 2代表删除）','char(1)','String','delFlag','0','0','0','1',NULL,NULL,NULL,'EQ','input','',5,'admin','2023-12-12 11:33:02','','2023-12-12 11:33:11'),(168,16,'create_by','创建者','varchar(64)','String','createBy','0','0','0','1',NULL,NULL,NULL,'EQ','input','',6,'admin','2023-12-12 11:33:02','','2023-12-12 11:33:11'),(169,16,'create_time','创建时间','datetime','Date','createTime','0','0','0','1',NULL,NULL,NULL,'EQ','datetime','',7,'admin','2023-12-12 11:33:02','','2023-12-12 11:33:11'),(170,16,'update_by','更新者','varchar(64)','String','updateBy','0','0','0','1','1',NULL,NULL,'EQ','input','',8,'admin','2023-12-12 11:33:02','','2023-12-12 11:33:11'),(171,16,'update_time','更新时间','datetime','Date','updateTime','0','0','0','1','1',NULL,NULL,'EQ','datetime','',9,'admin','2023-12-12 11:33:02','','2023-12-12 11:33:11'),(172,17,'id','ID','bigint','Long','id','1','1','0','1',NULL,NULL,NULL,'EQ','input','',1,'admin','2024-02-23 14:36:05','','2024-03-06 20:30:53'),(173,17,'key_id','钥匙主键','int','Long','keyId','0','0','0','0','0','0','0','EQ','input','',2,'admin','2024-02-23 14:36:05','','2024-03-06 20:30:53'),(174,17,'key_name','钥匙名称','varchar(255)','String','keyName','0','0','1','1','1','1','1','LIKE','input','',3,'admin','2024-02-23 14:36:05','','2024-03-06 20:30:53'),(175,17,'key_number','钥匙编号','varchar(255)','String','keyNumber','0','0','1','1','1','1','1','EQ','input','',4,'admin','2024-02-23 14:36:05','','2024-03-06 20:30:53'),(176,17,'use_begin_time','借用开始时间','datetime','Date','useBeginTime','0','0','1','1','1','1','1','EQ','datetime','',5,'admin','2024-02-23 14:36:05','','2024-03-06 20:30:53'),(177,17,'use_end_time','借用结束时间','datetime','Date','useEndTime','0','0','1','1','1','1','1','EQ','datetime','',6,'admin','2024-02-23 14:36:05','','2024-03-06 20:30:53'),(178,17,'use_reason','借用原因','varchar(200)','String','useReason','0','0','1','1','1','1','0','EQ','input','',7,'admin','2024-02-23 14:36:05','','2024-03-06 20:30:54'),(179,17,'dept_id','借用部门Id','bigint','Long','deptId','0','0','0','0','0','0','0','EQ','input','',8,'admin','2024-02-23 14:36:05','','2024-03-06 20:30:54'),(180,17,'dept_name','借用部门','varchar(200)','String','deptName','0','0','0','0','0','1','1','LIKE','input','',9,'admin','2024-02-23 14:36:05','','2024-03-06 20:30:54'),(181,17,'audit_status','审核状态','varchar(45)','String','auditStatus','0','0','0','0','0','1','0','EQ','radio','audit_status',10,'admin','2024-02-23 14:36:06','','2024-03-06 20:30:54'),(182,17,'submit_by','提交人','varchar(64)','String','submitBy','0','0','0','0','0','1','1','EQ','input','',13,'admin','2024-02-23 14:36:06','','2024-03-06 20:30:54'),(183,17,'submit_time','提交时间','datetime','Date','submitTime','0','0','0','0','0','0','0','EQ','datetime','',14,'admin','2024-02-23 14:36:06','','2024-03-06 20:30:54'),(184,17,'dept_audit_by','部门审核人','varchar(64)','String','deptAuditBy','0','0','0','0','0','0','0','EQ','input','',15,'admin','2024-02-23 14:36:06','','2024-03-06 20:30:54'),(185,17,'dept_audit_time','部门审核时间','datetime','Date','deptAuditTime','0','0','0','0','0','0','0','EQ','datetime','',16,'admin','2024-02-23 14:36:06','','2024-03-06 20:30:54'),(186,17,'dept_audit_content','部门审核意见','varchar(500)','String','deptAuditContent','0','0','0','0','0','1','0','EQ','editor','',17,'admin','2024-02-23 14:36:06','','2024-03-06 20:30:54'),(187,17,'final_audit_by','终审人','varchar(64)','String','finalAuditBy','0','0','0','0','0','0','0','EQ','input','',18,'admin','2024-02-23 14:36:06','','2024-03-06 20:30:54'),(188,17,'final_audit_time','终审时间','datetime','Date','finalAuditTime','0','0','0','0','0','0','0','EQ','datetime','',19,'admin','2024-02-23 14:36:06','','2024-03-06 20:30:54'),(189,17,'final_audit_content','终审意见','varchar(500)','String','finalAuditContent','0','0','0','0','0','1','0','EQ','editor','',20,'admin','2024-02-23 14:36:06','','2024-03-06 20:30:54'),(190,17,'create_by','创建者','varchar(64)','String','createBy','0','0','0','0',NULL,NULL,NULL,'EQ','input','',21,'admin','2024-02-23 14:36:06','','2024-03-06 20:30:54'),(191,17,'create_time','创建时间','datetime','Date','createTime','0','0','0','0',NULL,NULL,NULL,'EQ','datetime','',22,'admin','2024-02-23 14:36:06','','2024-03-06 20:30:54'),(192,17,'update_by','更新者','varchar(64)','String','updateBy','0','0','0','0','0',NULL,NULL,'EQ','input','',23,'admin','2024-02-23 14:36:06','','2024-03-06 20:30:55'),(193,17,'update_time','更新时间','datetime','Date','updateTime','0','0','0','0','0',NULL,NULL,'EQ','datetime','',24,'admin','2024-02-23 14:36:06','','2024-03-06 20:30:55'),(194,17,'del_flag','删除标志','char(1)','String','delFlag','0','0','0','0',NULL,NULL,NULL,'EQ','input','',25,'admin','2024-02-23 14:36:06','','2024-03-06 20:30:55'),(195,17,'del_by','删除者','varchar(64)','String','delBy','0','0','0','0','0','0','0','EQ','input','',26,'admin','2024-02-23 14:36:06','','2024-03-06 20:30:55'),(196,17,'del_time','删除时间','datetime','Date','delTime','0','0','0','0','0','0','0','EQ','datetime','',27,'admin','2024-02-23 14:36:06','','2024-03-06 20:30:55'),(197,17,'apply_type','申请类型','varchar(45)','String','applyType','0','0','1','0','0','1','1','EQ','input','',11,'','2024-02-23 14:55:39','','2024-03-06 20:30:54'),(198,17,'use_apply_id','借用申请id','varchar(45)','String','useApplyId','0','0','0','0','0','0','0','EQ','input','',12,'','2024-02-23 14:55:39','','2024-03-06 20:30:54'),(199,18,'id','新闻资讯','int','Long','id','1','1','0','1',NULL,NULL,NULL,'EQ','input','',1,'admin','2024-04-10 09:54:39','','2024-04-10 10:22:01'),(200,18,'title','标题','varchar(255)','String','title','0','0','0','1','1','1','1','EQ','input','',2,'admin','2024-04-10 09:54:39','','2024-04-10 10:22:01'),(201,18,'content','内容','text','String','content','0','0','0','1','1','1','1','EQ','editor','',3,'admin','2024-04-10 09:54:39','','2024-04-10 10:22:01'),(202,18,'imageurl','封面','varchar(255)','String','imageurl','0','0','0','1','1','1','0','EQ','imageUpload','',4,'admin','2024-04-10 09:54:39','','2024-04-10 10:22:01'),(203,18,'create_time','create_time','datetime','Date','createTime','0','0','0','0',NULL,NULL,NULL,'EQ','datetime','',5,'admin','2024-04-10 09:54:39','','2024-04-10 10:22:01'),(204,18,'look','浏览量','int','Long','look','0','0','0','1','1','1','0','EQ','input','',6,'admin','2024-04-10 09:54:39','','2024-04-10 10:22:01'),(205,18,'zan','点赞','int','Long','zan','0','0','0','1','1','1','0','EQ','input','',7,'admin','2024-04-10 09:54:39','','2024-04-10 10:22:01'),(206,18,'jingdu','jingdu','varchar(255)','String','jingdu','0','0','0','0','0','0','0','EQ','input','',8,'admin','2024-04-10 09:54:39','','2024-04-10 10:22:01'),(217,20,'id','学校编号','bigint','Long','id','1','1','0','1',NULL,'1','1','EQ','input','',1,'admin','2024-04-12 09:52:57','','2024-04-12 09:55:46'),(218,20,'school_name','学校名称','varchar(300)','String','schoolName','0','0','1','1','1','1','1','LIKE','input','',2,'admin','2024-04-12 09:52:57','','2024-04-12 09:55:46'),(219,20,'school_type','学校类型','varchar(300)','String','schoolType','0','0','1','1','1','1','1','EQ','select','school_type',3,'admin','2024-04-12 09:52:57','','2024-04-12 09:55:46'),(220,20,'location','所在地区','varchar(300)','String','location','0','0','1','1','1','1','1','EQ','input','',4,'admin','2024-04-12 09:52:57','','2024-04-12 09:55:47'),(221,20,'campus_area','校园面积','varchar(300)','String','campusArea','0','0','1','1','1','1','0','EQ','input','',5,'admin','2024-04-12 09:52:57','','2024-04-12 09:55:47'),(222,20,'del_flag','删除标志（0代表存在 2代表删除）','char(1)','String','delFlag','0','0','0','1',NULL,NULL,NULL,'EQ','input','',6,'admin','2024-04-12 09:52:57','','2024-04-12 09:55:47'),(223,20,'create_by','创建者','varchar(64)','String','createBy','0','0','0','1',NULL,NULL,NULL,'EQ','input','',7,'admin','2024-04-12 09:52:57','','2024-04-12 09:55:47'),(224,20,'create_time','创建时间','datetime','Date','createTime','0','0','0','1',NULL,NULL,NULL,'EQ','datetime','',8,'admin','2024-04-12 09:52:57','','2024-04-12 09:55:47'),(225,20,'update_by','更新者','varchar(64)','String','updateBy','0','0','0','1','1',NULL,NULL,'EQ','input','',9,'admin','2024-04-12 09:52:57','','2024-04-12 09:55:47'),(226,20,'update_time','更新时间','datetime','Date','updateTime','0','0','0','1','1',NULL,NULL,'EQ','datetime','',10,'admin','2024-04-12 09:52:57','','2024-04-12 09:55:47'),(227,21,'id','建筑物编号','bigint','Long','id','1','1','0','1',NULL,'1','1','EQ','input','',1,'admin','2024-04-12 10:02:57','','2024-04-12 13:12:09'),(228,21,'building_name','建筑物名称','varchar(300)','String','buildingName','0','0','1','1','1','1','1','LIKE','input','',2,'admin','2024-04-12 10:02:57','','2024-04-12 13:12:09'),(229,21,'school_id','所属学校','bigint','Long','schoolId','0','0','1','1','1','1','1','EQ','input','',3,'admin','2024-04-12 10:02:57','','2024-04-12 13:12:09'),(230,21,'building_type','建筑类型','varchar(300)','String','buildingType','0','0','1','1','1','1','1','EQ','select','building_type',4,'admin','2024-04-12 10:02:57','','2024-04-12 13:12:09'),(231,21,'Location','所在地区','varchar(300)','String','Location','0','0','1','1','1','1','1','EQ','input','',5,'admin','2024-04-12 10:02:57','','2024-04-12 13:12:09'),(232,21,'building_area','建筑面积','varchar(300)','String','buildingArea','0','0','1','1','1','1','0','EQ','input','',6,'admin','2024-04-12 10:02:57','','2024-04-12 13:12:09'),(233,21,'del_flag','删除标志（0代表存在 2代表删除）','char(1)','String','delFlag','0','0','0','1',NULL,NULL,NULL,'EQ','input','',7,'admin','2024-04-12 10:02:57','','2024-04-12 13:12:09'),(234,21,'create_by','创建者','varchar(64)','String','createBy','0','0','0','1',NULL,NULL,NULL,'EQ','input','',8,'admin','2024-04-12 10:02:57','','2024-04-12 13:12:09'),(235,21,'create_time','创建时间','datetime','Date','createTime','0','0','0','1',NULL,NULL,NULL,'EQ','datetime','',9,'admin','2024-04-12 10:02:57','','2024-04-12 13:12:09'),(236,21,'update_by','更新者','varchar(64)','String','updateBy','0','0','0','1','1',NULL,NULL,'EQ','input','',10,'admin','2024-04-12 10:02:57','','2024-04-12 13:12:09'),(237,21,'update_time','更新时间','datetime','Date','updateTime','0','0','0','1','1',NULL,NULL,'EQ','datetime','',11,'admin','2024-04-12 10:02:57','','2024-04-12 13:12:09'),(256,23,'id','id','bigint','Long','id','1','1','0','1',NULL,NULL,NULL,'EQ','input','',1,'admin','2024-04-12 10:37:01','',NULL),(257,23,'apply_no','单据编号','varchar(200)','String','applyNo','0','0','1','1','1','1','1','EQ','input','',2,'admin','2024-04-12 10:37:01','',NULL),(258,23,'goods_code','货品编号','varchar(200)','String','goodsCode','0','0','0','1','1','1','1','EQ','input','',3,'admin','2024-04-12 10:37:01','',NULL),(259,23,'goods_name','货品名称','varchar(200)','String','goodsName','0','0','1','1','1','1','1','LIKE','input','',4,'admin','2024-04-12 10:37:01','',NULL),(260,23,'standard','规格','varchar(200)','String','standard','0','0','1','1','1','1','1','EQ','input','',5,'admin','2024-04-12 10:37:01','',NULL),(261,23,'unit','单位','varchar(200)','String','unit','0','0','1','1','1','1','1','EQ','input','',6,'admin','2024-04-12 10:37:01','',NULL),(262,23,'number','数量','int','Long','number','0','0','1','1','1','1','1','EQ','input','',7,'admin','2024-04-12 10:37:01','',NULL),(263,23,'remark','备注','varchar(500)','String','remark','0','0','0','1','1','1',NULL,'EQ','textarea','',8,'admin','2024-04-12 10:37:01','',NULL),(264,23,'applicant','申请人账号','varchar(200)','String','applicant','0','0','1','1','1','1','1','EQ','input','',9,'admin','2024-04-12 10:37:01','',NULL),(265,23,'applicant_name','申请人','varchar(200)','String','applicantName','0','0','1','1','1','1','1','LIKE','input','',10,'admin','2024-04-12 10:37:01','',NULL),(266,23,'applicant_dept_id','领用部门id','bigint','Long','applicantDeptId','0','0','1','1','1','1','1','EQ','input','',11,'admin','2024-04-12 10:37:01','',NULL),(267,23,'applicant_dept_name','领用部门','varchar(45)','String','applicantDeptName','0','0','0','1','1','1','1','LIKE','input','',12,'admin','2024-04-12 10:37:01','',NULL),(268,23,'apply_time','申请时间','datetime','Date','applyTime','0','0','0','1','1','1','1','EQ','datetime','',13,'admin','2024-04-12 10:37:01','',NULL),(269,23,'del_flag','删除标志（0代表存在 2代表删除）','char(1)','String','delFlag','0','0','0','1',NULL,NULL,NULL,'EQ','input','',14,'admin','2024-04-12 10:37:01','',NULL),(270,23,'create_by','创建者','varchar(64)','String','createBy','0','0','0','1',NULL,NULL,NULL,'EQ','input','',15,'admin','2024-04-12 10:37:01','',NULL),(271,23,'create_time','创建时间','datetime','Date','createTime','0','0','0','1',NULL,NULL,NULL,'EQ','datetime','',16,'admin','2024-04-12 10:37:01','',NULL),(272,23,'update_by','更新者','varchar(64)','String','updateBy','0','0','0','1','1',NULL,NULL,'EQ','input','',17,'admin','2024-04-12 10:37:01','',NULL),(273,23,'update_time','更新时间','datetime','Date','updateTime','0','0','0','1','1',NULL,NULL,'EQ','datetime','',18,'admin','2024-04-12 10:37:01','',NULL),(274,24,'id','楼层编号','bigint','Long','id','1','1','0','1',NULL,NULL,NULL,'EQ','input','',1,'admin','2024-04-12 14:44:50','','2024-04-12 14:45:16'),(275,24,'floor_name','楼层名称','varchar(300)','String','floorName','0','0','1','1','1','1','1','LIKE','input','',2,'admin','2024-04-12 14:44:50','','2024-04-12 14:45:16'),(276,24,'building_id','所属建筑物','bigint','Long','buildingId','0','0','1','1','1','1','1','EQ','input','',3,'admin','2024-04-12 14:44:50','','2024-04-12 14:45:16'),(277,24,'floor_area','楼层面积','varchar(300)','String','floorArea','0','0','1','1','1','1','1','EQ','input','',4,'admin','2024-04-12 14:44:50','','2024-04-12 14:45:16'),(278,24,'room_count','房间数量','int','Integer','roomCount','0','0','1','1','1','1','1','EQ','input','',5,'admin','2024-04-12 14:44:50','','2024-04-12 14:45:16'),(279,24,'del_flag','删除标志（0代表存在 2代表删除）','char(1)','String','delFlag','0','0','0','1',NULL,NULL,NULL,'EQ','input','',6,'admin','2024-04-12 14:44:50','','2024-04-12 14:45:16'),(280,24,'create_by','创建者','varchar(64)','String','createBy','0','0','0','1',NULL,NULL,NULL,'EQ','input','',7,'admin','2024-04-12 14:44:50','','2024-04-12 14:45:16'),(281,24,'create_time','创建时间','datetime','Date','createTime','0','0','0','1',NULL,NULL,NULL,'EQ','datetime','',8,'admin','2024-04-12 14:44:50','','2024-04-12 14:45:16'),(282,24,'update_by','更新者','varchar(64)','String','updateBy','0','0','0','1','1',NULL,NULL,'EQ','input','',9,'admin','2024-04-12 14:44:50','','2024-04-12 14:45:16'),(283,24,'update_time','更新时间','datetime','Date','updateTime','0','0','0','1','1',NULL,NULL,'EQ','datetime','',10,'admin','2024-04-12 14:44:50','','2024-04-12 14:45:16'),(284,25,'id','房间编号','bigint','Long','id','1','1','0','1',NULL,NULL,NULL,'EQ','input','',1,'admin','2024-04-12 15:25:14','','2024-04-12 15:26:00'),(285,25,'room_name','房间名称','varchar(300)','String','roomName','0','0','1','1','1','1','1','LIKE','input','',2,'admin','2024-04-12 15:25:14','','2024-04-12 15:26:00'),(286,25,'building_id','所属建筑物','bigint','Long','buildingId','0','0','1','1','1','1','1','EQ','input','',3,'admin','2024-04-12 15:25:14','','2024-04-12 15:26:00'),(287,25,'room_type','房间类型','varchar(300)','String','roomType','0','0','1','1','1','1','1','EQ','select','room_type',4,'admin','2024-04-12 15:25:14','','2024-04-12 15:26:00'),(288,25,'room_area','房间面积','varchar(300)','String','roomArea','0','0','1','1','1','1','0','EQ','input','',5,'admin','2024-04-12 15:25:14','','2024-04-12 15:26:00'),(289,25,'subject','所属学科','varchar(300)','String','subject','0','0','1','1','1','1','0','EQ','input','',6,'admin','2024-04-12 15:25:14','','2024-04-12 15:26:00'),(290,25,'del_flag','删除标志（0代表存在 2代表删除）','char(1)','String','delFlag','0','0','0','1',NULL,NULL,NULL,'EQ','input','',7,'admin','2024-04-12 15:25:14','','2024-04-12 15:26:00'),(291,25,'create_by','创建者','varchar(64)','String','createBy','0','0','0','1',NULL,NULL,NULL,'EQ','input','',8,'admin','2024-04-12 15:25:14','','2024-04-12 15:26:00'),(292,25,'create_time','创建时间','datetime','Date','createTime','0','0','0','1',NULL,NULL,NULL,'EQ','datetime','',9,'admin','2024-04-12 15:25:14','','2024-04-12 15:26:00'),(293,25,'update_by','更新者','varchar(64)','String','updateBy','0','0','0','1','1',NULL,NULL,'EQ','input','',10,'admin','2024-04-12 15:25:14','','2024-04-12 15:26:00'),(294,25,'update_time','更新时间','datetime','Date','updateTime','0','0','0','1','1',NULL,NULL,'EQ','datetime','',11,'admin','2024-04-12 15:25:14','','2024-04-12 15:26:00');
/*!40000 ALTER TABLE `gen_table_column` ENABLE KEYS */;
UNLOCK TABLES;

--
-- Table structure for table `heny_key_use_apply`
--

DROP TABLE IF EXISTS `heny_key_use_apply`;
/*!40101 SET @saved_cs_client     = @@character_set_client */;
/*!50503 SET character_set_client = utf8mb4 */;
CREATE TABLE `heny_key_use_apply` (
  `id` bigint NOT NULL AUTO_INCREMENT COMMENT 'ID',
  `key_id` int DEFAULT NULL COMMENT '钥匙主键',
  `key_name` varchar(255) CHARACTER SET utf8mb4 COLLATE utf8mb4_unicode_ci DEFAULT NULL COMMENT '钥匙名称',
  `key_number` varchar(255) CHARACTER SET utf8mb4 COLLATE utf8mb4_general_ci DEFAULT NULL COMMENT '钥匙编号',
  `use_begin_time` datetime DEFAULT NULL COMMENT '借用开始时间',
  `use_end_time` datetime DEFAULT NULL COMMENT '借用结束时间',
  `use_reason` varchar(200) CHARACTER SET utf8mb4 COLLATE utf8mb4_unicode_ci DEFAULT NULL COMMENT '借用原因',
  `dept_id` bigint DEFAULT NULL COMMENT '借用部门Id',
  `dept_name` varchar(200) CHARACTER SET utf8mb4 COLLATE utf8mb4_unicode_ci DEFAULT NULL COMMENT '借用部门',
  `audit_status` varchar(45) CHARACTER SET utf8mb4 COLLATE utf8mb4_unicode_ci DEFAULT 'WAIT_SUBMIT' COMMENT '审核状态',
  `apply_type` varchar(45) COLLATE utf8mb4_unicode_ci DEFAULT NULL COMMENT '申请类型',
  `use_apply_id` varchar(45) COLLATE utf8mb4_unicode_ci DEFAULT NULL COMMENT '借用申请id',
  `submit_by` varchar(64) CHARACTER SET utf8mb4 COLLATE utf8mb4_unicode_ci DEFAULT '' COMMENT '提交人',
  `submit_time` datetime DEFAULT NULL COMMENT '提交时间',
  `dept_audit_by` varchar(64) CHARACTER SET utf8mb4 COLLATE utf8mb4_unicode_ci DEFAULT '' COMMENT '部门审核人',
  `dept_audit_time` datetime DEFAULT NULL COMMENT '部门审核时间',
  `dept_audit_content` varchar(500) CHARACTER SET utf8mb4 COLLATE utf8mb4_unicode_ci DEFAULT NULL COMMENT '部门审核意见',
  `final_audit_by` varchar(64) CHARACTER SET utf8mb4 COLLATE utf8mb4_unicode_ci DEFAULT '' COMMENT '终审人',
  `final_audit_time` datetime DEFAULT NULL COMMENT '终审时间',
  `final_audit_content` varchar(500) CHARACTER SET utf8mb4 COLLATE utf8mb4_unicode_ci DEFAULT NULL COMMENT '终审意见',
  `create_by` varchar(64) CHARACTER SET utf8mb4 COLLATE utf8mb4_unicode_ci DEFAULT '' COMMENT '创建者',
  `create_time` datetime DEFAULT NULL COMMENT '创建时间',
  `update_by` varchar(64) CHARACTER SET utf8mb4 COLLATE utf8mb4_unicode_ci DEFAULT '' COMMENT '更新者',
  `update_time` datetime DEFAULT NULL COMMENT '更新时间',
  `del_flag` char(1) CHARACTER SET utf8mb4 COLLATE utf8mb4_unicode_ci DEFAULT NULL COMMENT '删除标志',
  `del_by` varchar(64) CHARACTER SET utf8mb4 COLLATE utf8mb4_unicode_ci DEFAULT '' COMMENT '删除者',
  `del_time` datetime DEFAULT NULL COMMENT '删除时间',
  PRIMARY KEY (`id`) USING BTREE
) ENGINE=InnoDB AUTO_INCREMENT=15 DEFAULT CHARSET=utf8mb4 COLLATE=utf8mb4_unicode_ci ROW_FORMAT=DYNAMIC COMMENT='钥匙借用归还管理';
/*!40101 SET character_set_client = @saved_cs_client */;

--
-- Dumping data for table `heny_key_use_apply`
--

LOCK TABLES `heny_key_use_apply` WRITE;
/*!40000 ALTER TABLE `heny_key_use_apply` DISABLE KEYS */;
INSERT INTO `heny_key_use_apply` VALUES (13,NULL,'32','32','2024-01-30 00:00:00','2024-01-29 00:00:00','333',NULL,NULL,'WAIT_SUBMIT',NULL,NULL,'',NULL,'',NULL,NULL,'',NULL,NULL,'','2024-02-23 15:03:13','','2024-02-23 15:03:13',NULL,'',NULL),(14,NULL,'3','3','2024-02-05 00:00:00','2024-02-06 00:00:00','3',NULL,NULL,'WAIT_SUBMIT',NULL,NULL,'',NULL,'',NULL,NULL,'',NULL,NULL,'','2024-02-23 15:05:18','','2024-02-23 15:05:18',NULL,'',NULL);
/*!40000 ALTER TABLE `heny_key_use_apply` ENABLE KEYS */;
UNLOCK TABLES;

--
-- Table structure for table `sys_config`
--

DROP TABLE IF EXISTS `sys_config`;
/*!40101 SET @saved_cs_client     = @@character_set_client */;
/*!50503 SET character_set_client = utf8mb4 */;
CREATE TABLE `sys_config` (
  `config_id` int NOT NULL AUTO_INCREMENT COMMENT '参数主键',
  `config_name` varchar(100) COLLATE utf8mb4_general_ci DEFAULT '' COMMENT '参数名称',
  `config_key` varchar(100) COLLATE utf8mb4_general_ci DEFAULT '' COMMENT '参数键名',
  `config_value` varchar(500) COLLATE utf8mb4_general_ci DEFAULT '' COMMENT '参数键值',
  `config_type` char(1) COLLATE utf8mb4_general_ci DEFAULT 'N' COMMENT '系统内置（Y是 N否）',
  `create_by` varchar(64) COLLATE utf8mb4_general_ci DEFAULT '' COMMENT '创建者',
  `create_time` datetime DEFAULT NULL COMMENT '创建时间',
  `update_by` varchar(64) COLLATE utf8mb4_general_ci DEFAULT '' COMMENT '更新者',
  `update_time` datetime DEFAULT NULL COMMENT '更新时间',
  `remark` varchar(500) COLLATE utf8mb4_general_ci DEFAULT NULL COMMENT '备注',
  PRIMARY KEY (`config_id`)
) ENGINE=InnoDB AUTO_INCREMENT=100 DEFAULT CHARSET=utf8mb4 COLLATE=utf8mb4_general_ci COMMENT='参数配置表';
/*!40101 SET character_set_client = @saved_cs_client */;

--
-- Dumping data for table `sys_config`
--

LOCK TABLES `sys_config` WRITE;
/*!40000 ALTER TABLE `sys_config` DISABLE KEYS */;
INSERT INTO `sys_config` VALUES (1,'主框架页-默认皮肤样式名称','sys.index.skinName','skin-blue','Y','admin','2023-12-08 10:16:31','',NULL,'蓝色 skin-blue、绿色 skin-green、紫色 skin-purple、红色 skin-red、黄色 skin-yellow'),(2,'用户管理-账号初始密码','sys.user.initPassword','123456','Y','admin','2023-12-08 10:16:31','',NULL,'初始化密码 123456'),(3,'主框架页-侧边栏主题','sys.index.sideTheme','theme-dark','Y','admin','2023-12-08 10:16:31','',NULL,'深色主题theme-dark，浅色主题theme-light'),(4,'账号自助-验证码开关','sys.account.captchaEnabled','true','Y','admin','2023-12-08 10:16:31','',NULL,'是否开启验证码功能（true开启，false关闭）'),(5,'账号自助-是否开启用户注册功能','sys.account.registerUser','false','Y','admin','2023-12-08 10:16:31','',NULL,'是否开启注册用户功能（true开启，false关闭）'),(6,'用户登录-黑名单列表','sys.login.blackIPList','','Y','admin','2023-12-08 10:16:31','',NULL,'设置登录IP黑名单限制，多个匹配项以;分隔，支持匹配（*通配、网段）');
/*!40000 ALTER TABLE `sys_config` ENABLE KEYS */;
UNLOCK TABLES;

--
-- Table structure for table `sys_dept`
--

DROP TABLE IF EXISTS `sys_dept`;
/*!40101 SET @saved_cs_client     = @@character_set_client */;
/*!50503 SET character_set_client = utf8mb4 */;
CREATE TABLE `sys_dept` (
  `dept_id` bigint NOT NULL AUTO_INCREMENT COMMENT '部门id',
  `parent_id` bigint DEFAULT '0' COMMENT '父部门id',
  `ancestors` varchar(50) COLLATE utf8mb4_general_ci DEFAULT '' COMMENT '祖级列表',
  `dept_name` varchar(30) COLLATE utf8mb4_general_ci DEFAULT '' COMMENT '部门名称',
  `order_num` int DEFAULT '0' COMMENT '显示顺序',
  `leader` varchar(20) COLLATE utf8mb4_general_ci DEFAULT NULL COMMENT '负责人',
  `phone` varchar(11) COLLATE utf8mb4_general_ci DEFAULT NULL COMMENT '联系电话',
  `email` varchar(50) COLLATE utf8mb4_general_ci DEFAULT NULL COMMENT '邮箱',
  `status` char(1) COLLATE utf8mb4_general_ci DEFAULT '0' COMMENT '部门状态（0正常 1停用）',
  `del_flag` char(1) COLLATE utf8mb4_general_ci DEFAULT '0' COMMENT '删除标志（0代表存在 2代表删除）',
  `create_by` varchar(64) COLLATE utf8mb4_general_ci DEFAULT '' COMMENT '创建者',
  `create_time` datetime DEFAULT NULL COMMENT '创建时间',
  `update_by` varchar(64) COLLATE utf8mb4_general_ci DEFAULT '' COMMENT '更新者',
  `update_time` datetime DEFAULT NULL COMMENT '更新时间',
  PRIMARY KEY (`dept_id`)
) ENGINE=InnoDB AUTO_INCREMENT=200 DEFAULT CHARSET=utf8mb4 COLLATE=utf8mb4_general_ci COMMENT='部门表';
/*!40101 SET character_set_client = @saved_cs_client */;

--
-- Dumping data for table `sys_dept`
--

LOCK TABLES `sys_dept` WRITE;
/*!40000 ALTER TABLE `sys_dept` DISABLE KEYS */;
INSERT INTO `sys_dept` VALUES (100,0,'0','若依科技',0,'若依','15888888888','ry@qq.com','0','0','admin','2023-12-08 10:16:27','',NULL),(101,100,'0,100','深圳总公司',1,'若依','15888888888','ry@qq.com','0','0','admin','2023-12-08 10:16:27','',NULL),(102,100,'0,100','长沙分公司',2,'若依','15888888888','ry@qq.com','0','0','admin','2023-12-08 10:16:27','',NULL),(103,101,'0,100,101','研发部门',1,'若依','15888888888','ry@qq.com','0','0','admin','2023-12-08 10:16:27','',NULL),(104,101,'0,100,101','市场部门',2,'若依','15888888888','ry@qq.com','0','0','admin','2023-12-08 10:16:27','','2023-12-08 14:31:40'),(105,101,'0,100,101','测试部门',3,'若依','15888888888','ry@qq.com','0','0','admin','2023-12-08 10:16:27','',NULL),(106,101,'0,100,101','财务部门',4,'若依','15888888888','ry@qq.com','0','0','admin','2023-12-08 10:16:27','',NULL),(107,101,'0,100,101','运维部门',5,'若依','15888888888','ry@qq.com','0','0','admin','2023-12-08 10:16:27','',NULL),(108,102,'0,100,102','市场部门',1,'若依','15888888888','ry@qq.com','0','0','admin','2023-12-08 10:16:27','',NULL),(109,102,'0,100,102','财务部门',2,'若依','15888888888','ry@qq.com','0','0','admin','2023-12-08 10:16:27','',NULL);
/*!40000 ALTER TABLE `sys_dept` ENABLE KEYS */;
UNLOCK TABLES;

--
-- Table structure for table `sys_dict_data`
--

DROP TABLE IF EXISTS `sys_dict_data`;
/*!40101 SET @saved_cs_client     = @@character_set_client */;
/*!50503 SET character_set_client = utf8mb4 */;
CREATE TABLE `sys_dict_data` (
  `dict_code` bigint NOT NULL AUTO_INCREMENT COMMENT '字典编码',
  `dict_sort` int DEFAULT '0' COMMENT '字典排序',
  `dict_label` varchar(100) COLLATE utf8mb4_general_ci DEFAULT '' COMMENT '字典标签',
  `dict_value` varchar(100) COLLATE utf8mb4_general_ci DEFAULT '' COMMENT '字典键值',
  `dict_type` varchar(100) COLLATE utf8mb4_general_ci DEFAULT '' COMMENT '字典类型',
  `css_class` varchar(100) COLLATE utf8mb4_general_ci DEFAULT NULL COMMENT '样式属性（其他样式扩展）',
  `list_class` varchar(100) COLLATE utf8mb4_general_ci DEFAULT NULL COMMENT '表格回显样式',
  `is_default` char(1) COLLATE utf8mb4_general_ci DEFAULT 'N' COMMENT '是否默认（Y是 N否）',
  `status` char(1) COLLATE utf8mb4_general_ci DEFAULT '0' COMMENT '状态（0正常 1停用）',
  `create_by` varchar(64) COLLATE utf8mb4_general_ci DEFAULT '' COMMENT '创建者',
  `create_time` datetime DEFAULT NULL COMMENT '创建时间',
  `update_by` varchar(64) COLLATE utf8mb4_general_ci DEFAULT '' COMMENT '更新者',
  `update_time` datetime DEFAULT NULL COMMENT '更新时间',
  `remark` varchar(500) COLLATE utf8mb4_general_ci DEFAULT NULL COMMENT '备注',
  PRIMARY KEY (`dict_code`)
) ENGINE=InnoDB AUTO_INCREMENT=115 DEFAULT CHARSET=utf8mb4 COLLATE=utf8mb4_general_ci COMMENT='字典数据表';
/*!40101 SET character_set_client = @saved_cs_client */;

--
-- Dumping data for table `sys_dict_data`
--

LOCK TABLES `sys_dict_data` WRITE;
/*!40000 ALTER TABLE `sys_dict_data` DISABLE KEYS */;
INSERT INTO `sys_dict_data` VALUES (1,1,'男','0','sys_user_sex','','','Y','0','admin','2023-12-08 10:16:30','',NULL,'性别男'),(2,2,'女','1','sys_user_sex','','','N','0','admin','2023-12-08 10:16:30','',NULL,'性别女'),(3,3,'未知','2','sys_user_sex','','','N','0','admin','2023-12-08 10:16:30','',NULL,'性别未知'),(4,1,'显示','0','sys_show_hide','','primary','Y','0','admin','2023-12-08 10:16:30','',NULL,'显示菜单'),(5,2,'隐藏','1','sys_show_hide','','danger','N','0','admin','2023-12-08 10:16:30','',NULL,'隐藏菜单'),(6,1,'正常','0','sys_normal_disable','','primary','Y','0','admin','2023-12-08 10:16:30','',NULL,'正常状态'),(7,2,'停用','1','sys_normal_disable','','danger','N','0','admin','2023-12-08 10:16:30','',NULL,'停用状态'),(8,1,'正常','0','sys_job_status','','primary','Y','0','admin','2023-12-08 10:16:30','',NULL,'正常状态'),(9,2,'暂停','1','sys_job_status','','danger','N','0','admin','2023-12-08 10:16:30','',NULL,'停用状态'),(10,1,'默认','DEFAULT','sys_job_group','','','Y','0','admin','2023-12-08 10:16:30','',NULL,'默认分组'),(11,2,'系统','SYSTEM','sys_job_group','','','N','0','admin','2023-12-08 10:16:30','',NULL,'系统分组'),(12,1,'是','Y','sys_yes_no','','primary','Y','0','admin','2023-12-08 10:16:30','',NULL,'系统默认是'),(13,2,'否','N','sys_yes_no','','danger','N','0','admin','2023-12-08 10:16:30','',NULL,'系统默认否'),(14,1,'通知','1','sys_notice_type','','warning','Y','0','admin','2023-12-08 10:16:30','',NULL,'通知'),(15,2,'公告','2','sys_notice_type','','success','N','0','admin','2023-12-08 10:16:30','',NULL,'公告'),(16,1,'正常','0','sys_notice_status','','primary','Y','0','admin','2023-12-08 10:16:30','',NULL,'正常状态'),(17,2,'关闭','1','sys_notice_status','','danger','N','0','admin','2023-12-08 10:16:30','',NULL,'关闭状态'),(18,99,'其他','0','sys_oper_type','','info','N','0','admin','2023-12-08 10:16:30','',NULL,'其他操作'),(19,1,'新增','1','sys_oper_type','','info','N','0','admin','2023-12-08 10:16:30','',NULL,'新增操作'),(20,2,'修改','2','sys_oper_type','','info','N','0','admin','2023-12-08 10:16:30','',NULL,'修改操作'),(21,3,'删除','3','sys_oper_type','','danger','N','0','admin','2023-12-08 10:16:30','',NULL,'删除操作'),(22,4,'授权','4','sys_oper_type','','primary','N','0','admin','2023-12-08 10:16:30','',NULL,'授权操作'),(23,5,'导出','5','sys_oper_type','','warning','N','0','admin','2023-12-08 10:16:30','',NULL,'导出操作'),(24,6,'导入','6','sys_oper_type','','warning','N','0','admin','2023-12-08 10:16:30','',NULL,'导入操作'),(25,7,'强退','7','sys_oper_type','','danger','N','0','admin','2023-12-08 10:16:30','',NULL,'强退操作'),(26,8,'生成代码','8','sys_oper_type','','warning','N','0','admin','2023-12-08 10:16:30','',NULL,'生成操作'),(27,9,'清空数据','9','sys_oper_type','','danger','N','0','admin','2023-12-08 10:16:30','',NULL,'清空操作'),(28,1,'成功','0','sys_common_status','','primary','N','0','admin','2023-12-08 10:16:30','',NULL,'正常状态'),(29,2,'失败','1','sys_common_status','','danger','N','0','admin','2023-12-08 10:16:30','',NULL,'停用状态'),(100,0,'待提交','WAIT_SUBMIT','audit_status',NULL,'default','N','0','admin','2024-02-23 14:40:56','',NULL,NULL),(101,0,'待部门审核','WAIT_DEPT_AUDIT','audit_status',NULL,'default','N','0','admin','2024-02-23 14:41:24','',NULL,NULL),(102,0,'待管理员审核','WAIT_ADMIN_AUDIT','audit_status',NULL,'default','N','0','admin','2024-02-23 14:41:48','',NULL,NULL),(103,0,'审核通过','AUDIT_PASS','audit_status',NULL,'default','N','0','admin','2024-02-23 14:42:06','',NULL,NULL),(104,0,'审核不通过','AUDIT_NO_PASS','audit_status',NULL,'default','N','0','admin','2024-02-23 14:42:19','',NULL,NULL),(105,10,'综合性大学','210','school_type',NULL,'default','N','0','admin','2024-04-12 09:52:10','',NULL,NULL),(106,20,'理工类大学','220','school_type',NULL,'default','N','0','admin','2024-04-12 09:52:22','',NULL,NULL),(107,30,'艺术类院校','230','school_type',NULL,'default','N','0','admin','2024-04-12 09:52:35','',NULL,NULL),(108,10,'教学楼','210','building_type',NULL,'default','N','0','admin','2024-04-12 10:02:15','',NULL,NULL),(109,20,'实验楼','220','building_type',NULL,'default','N','0','admin','2024-04-12 10:02:37','',NULL,NULL),(111,10,'教室','210','room_type',NULL,'default','N','0','admin','2024-04-12 15:14:46','',NULL,NULL),(112,20,'实验室','220','room_type',NULL,'default','N','0','admin','2024-04-12 15:16:28','',NULL,NULL),(113,30,'办公室','230','room_type',NULL,'default','N','0','admin','2024-04-12 15:16:33','',NULL,NULL),(114,40,'会议室','240','room_type',NULL,'default','N','0','admin','2024-04-12 15:16:40','',NULL,NULL);
/*!40000 ALTER TABLE `sys_dict_data` ENABLE KEYS */;
UNLOCK TABLES;

--
-- Table structure for table `sys_dict_type`
--

DROP TABLE IF EXISTS `sys_dict_type`;
/*!40101 SET @saved_cs_client     = @@character_set_client */;
/*!50503 SET character_set_client = utf8mb4 */;
CREATE TABLE `sys_dict_type` (
  `dict_id` bigint NOT NULL AUTO_INCREMENT COMMENT '字典主键',
  `dict_name` varchar(100) COLLATE utf8mb4_general_ci DEFAULT '' COMMENT '字典名称',
  `dict_type` varchar(100) COLLATE utf8mb4_general_ci DEFAULT '' COMMENT '字典类型',
  `status` char(1) COLLATE utf8mb4_general_ci DEFAULT '0' COMMENT '状态（0正常 1停用）',
  `create_by` varchar(64) COLLATE utf8mb4_general_ci DEFAULT '' COMMENT '创建者',
  `create_time` datetime DEFAULT NULL COMMENT '创建时间',
  `update_by` varchar(64) COLLATE utf8mb4_general_ci DEFAULT '' COMMENT '更新者',
  `update_time` datetime DEFAULT NULL COMMENT '更新时间',
  `remark` varchar(500) COLLATE utf8mb4_general_ci DEFAULT NULL COMMENT '备注',
  PRIMARY KEY (`dict_id`),
  UNIQUE KEY `dict_type` (`dict_type`)
) ENGINE=InnoDB AUTO_INCREMENT=104 DEFAULT CHARSET=utf8mb4 COLLATE=utf8mb4_general_ci COMMENT='字典类型表';
/*!40101 SET character_set_client = @saved_cs_client */;

--
-- Dumping data for table `sys_dict_type`
--

LOCK TABLES `sys_dict_type` WRITE;
/*!40000 ALTER TABLE `sys_dict_type` DISABLE KEYS */;
INSERT INTO `sys_dict_type` VALUES (1,'用户性别','sys_user_sex','0','admin','2023-12-08 10:16:30','',NULL,'用户性别列表'),(2,'菜单状态','sys_show_hide','0','admin','2023-12-08 10:16:30','',NULL,'菜单状态列表'),(3,'系统开关','sys_normal_disable','0','admin','2023-12-08 10:16:30','',NULL,'系统开关列表'),(4,'任务状态','sys_job_status','0','admin','2023-12-08 10:16:30','',NULL,'任务状态列表'),(5,'任务分组','sys_job_group','0','admin','2023-12-08 10:16:30','',NULL,'任务分组列表'),(6,'系统是否','sys_yes_no','0','admin','2023-12-08 10:16:30','',NULL,'系统是否列表'),(7,'通知类型','sys_notice_type','0','admin','2023-12-08 10:16:30','',NULL,'通知类型列表'),(8,'通知状态','sys_notice_status','0','admin','2023-12-08 10:16:30','',NULL,'通知状态列表'),(9,'操作类型','sys_oper_type','0','admin','2023-12-08 10:16:30','',NULL,'操作类型列表'),(10,'系统状态','sys_common_status','0','admin','2023-12-08 10:16:30','',NULL,'登录状态列表'),(100,'审核状态','audit_status','0','admin','2024-02-23 14:40:27','',NULL,NULL),(101,'学校类型','school_type','0','admin','2024-04-12 09:43:02','',NULL,NULL),(102,'建筑类型','building_type','0','admin','2024-04-12 10:01:59','',NULL,NULL),(103,'房间类型','room_type','0','admin','2024-04-12 15:14:28','',NULL,NULL);
/*!40000 ALTER TABLE `sys_dict_type` ENABLE KEYS */;
UNLOCK TABLES;

--
-- Table structure for table `sys_job`
--

DROP TABLE IF EXISTS `sys_job`;
/*!40101 SET @saved_cs_client     = @@character_set_client */;
/*!50503 SET character_set_client = utf8mb4 */;
CREATE TABLE `sys_job` (
  `job_id` bigint NOT NULL AUTO_INCREMENT COMMENT '任务ID',
  `job_name` varchar(64) COLLATE utf8mb4_general_ci NOT NULL DEFAULT '' COMMENT '任务名称',
  `job_group` varchar(64) COLLATE utf8mb4_general_ci NOT NULL DEFAULT 'DEFAULT' COMMENT '任务组名',
  `invoke_target` varchar(500) COLLATE utf8mb4_general_ci NOT NULL COMMENT '调用目标字符串',
  `cron_expression` varchar(255) COLLATE utf8mb4_general_ci DEFAULT '' COMMENT 'cron执行表达式',
  `misfire_policy` varchar(20) COLLATE utf8mb4_general_ci DEFAULT '3' COMMENT '计划执行错误策略（1立即执行 2执行一次 3放弃执行）',
  `concurrent` char(1) COLLATE utf8mb4_general_ci DEFAULT '1' COMMENT '是否并发执行（0允许 1禁止）',
  `status` char(1) COLLATE utf8mb4_general_ci DEFAULT '0' COMMENT '状态（0正常 1暂停）',
  `create_by` varchar(64) COLLATE utf8mb4_general_ci DEFAULT '' COMMENT '创建者',
  `create_time` datetime DEFAULT NULL COMMENT '创建时间',
  `update_by` varchar(64) COLLATE utf8mb4_general_ci DEFAULT '' COMMENT '更新者',
  `update_time` datetime DEFAULT NULL COMMENT '更新时间',
  `remark` varchar(500) COLLATE utf8mb4_general_ci DEFAULT '' COMMENT '备注信息',
  PRIMARY KEY (`job_id`,`job_name`,`job_group`)
) ENGINE=InnoDB AUTO_INCREMENT=100 DEFAULT CHARSET=utf8mb4 COLLATE=utf8mb4_general_ci COMMENT='定时任务调度表';
/*!40101 SET character_set_client = @saved_cs_client */;

--
-- Dumping data for table `sys_job`
--

LOCK TABLES `sys_job` WRITE;
/*!40000 ALTER TABLE `sys_job` DISABLE KEYS */;
INSERT INTO `sys_job` VALUES (1,'系统默认（无参）','DEFAULT','ryTask.ryNoParams','0/10 * * * * ?','3','1','1','admin','2023-12-08 10:16:31','',NULL,''),(2,'系统默认（有参）','DEFAULT','ryTask.ryParams(\'ry\')','0/15 * * * * ?','3','1','1','admin','2023-12-08 10:16:31','',NULL,''),(3,'系统默认（多参）','DEFAULT','ryTask.ryMultipleParams(\'ry\', true, 2000L, 316.50D, 100)','0/20 * * * * ?','3','1','1','admin','2023-12-08 10:16:31','',NULL,'');
/*!40000 ALTER TABLE `sys_job` ENABLE KEYS */;
UNLOCK TABLES;

--
-- Table structure for table `sys_job_log`
--

DROP TABLE IF EXISTS `sys_job_log`;
/*!40101 SET @saved_cs_client     = @@character_set_client */;
/*!50503 SET character_set_client = utf8mb4 */;
CREATE TABLE `sys_job_log` (
  `job_log_id` bigint NOT NULL AUTO_INCREMENT COMMENT '任务日志ID',
  `job_name` varchar(64) COLLATE utf8mb4_general_ci NOT NULL COMMENT '任务名称',
  `job_group` varchar(64) COLLATE utf8mb4_general_ci NOT NULL COMMENT '任务组名',
  `invoke_target` varchar(500) COLLATE utf8mb4_general_ci NOT NULL COMMENT '调用目标字符串',
  `job_message` varchar(500) COLLATE utf8mb4_general_ci DEFAULT NULL COMMENT '日志信息',
  `status` char(1) COLLATE utf8mb4_general_ci DEFAULT '0' COMMENT '执行状态（0正常 1失败）',
  `exception_info` varchar(2000) COLLATE utf8mb4_general_ci DEFAULT '' COMMENT '异常信息',
  `create_time` datetime DEFAULT NULL COMMENT '创建时间',
  PRIMARY KEY (`job_log_id`)
) ENGINE=InnoDB DEFAULT CHARSET=utf8mb4 COLLATE=utf8mb4_general_ci COMMENT='定时任务调度日志表';
/*!40101 SET character_set_client = @saved_cs_client */;

--
-- Dumping data for table `sys_job_log`
--

LOCK TABLES `sys_job_log` WRITE;
/*!40000 ALTER TABLE `sys_job_log` DISABLE KEYS */;
/*!40000 ALTER TABLE `sys_job_log` ENABLE KEYS */;
UNLOCK TABLES;

--
-- Table structure for table `sys_logininfor`
--

DROP TABLE IF EXISTS `sys_logininfor`;
/*!40101 SET @saved_cs_client     = @@character_set_client */;
/*!50503 SET character_set_client = utf8mb4 */;
CREATE TABLE `sys_logininfor` (
  `info_id` bigint NOT NULL AUTO_INCREMENT COMMENT '访问ID',
  `user_name` varchar(50) COLLATE utf8mb4_general_ci DEFAULT '' COMMENT '用户账号',
  `ipaddr` varchar(128) COLLATE utf8mb4_general_ci DEFAULT '' COMMENT '登录IP地址',
  `login_location` varchar(255) COLLATE utf8mb4_general_ci DEFAULT '' COMMENT '登录地点',
  `browser` varchar(50) COLLATE utf8mb4_general_ci DEFAULT '' COMMENT '浏览器类型',
  `os` varchar(50) COLLATE utf8mb4_general_ci DEFAULT '' COMMENT '操作系统',
  `status` char(1) COLLATE utf8mb4_general_ci DEFAULT '0' COMMENT '登录状态（0成功 1失败）',
  `msg` varchar(255) COLLATE utf8mb4_general_ci DEFAULT '' COMMENT '提示消息',
  `login_time` datetime DEFAULT NULL COMMENT '访问时间',
  PRIMARY KEY (`info_id`),
  KEY `idx_sys_logininfor_s` (`status`),
  KEY `idx_sys_logininfor_lt` (`login_time`)
) ENGINE=InnoDB AUTO_INCREMENT=115 DEFAULT CHARSET=utf8mb4 COLLATE=utf8mb4_general_ci COMMENT='系统访问记录';
/*!40101 SET character_set_client = @saved_cs_client */;

--
-- Dumping data for table `sys_logininfor`
--

LOCK TABLES `sys_logininfor` WRITE;
/*!40000 ALTER TABLE `sys_logininfor` DISABLE KEYS */;
INSERT INTO `sys_logininfor` VALUES (100,'admin','127.0.0.1','内网IP','Firefox 11','Windows 10','0','登录成功','2023-12-08 10:24:14'),(101,'admin','127.0.0.1','内网IP','Firefox 11','Windows 10','0','登录成功','2023-12-08 13:25:24'),(102,'admin','127.0.0.1','内网IP','Firefox 11','Windows 10','0','登录成功','2023-12-08 14:09:07'),(103,'admin','127.0.0.1','内网IP','Firefox 12','Windows 10','0','登录成功','2023-12-12 08:59:22'),(104,'admin','127.0.0.1','内网IP','Firefox 12','Windows 10','0','登录成功','2023-12-12 13:05:41'),(105,'admin','127.0.0.1','内网IP','Firefox 12','Windows 10','0','登录成功','2023-12-12 13:38:32'),(106,'admin','127.0.0.1','内网IP','Firefox 12','Windows 10','0','登录成功','2024-04-12 09:33:03'),(107,'admin','127.0.0.1','内网IP','Firefox 12','Windows 10','0','登录成功','2024-04-12 13:10:22'),(108,'admin','127.0.0.1','内网IP','Firefox 12','Windows 10','0','登录成功','2024-04-12 14:29:08'),(109,'admin','127.0.0.1','内网IP','Chrome 8','Windows 10','0','登录成功','2024-04-13 10:11:40'),(110,'admin','127.0.0.1','内网IP','Chrome 8','Windows 10','0','退出成功','2024-04-13 10:24:23'),(111,'admin','127.0.0.1','内网IP','Chrome 8','Windows 10','0','登录成功','2024-04-13 10:24:44'),(112,'admin','127.0.0.1','内网IP','Chrome 8','Windows 10','0','退出成功','2024-04-13 10:25:44'),(113,'admin','127.0.0.1','内网IP','Chrome 8','Windows 10','0','登录成功','2024-04-13 10:25:54'),(114,'admin','127.0.0.1','内网IP','Chrome 8','Windows 10','0','登录成功','2024-04-13 11:36:26');
/*!40000 ALTER TABLE `sys_logininfor` ENABLE KEYS */;
UNLOCK TABLES;

--
-- Table structure for table `sys_menu`
--

DROP TABLE IF EXISTS `sys_menu`;
/*!40101 SET @saved_cs_client     = @@character_set_client */;
/*!50503 SET character_set_client = utf8mb4 */;
CREATE TABLE `sys_menu` (
  `menu_id` bigint NOT NULL AUTO_INCREMENT COMMENT '菜单ID',
  `menu_name` varchar(50) COLLATE utf8mb4_general_ci NOT NULL COMMENT '菜单名称',
  `parent_id` bigint DEFAULT '0' COMMENT '父菜单ID',
  `order_num` int DEFAULT '0' COMMENT '显示顺序',
  `path` varchar(200) COLLATE utf8mb4_general_ci DEFAULT '' COMMENT '路由地址',
  `component` varchar(255) COLLATE utf8mb4_general_ci DEFAULT NULL COMMENT '组件路径',
  `query` varchar(255) COLLATE utf8mb4_general_ci DEFAULT NULL COMMENT '路由参数',
  `is_frame` int DEFAULT '1' COMMENT '是否为外链（0是 1否）',
  `is_cache` int DEFAULT '0' COMMENT '是否缓存（0缓存 1不缓存）',
  `menu_type` char(1) COLLATE utf8mb4_general_ci DEFAULT '' COMMENT '菜单类型（M目录 C菜单 F按钮）',
  `visible` char(1) COLLATE utf8mb4_general_ci DEFAULT '0' COMMENT '菜单状态（0显示 1隐藏）',
  `status` char(1) COLLATE utf8mb4_general_ci DEFAULT '0' COMMENT '菜单状态（0正常 1停用）',
  `perms` varchar(100) COLLATE utf8mb4_general_ci DEFAULT NULL COMMENT '权限标识',
  `icon` varchar(100) COLLATE utf8mb4_general_ci DEFAULT '#' COMMENT '菜单图标',
  `create_by` varchar(64) COLLATE utf8mb4_general_ci DEFAULT '' COMMENT '创建者',
  `create_time` datetime DEFAULT NULL COMMENT '创建时间',
  `update_by` varchar(64) COLLATE utf8mb4_general_ci DEFAULT '' COMMENT '更新者',
  `update_time` datetime DEFAULT NULL COMMENT '更新时间',
  `remark` varchar(500) COLLATE utf8mb4_general_ci DEFAULT '' COMMENT '备注',
  PRIMARY KEY (`menu_id`)
) ENGINE=InnoDB AUTO_INCREMENT=2049 DEFAULT CHARSET=utf8mb4 COLLATE=utf8mb4_general_ci COMMENT='菜单权限表';
/*!40101 SET character_set_client = @saved_cs_client */;

--
-- Dumping data for table `sys_menu`
--

LOCK TABLES `sys_menu` WRITE;
/*!40000 ALTER TABLE `sys_menu` DISABLE KEYS */;
INSERT INTO `sys_menu` VALUES (1,'系统管理',0,1,'system',NULL,'',1,0,'M','0','0','','system','admin','2023-12-08 10:16:28','',NULL,'系统管理目录'),(2,'系统监控',0,2,'monitor',NULL,'',1,0,'M','1','0','','monitor','admin','2023-12-08 10:16:28','admin','2024-04-12 15:39:49','系统监控目录'),(3,'系统工具',0,3,'tool',NULL,'',1,0,'M','1','0','','tool','admin','2023-12-08 10:16:28','admin','2024-04-12 15:40:29','系统工具目录'),(4,'若依官网',0,4,'http://ruoyi.vip',NULL,'',0,0,'M','1','0','','guide','admin','2023-12-08 10:16:28','admin','2024-04-12 15:39:33','若依官网地址'),(100,'用户管理',1,1,'user','system/user/index','',1,0,'C','0','0','system:user:list','user','admin','2023-12-08 10:16:28','',NULL,'用户管理菜单'),(101,'角色管理',1,2,'role','system/role/index','',1,0,'C','0','0','system:role:list','peoples','admin','2023-12-08 10:16:28','',NULL,'角色管理菜单'),(102,'菜单管理',1,3,'menu','system/menu/index','',1,0,'C','0','0','system:menu:list','tree-table','admin','2023-12-08 10:16:28','',NULL,'菜单管理菜单'),(103,'部门管理',1,4,'dept','system/dept/index','',1,0,'C','0','0','system:dept:list','tree','admin','2023-12-08 10:16:28','',NULL,'部门管理菜单'),(104,'岗位管理',1,5,'post','system/post/index','',1,0,'C','1','0','system:post:list','post','admin','2023-12-08 10:16:28','admin','2024-04-12 15:40:16','岗位管理菜单'),(105,'字典管理',1,6,'dict','system/dict/index','',1,0,'C','0','0','system:dict:list','dict','admin','2023-12-08 10:16:28','',NULL,'字典管理菜单'),(106,'参数设置',1,7,'config','system/config/index','',1,0,'C','1','0','system:config:list','edit','admin','2023-12-08 10:16:28','admin','2024-04-12 15:40:09','参数设置菜单'),(107,'通知公告',1,8,'notice','system/notice/index','',1,0,'C','1','0','system:notice:list','message','admin','2023-12-08 10:16:28','admin','2024-04-12 15:40:03','通知公告菜单'),(108,'日志管理',1,9,'log','','',1,0,'M','1','0','','log','admin','2023-12-08 10:16:28','admin','2024-04-12 15:39:58','日志管理菜单'),(109,'在线用户',2,1,'online','monitor/online/index','',1,0,'C','0','0','monitor:online:list','online','admin','2023-12-08 10:16:28','',NULL,'在线用户菜单'),(110,'定时任务',2,2,'job','monitor/job/index','',1,0,'C','0','0','monitor:job:list','job','admin','2023-12-08 10:16:28','',NULL,'定时任务菜单'),(111,'数据监控',2,3,'druid','monitor/druid/index','',1,0,'C','0','0','monitor:druid:list','druid','admin','2023-12-08 10:16:28','',NULL,'数据监控菜单'),(112,'服务监控',2,4,'server','monitor/server/index','',1,0,'C','0','0','monitor:server:list','server','admin','2023-12-08 10:16:28','',NULL,'服务监控菜单'),(113,'缓存监控',2,5,'cache','monitor/cache/index','',1,0,'C','0','0','monitor:cache:list','redis','admin','2023-12-08 10:16:28','',NULL,'缓存监控菜单'),(114,'缓存列表',2,6,'cacheList','monitor/cache/list','',1,0,'C','0','0','monitor:cache:list','redis-list','admin','2023-12-08 10:16:28','',NULL,'缓存列表菜单'),(115,'表单构建',3,1,'build','tool/build/index','',1,0,'C','1','0','tool:build:list','build','admin','2023-12-08 10:16:28','admin','2024-04-12 15:39:40','表单构建菜单'),(116,'代码生成',3,2,'gen','tool/gen/index','',1,0,'C','0','0','tool:gen:list','code','admin','2023-12-08 10:16:28','',NULL,'代码生成菜单'),(117,'系统接口',3,3,'swagger','tool/swagger/index','',1,0,'C','1','0','tool:swagger:list','swagger','admin','2023-12-08 10:16:28','admin','2024-04-12 15:39:44','系统接口菜单'),(500,'操作日志',108,1,'operlog','monitor/operlog/index','',1,0,'C','0','0','monitor:operlog:list','form','admin','2023-12-08 10:16:28','',NULL,'操作日志菜单'),(501,'登录日志',108,2,'logininfor','monitor/logininfor/index','',1,0,'C','0','0','monitor:logininfor:list','logininfor','admin','2023-12-08 10:16:28','',NULL,'登录日志菜单'),(1000,'用户查询',100,1,'','','',1,0,'F','0','0','system:user:query','#','admin','2023-12-08 10:16:28','',NULL,''),(1001,'用户新增',100,2,'','','',1,0,'F','0','0','system:user:add','#','admin','2023-12-08 10:16:28','',NULL,''),(1002,'用户修改',100,3,'','','',1,0,'F','0','0','system:user:edit','#','admin','2023-12-08 10:16:28','',NULL,''),(1003,'用户删除',100,4,'','','',1,0,'F','0','0','system:user:remove','#','admin','2023-12-08 10:16:28','',NULL,''),(1004,'用户导出',100,5,'','','',1,0,'F','0','0','system:user:export','#','admin','2023-12-08 10:16:28','',NULL,''),(1005,'用户导入',100,6,'','','',1,0,'F','0','0','system:user:import','#','admin','2023-12-08 10:16:28','',NULL,''),(1006,'重置密码',100,7,'','','',1,0,'F','0','0','system:user:resetPwd','#','admin','2023-12-08 10:16:28','',NULL,''),(1007,'角色查询',101,1,'','','',1,0,'F','0','0','system:role:query','#','admin','2023-12-08 10:16:28','',NULL,''),(1008,'角色新增',101,2,'','','',1,0,'F','0','0','system:role:add','#','admin','2023-12-08 10:16:28','',NULL,''),(1009,'角色修改',101,3,'','','',1,0,'F','0','0','system:role:edit','#','admin','2023-12-08 10:16:28','',NULL,''),(1010,'角色删除',101,4,'','','',1,0,'F','0','0','system:role:remove','#','admin','2023-12-08 10:16:28','',NULL,''),(1011,'角色导出',101,5,'','','',1,0,'F','0','0','system:role:export','#','admin','2023-12-08 10:16:28','',NULL,''),(1012,'菜单查询',102,1,'','','',1,0,'F','0','0','system:menu:query','#','admin','2023-12-08 10:16:28','',NULL,''),(1013,'菜单新增',102,2,'','','',1,0,'F','0','0','system:menu:add','#','admin','2023-12-08 10:16:28','',NULL,''),(1014,'菜单修改',102,3,'','','',1,0,'F','0','0','system:menu:edit','#','admin','2023-12-08 10:16:28','',NULL,''),(1015,'菜单删除',102,4,'','','',1,0,'F','0','0','system:menu:remove','#','admin','2023-12-08 10:16:28','',NULL,''),(1016,'部门查询',103,1,'','','',1,0,'F','0','0','system:dept:query','#','admin','2023-12-08 10:16:28','',NULL,''),(1017,'部门新增',103,2,'','','',1,0,'F','0','0','system:dept:add','#','admin','2023-12-08 10:16:28','',NULL,''),(1018,'部门修改',103,3,'','','',1,0,'F','0','0','system:dept:edit','#','admin','2023-12-08 10:16:28','',NULL,''),(1019,'部门删除',103,4,'','','',1,0,'F','0','0','system:dept:remove','#','admin','2023-12-08 10:16:28','',NULL,''),(1020,'岗位查询',104,1,'','','',1,0,'F','0','0','system:post:query','#','admin','2023-12-08 10:16:28','',NULL,''),(1021,'岗位新增',104,2,'','','',1,0,'F','0','0','system:post:add','#','admin','2023-12-08 10:16:28','',NULL,''),(1022,'岗位修改',104,3,'','','',1,0,'F','0','0','system:post:edit','#','admin','2023-12-08 10:16:28','',NULL,''),(1023,'岗位删除',104,4,'','','',1,0,'F','0','0','system:post:remove','#','admin','2023-12-08 10:16:28','',NULL,''),(1024,'岗位导出',104,5,'','','',1,0,'F','0','0','system:post:export','#','admin','2023-12-08 10:16:28','',NULL,''),(1025,'字典查询',105,1,'#','','',1,0,'F','0','0','system:dict:query','#','admin','2023-12-08 10:16:28','',NULL,''),(1026,'字典新增',105,2,'#','','',1,0,'F','0','0','system:dict:add','#','admin','2023-12-08 10:16:28','',NULL,''),(1027,'字典修改',105,3,'#','','',1,0,'F','0','0','system:dict:edit','#','admin','2023-12-08 10:16:28','',NULL,''),(1028,'字典删除',105,4,'#','','',1,0,'F','0','0','system:dict:remove','#','admin','2023-12-08 10:16:28','',NULL,''),(1029,'字典导出',105,5,'#','','',1,0,'F','0','0','system:dict:export','#','admin','2023-12-08 10:16:28','',NULL,''),(1030,'参数查询',106,1,'#','','',1,0,'F','0','0','system:config:query','#','admin','2023-12-08 10:16:28','',NULL,''),(1031,'参数新增',106,2,'#','','',1,0,'F','0','0','system:config:add','#','admin','2023-12-08 10:16:28','',NULL,''),(1032,'参数修改',106,3,'#','','',1,0,'F','0','0','system:config:edit','#','admin','2023-12-08 10:16:28','',NULL,''),(1033,'参数删除',106,4,'#','','',1,0,'F','0','0','system:config:remove','#','admin','2023-12-08 10:16:28','',NULL,''),(1034,'参数导出',106,5,'#','','',1,0,'F','0','0','system:config:export','#','admin','2023-12-08 10:16:28','',NULL,''),(1035,'公告查询',107,1,'#','','',1,0,'F','0','0','system:notice:query','#','admin','2023-12-08 10:16:28','',NULL,''),(1036,'公告新增',107,2,'#','','',1,0,'F','0','0','system:notice:add','#','admin','2023-12-08 10:16:28','',NULL,''),(1037,'公告修改',107,3,'#','','',1,0,'F','0','0','system:notice:edit','#','admin','2023-12-08 10:16:28','',NULL,''),(1038,'公告删除',107,4,'#','','',1,0,'F','0','0','system:notice:remove','#','admin','2023-12-08 10:16:28','',NULL,''),(1039,'操作查询',500,1,'#','','',1,0,'F','0','0','monitor:operlog:query','#','admin','2023-12-08 10:16:28','',NULL,''),(1040,'操作删除',500,2,'#','','',1,0,'F','0','0','monitor:operlog:remove','#','admin','2023-12-08 10:16:28','',NULL,''),(1041,'日志导出',500,3,'#','','',1,0,'F','0','0','monitor:operlog:export','#','admin','2023-12-08 10:16:28','',NULL,''),(1042,'登录查询',501,1,'#','','',1,0,'F','0','0','monitor:logininfor:query','#','admin','2023-12-08 10:16:28','',NULL,''),(1043,'登录删除',501,2,'#','','',1,0,'F','0','0','monitor:logininfor:remove','#','admin','2023-12-08 10:16:28','',NULL,''),(1044,'日志导出',501,3,'#','','',1,0,'F','0','0','monitor:logininfor:export','#','admin','2023-12-08 10:16:28','',NULL,''),(1045,'账户解锁',501,4,'#','','',1,0,'F','0','0','monitor:logininfor:unlock','#','admin','2023-12-08 10:16:28','',NULL,''),(1046,'在线查询',109,1,'#','','',1,0,'F','0','0','monitor:online:query','#','admin','2023-12-08 10:16:28','',NULL,''),(1047,'批量强退',109,2,'#','','',1,0,'F','0','0','monitor:online:batchLogout','#','admin','2023-12-08 10:16:28','',NULL,''),(1048,'单条强退',109,3,'#','','',1,0,'F','0','0','monitor:online:forceLogout','#','admin','2023-12-08 10:16:28','',NULL,''),(1049,'任务查询',110,1,'#','','',1,0,'F','0','0','monitor:job:query','#','admin','2023-12-08 10:16:28','',NULL,''),(1050,'任务新增',110,2,'#','','',1,0,'F','0','0','monitor:job:add','#','admin','2023-12-08 10:16:28','',NULL,''),(1051,'任务修改',110,3,'#','','',1,0,'F','0','0','monitor:job:edit','#','admin','2023-12-08 10:16:28','',NULL,''),(1052,'任务删除',110,4,'#','','',1,0,'F','0','0','monitor:job:remove','#','admin','2023-12-08 10:16:29','',NULL,''),(1053,'状态修改',110,5,'#','','',1,0,'F','0','0','monitor:job:changeStatus','#','admin','2023-12-08 10:16:29','',NULL,''),(1054,'任务导出',110,6,'#','','',1,0,'F','0','0','monitor:job:export','#','admin','2023-12-08 10:16:29','',NULL,''),(1055,'生成查询',116,1,'#','','',1,0,'F','0','0','tool:gen:query','#','admin','2023-12-08 10:16:29','',NULL,''),(1056,'生成修改',116,2,'#','','',1,0,'F','0','0','tool:gen:edit','#','admin','2023-12-08 10:16:29','',NULL,''),(1057,'生成删除',116,3,'#','','',1,0,'F','0','0','tool:gen:remove','#','admin','2023-12-08 10:16:29','',NULL,''),(1058,'导入代码',116,4,'#','','',1,0,'F','0','0','tool:gen:import','#','admin','2023-12-08 10:16:29','',NULL,''),(1059,'预览代码',116,5,'#','','',1,0,'F','0','0','tool:gen:preview','#','admin','2023-12-08 10:16:29','',NULL,''),(1060,'生成代码',116,6,'#','','',1,0,'F','0','0','tool:gen:code','#','admin','2023-12-08 10:16:29','',NULL,''),(2000,'高校建筑面积指标',0,0,'/test',NULL,NULL,1,0,'M','0','0','','button','admin','2023-12-08 11:34:11','admin','2024-04-13 11:37:02',''),(2025,'学校管理',2000,1,'school','autoee/school/index',NULL,1,0,'C','0','0','autoee:school:list','#','admin','2024-04-12 09:54:34','',NULL,'学校管理菜单'),(2026,'学校管理查询',2025,1,'#','',NULL,1,0,'F','0','0','autoee:school:query','#','admin','2024-04-12 09:54:34','',NULL,''),(2027,'学校管理新增',2025,2,'#','',NULL,1,0,'F','0','0','autoee:school:add','#','admin','2024-04-12 09:54:34','',NULL,''),(2028,'学校管理修改',2025,3,'#','',NULL,1,0,'F','0','0','autoee:school:edit','#','admin','2024-04-12 09:54:34','',NULL,''),(2029,'学校管理删除',2025,4,'#','',NULL,1,0,'F','0','0','autoee:school:remove','#','admin','2024-04-12 09:54:34','',NULL,''),(2030,'学校管理导出',2025,5,'#','',NULL,1,0,'F','0','0','autoee:school:export','#','admin','2024-04-12 09:54:34','',NULL,''),(2031,'建筑物管理',2000,1,'building','autoee/building/index',NULL,1,0,'C','0','0','autoee:building:list','#','admin','2024-04-12 10:04:12','',NULL,'建筑物管理菜单'),(2032,'建筑物管理查询',2031,1,'#','',NULL,1,0,'F','0','0','autoee:building:query','#','admin','2024-04-12 10:04:12','',NULL,''),(2033,'建筑物管理新增',2031,2,'#','',NULL,1,0,'F','0','0','autoee:building:add','#','admin','2024-04-12 10:04:12','',NULL,''),(2034,'建筑物管理修改',2031,3,'#','',NULL,1,0,'F','0','0','autoee:building:edit','#','admin','2024-04-12 10:04:12','',NULL,''),(2035,'建筑物管理删除',2031,4,'#','',NULL,1,0,'F','0','0','autoee:building:remove','#','admin','2024-04-12 10:04:12','',NULL,''),(2036,'建筑物管理导出',2031,5,'#','',NULL,1,0,'F','0','0','autoee:building:export','#','admin','2024-04-12 10:04:12','',NULL,''),(2037,'楼层管理',2000,1,'floor','autoee/floor/index',NULL,1,0,'C','0','0','autoee:floor:list','#','admin','2024-04-12 14:45:40','',NULL,'楼层管理菜单'),(2038,'楼层管理查询',2037,1,'#','',NULL,1,0,'F','0','0','autoee:floor:query','#','admin','2024-04-12 14:45:40','',NULL,''),(2039,'楼层管理新增',2037,2,'#','',NULL,1,0,'F','0','0','autoee:floor:add','#','admin','2024-04-12 14:45:40','',NULL,''),(2040,'楼层管理修改',2037,3,'#','',NULL,1,0,'F','0','0','autoee:floor:edit','#','admin','2024-04-12 14:45:40','',NULL,''),(2041,'楼层管理删除',2037,4,'#','',NULL,1,0,'F','0','0','autoee:floor:remove','#','admin','2024-04-12 14:45:40','',NULL,''),(2042,'楼层管理导出',2037,5,'#','',NULL,1,0,'F','0','0','autoee:floor:export','#','admin','2024-04-12 14:45:40','',NULL,''),(2043,'房间管理',2000,1,'room','autoee/room/index',NULL,1,0,'C','0','0','autoee:room:list','#','admin','2024-04-12 15:26:16','',NULL,'房间管理菜单'),(2044,'房间管理查询',2043,1,'#','',NULL,1,0,'F','0','0','autoee:room:query','#','admin','2024-04-12 15:26:16','',NULL,''),(2045,'房间管理新增',2043,2,'#','',NULL,1,0,'F','0','0','autoee:room:add','#','admin','2024-04-12 15:26:16','',NULL,''),(2046,'房间管理修改',2043,3,'#','',NULL,1,0,'F','0','0','autoee:room:edit','#','admin','2024-04-12 15:26:16','',NULL,''),(2047,'房间管理删除',2043,4,'#','',NULL,1,0,'F','0','0','autoee:room:remove','#','admin','2024-04-12 15:26:16','',NULL,''),(2048,'房间管理导出',2043,5,'#','',NULL,1,0,'F','0','0','autoee:room:export','#','admin','2024-04-12 15:26:16','',NULL,'');
/*!40000 ALTER TABLE `sys_menu` ENABLE KEYS */;
UNLOCK TABLES;

--
-- Table structure for table `sys_notice`
--

DROP TABLE IF EXISTS `sys_notice`;
/*!40101 SET @saved_cs_client     = @@character_set_client */;
/*!50503 SET character_set_client = utf8mb4 */;
CREATE TABLE `sys_notice` (
  `notice_id` int NOT NULL AUTO_INCREMENT COMMENT '公告ID',
  `notice_title` varchar(50) COLLATE utf8mb4_general_ci NOT NULL COMMENT '公告标题',
  `notice_type` char(1) COLLATE utf8mb4_general_ci NOT NULL COMMENT '公告类型（1通知 2公告）',
  `notice_content` longblob COMMENT '公告内容',
  `status` char(1) COLLATE utf8mb4_general_ci DEFAULT '0' COMMENT '公告状态（0正常 1关闭）',
  `create_by` varchar(64) COLLATE utf8mb4_general_ci DEFAULT '' COMMENT '创建者',
  `create_time` datetime DEFAULT NULL COMMENT '创建时间',
  `update_by` varchar(64) COLLATE utf8mb4_general_ci DEFAULT '' COMMENT '更新者',
  `update_time` datetime DEFAULT NULL COMMENT '更新时间',
  `remark` varchar(255) COLLATE utf8mb4_general_ci DEFAULT NULL COMMENT '备注',
  PRIMARY KEY (`notice_id`)
) ENGINE=InnoDB AUTO_INCREMENT=10 DEFAULT CHARSET=utf8mb4 COLLATE=utf8mb4_general_ci COMMENT='通知公告表';
/*!40101 SET character_set_client = @saved_cs_client */;

--
-- Dumping data for table `sys_notice`
--

LOCK TABLES `sys_notice` WRITE;
/*!40000 ALTER TABLE `sys_notice` DISABLE KEYS */;
INSERT INTO `sys_notice` VALUES (1,'温馨提醒：2018-07-01 若依新版本发布啦','2',_binary '新版本内容','0','admin','2023-12-08 10:16:31','',NULL,'管理员'),(2,'维护通知：2018-07-01 若依系统凌晨维护','1',_binary '维护内容','0','admin','2023-12-08 10:16:31','',NULL,'管理员');
/*!40000 ALTER TABLE `sys_notice` ENABLE KEYS */;
UNLOCK TABLES;

--
-- Table structure for table `sys_oper_log`
--

DROP TABLE IF EXISTS `sys_oper_log`;
/*!40101 SET @saved_cs_client     = @@character_set_client */;
/*!50503 SET character_set_client = utf8mb4 */;
CREATE TABLE `sys_oper_log` (
  `oper_id` bigint NOT NULL AUTO_INCREMENT COMMENT '日志主键',
  `title` varchar(50) COLLATE utf8mb4_general_ci DEFAULT '' COMMENT '模块标题',
  `business_type` int DEFAULT '0' COMMENT '业务类型（0其它 1新增 2修改 3删除）',
  `method` varchar(100) COLLATE utf8mb4_general_ci DEFAULT '' COMMENT '方法名称',
  `request_method` varchar(10) COLLATE utf8mb4_general_ci DEFAULT '' COMMENT '请求方式',
  `operator_type` int DEFAULT '0' COMMENT '操作类别（0其它 1后台用户 2手机端用户）',
  `oper_name` varchar(50) COLLATE utf8mb4_general_ci DEFAULT '' COMMENT '操作人员',
  `dept_name` varchar(50) COLLATE utf8mb4_general_ci DEFAULT '' COMMENT '部门名称',
  `oper_url` varchar(255) COLLATE utf8mb4_general_ci DEFAULT '' COMMENT '请求URL',
  `oper_ip` varchar(128) COLLATE utf8mb4_general_ci DEFAULT '' COMMENT '主机地址',
  `oper_location` varchar(255) COLLATE utf8mb4_general_ci DEFAULT '' COMMENT '操作地点',
  `oper_param` varchar(2000) COLLATE utf8mb4_general_ci DEFAULT '' COMMENT '请求参数',
  `json_result` varchar(2000) COLLATE utf8mb4_general_ci DEFAULT '' COMMENT '返回参数',
  `status` int DEFAULT '0' COMMENT '操作状态（0正常 1异常）',
  `error_msg` varchar(2000) COLLATE utf8mb4_general_ci DEFAULT '' COMMENT '错误消息',
  `oper_time` datetime DEFAULT NULL COMMENT '操作时间',
  `cost_time` bigint DEFAULT '0' COMMENT '消耗时间',
  PRIMARY KEY (`oper_id`),
  KEY `idx_sys_oper_log_bt` (`business_type`),
  KEY `idx_sys_oper_log_s` (`status`),
  KEY `idx_sys_oper_log_ot` (`oper_time`)
) ENGINE=InnoDB AUTO_INCREMENT=306 DEFAULT CHARSET=utf8mb4 COLLATE=utf8mb4_general_ci COMMENT='操作日志记录';
/*!40101 SET character_set_client = @saved_cs_client */;

--
-- Dumping data for table `sys_oper_log`
--

LOCK TABLES `sys_oper_log` WRITE;
/*!40000 ALTER TABLE `sys_oper_log` DISABLE KEYS */;
INSERT INTO `sys_oper_log` VALUES (100,'代码生成',6,'com.ruoyi.generator.controller.GenController.importTableSave()','POST',1,'admin','研发部门','/tool/gen/importTable','127.0.0.1','内网IP','{\"tables\":\"sys_dict_data\"}','{\"msg\":\"操作成功\",\"code\":200}',0,NULL,'2023-12-08 10:24:38',386),(101,'代码生成',6,'com.ruoyi.generator.controller.GenController.importTableSave()','POST',1,'admin','研发部门','/tool/gen/importTable','127.0.0.1','内网IP','{\"tables\":\"sys_dept\"}','{\"msg\":\"操作成功\",\"code\":200}',0,NULL,'2023-12-08 10:25:40',339),(102,'代码生成',2,'com.ruoyi.generator.controller.GenController.editSave()','PUT',1,'admin','研发部门','/tool/gen','127.0.0.1','内网IP','{\"businessName\":\"autoeeDept\",\"className\":\"SysDept\",\"columns\":[{\"capJavaField\":\"DeptId\",\"columnComment\":\"部门id\",\"columnId\":15,\"columnName\":\"dept_id\",\"columnType\":\"bigint\",\"createBy\":\"admin\",\"createTime\":\"2023-12-08 10:25:40\",\"dictType\":\"\",\"edit\":false,\"htmlType\":\"input\",\"increment\":true,\"insert\":true,\"isIncrement\":\"1\",\"isInsert\":\"1\",\"isPk\":\"1\",\"isRequired\":\"0\",\"javaField\":\"deptId\",\"javaType\":\"Long\",\"list\":false,\"params\":{},\"pk\":true,\"query\":false,\"queryType\":\"EQ\",\"required\":false,\"sort\":1,\"superColumn\":false,\"tableId\":2,\"updateBy\":\"\",\"usableColumn\":false},{\"capJavaField\":\"ParentId\",\"columnComment\":\"父部门id\",\"columnId\":16,\"columnName\":\"parent_id\",\"columnType\":\"bigint\",\"createBy\":\"admin\",\"createTime\":\"2023-12-08 10:25:40\",\"dictType\":\"\",\"edit\":true,\"htmlType\":\"input\",\"increment\":false,\"insert\":true,\"isEdit\":\"1\",\"isIncrement\":\"0\",\"isInsert\":\"1\",\"isList\":\"1\",\"isPk\":\"0\",\"isQuery\":\"1\",\"isRequired\":\"0\",\"javaField\":\"parentId\",\"javaType\":\"Long\",\"list\":true,\"params\":{},\"pk\":false,\"query\":true,\"queryType\":\"EQ\",\"required\":false,\"sort\":2,\"superColumn\":true,\"tableId\":2,\"updateBy\":\"\",\"usableColumn\":true},{\"capJavaField\":\"Ancestors\",\"columnComment\":\"祖级列表\",\"columnId\":17,\"columnName\":\"ancestors\",\"columnType\":\"varchar(50)\",\"createBy\":\"admin\",\"createTime\":\"2023-12-08 10:25:40\",\"dictType\":\"\",\"edit\":true,\"htmlType\":\"input\",\"increment\":false,\"insert\":true,\"isEdit\":\"1\",\"isIncrement\":\"0\",\"isInsert\":\"1\",\"isList\":\"1\",\"isPk\":\"0\",\"isQuery\":\"1\",\"isRequired\":\"0\",\"javaField\":\"ancestors\",\"javaType\":\"String\",\"list\":true,\"params\":{},\"pk\":false,\"query\":true,\"queryType\":\"EQ\",\"required\":false,\"sort\":3,\"superColumn\":true,\"tableId\":2,\"updateBy\":\"\",\"usableColumn\":false},{\"capJavaField\":\"DeptName\",\"columnComment\":\"部门名称\",\"columnId\":18,\"columnName\":\"dept_name\",\"columnType\":\"varchar(30)\",\"createBy\":\"admin\",\"createTime\":\"2023-12-08 10:25:40\",\"dictType\":\"\",\"edit\":true,\"htmlType\":\"input\",\"increment\":false,\"insert\":true,\"isEdit\":\"1\",\"isIncrement\":\"0\",\"isInsert\":\"1\",\"isList\":\"1\",\"isPk\":\"0\",\"isQuery\":\"1\",\"isRequired\":\"0\"','{\"msg\":\"操作成功\",\"code\":200}',0,NULL,'2023-12-08 10:27:05',436),(103,'代码生成',8,'com.ruoyi.generator.controller.GenController.batchGenCode()','GET',1,'admin','研发部门','/tool/gen/batchGenCode','127.0.0.1','内网IP','{\"tables\":\"sys_dept\"}',NULL,0,NULL,'2023-12-08 10:27:13',215),(104,'代码生成',8,'com.ruoyi.generator.controller.GenController.batchGenCode()','GET',1,'admin','研发部门','/tool/gen/batchGenCode','127.0.0.1','内网IP','{\"tables\":\"sys_dept\"}',NULL,0,NULL,'2023-12-08 10:41:56',236),(105,'代码生成',2,'com.ruoyi.generator.controller.GenController.editSave()','PUT',1,'admin','研发部门','/tool/gen','127.0.0.1','内网IP','{\"businessName\":\"autoeeDept\",\"className\":\"SysDept\",\"columns\":[{\"capJavaField\":\"DeptId\",\"columnComment\":\"部门id\",\"columnId\":15,\"columnName\":\"dept_id\",\"columnType\":\"bigint\",\"createBy\":\"admin\",\"createTime\":\"2023-12-08 10:25:40\",\"dictType\":\"\",\"edit\":false,\"htmlType\":\"input\",\"increment\":true,\"insert\":true,\"isIncrement\":\"1\",\"isInsert\":\"1\",\"isPk\":\"1\",\"isRequired\":\"0\",\"javaField\":\"deptId\",\"javaType\":\"Long\",\"list\":false,\"params\":{},\"pk\":true,\"query\":false,\"queryType\":\"EQ\",\"required\":false,\"sort\":1,\"superColumn\":false,\"tableId\":2,\"updateBy\":\"\",\"updateTime\":\"2023-12-08 10:27:05\",\"usableColumn\":false},{\"capJavaField\":\"ParentId\",\"columnComment\":\"父部门id\",\"columnId\":16,\"columnName\":\"parent_id\",\"columnType\":\"bigint\",\"createBy\":\"admin\",\"createTime\":\"2023-12-08 10:25:40\",\"dictType\":\"\",\"edit\":true,\"htmlType\":\"input\",\"increment\":false,\"insert\":true,\"isEdit\":\"1\",\"isIncrement\":\"0\",\"isInsert\":\"1\",\"isList\":\"1\",\"isPk\":\"0\",\"isQuery\":\"1\",\"isRequired\":\"0\",\"javaField\":\"parentId\",\"javaType\":\"Long\",\"list\":true,\"params\":{},\"pk\":false,\"query\":true,\"queryType\":\"EQ\",\"required\":false,\"sort\":2,\"superColumn\":true,\"tableId\":2,\"updateBy\":\"\",\"updateTime\":\"2023-12-08 10:27:05\",\"usableColumn\":true},{\"capJavaField\":\"Ancestors\",\"columnComment\":\"祖级列表\",\"columnId\":17,\"columnName\":\"ancestors\",\"columnType\":\"varchar(50)\",\"createBy\":\"admin\",\"createTime\":\"2023-12-08 10:25:40\",\"dictType\":\"\",\"edit\":true,\"htmlType\":\"input\",\"increment\":false,\"insert\":true,\"isEdit\":\"1\",\"isIncrement\":\"0\",\"isInsert\":\"1\",\"isList\":\"1\",\"isPk\":\"0\",\"isQuery\":\"1\",\"isRequired\":\"0\",\"javaField\":\"ancestors\",\"javaType\":\"String\",\"list\":true,\"params\":{},\"pk\":false,\"query\":true,\"queryType\":\"EQ\",\"required\":false,\"sort\":3,\"superColumn\":true,\"tableId\":2,\"updateBy\":\"\",\"updateTime\":\"2023-12-08 10:27:05\",\"usableColumn\":false},{\"capJavaField\":\"DeptName\",\"columnComment\":\"部门名称\",\"columnId\":18,\"columnName\":\"dept_name\",\"columnType\":\"varchar(30)\",\"createBy\":\"admin\",\"createTime\":\"2023-12-08 10:25:40\",\"dictType\":\"\",\"edit\":true,\"htmlType\":\"input\",\"increment\":false,\"insert\":','{\"msg\":\"操作成功\",\"code\":200}',0,NULL,'2023-12-08 10:42:20',414),(106,'代码生成',8,'com.ruoyi.generator.controller.GenController.genCode()','GET',1,'admin','研发部门','/tool/gen/genCode/sys_dept','127.0.0.1','内网IP','{}','{\"msg\":\"操作成功\",\"code\":200}',0,NULL,'2023-12-08 10:42:53',31100),(107,'代码生成',8,'com.ruoyi.generator.controller.GenController.genCode()','GET',1,'admin','研发部门','/tool/gen/genCode/sys_dept','127.0.0.1','内网IP','{}','{\"msg\":\"操作成功\",\"code\":200}',0,NULL,'2023-12-08 10:45:07',82),(108,'代码生成',8,'com.ruoyi.generator.controller.GenController.genCode()','GET',1,'admin','研发部门','/tool/gen/genCode/sys_dept','127.0.0.1','内网IP','{}','{\"msg\":\"操作成功\",\"code\":200}',0,NULL,'2023-12-08 10:50:48',281),(109,'代码生成',8,'com.ruoyi.generator.controller.GenController.genCode()','GET',1,'admin','研发部门','/tool/gen/genCode/sys_dept','127.0.0.1','内网IP','{}','{\"msg\":\"操作成功\",\"code\":200}',0,NULL,'2023-12-08 10:52:01',89),(110,'代码生成',8,'com.ruoyi.generator.controller.GenController.genCode()','GET',1,'admin','研发部门','/tool/gen/genCode/sys_dept','127.0.0.1','内网IP','{}','{\"msg\":\"操作成功\",\"code\":200}',0,NULL,'2023-12-08 10:52:53',88),(111,'代码生成',8,'com.ruoyi.generator.controller.GenController.genCode()','GET',1,'admin','研发部门','/tool/gen/genCode/sys_dept','127.0.0.1','内网IP','{}','{\"msg\":\"操作成功\",\"code\":200}',0,NULL,'2023-12-08 10:53:06',161),(112,'代码生成',8,'com.ruoyi.generator.controller.GenController.genCode()','GET',1,'admin','研发部门','/tool/gen/genCode/sys_dept','127.0.0.1','内网IP','{}','{\"msg\":\"操作成功\",\"code\":200}',0,NULL,'2023-12-08 10:53:44',198),(113,'代码生成',8,'com.ruoyi.generator.controller.GenController.genCode()','GET',1,'admin','研发部门','/tool/gen/genCode/sys_dept','127.0.0.1','内网IP','{}','{\"msg\":\"操作成功\",\"code\":200}',0,NULL,'2023-12-08 10:59:14',234),(114,'代码生成',8,'com.ruoyi.generator.controller.GenController.genCode()','GET',1,'admin','研发部门','/tool/gen/genCode/sys_dept','127.0.0.1','内网IP','{}','{\"msg\":\"操作成功\",\"code\":200}',0,NULL,'2023-12-08 11:02:59',180576),(115,'代码生成',8,'com.ruoyi.generator.controller.GenController.genCode()','GET',1,'admin','研发部门','/tool/gen/genCode/sys_dept','127.0.0.1','内网IP','{}','{\"msg\":\"操作成功\",\"code\":200}',0,NULL,'2023-12-08 11:02:59',148281),(116,'代码生成',8,'com.ruoyi.generator.controller.GenController.genCode()','GET',1,'admin','研发部门','/tool/gen/genCode/sys_dept','127.0.0.1','内网IP','{}','{\"msg\":\"操作成功\",\"code\":200}',0,NULL,'2023-12-08 11:03:57',44688),(117,'代码生成',8,'com.ruoyi.generator.controller.GenController.genCode()','GET',1,'admin','研发部门','/tool/gen/genCode/sys_dept','127.0.0.1','内网IP','{}','{\"msg\":\"操作成功\",\"code\":200}',0,NULL,'2023-12-08 11:08:51',4057),(118,'代码生成',8,'com.ruoyi.generator.controller.GenController.genCode()','GET',1,'admin','研发部门','/tool/gen/genCode/sys_dept','127.0.0.1','内网IP','{}','{\"msg\":\"操作成功\",\"code\":200}',0,NULL,'2023-12-08 11:09:33',205),(119,'菜单管理',1,'com.ruoyi.web.controller.system.SysMenuController.add()','POST',1,'admin','研发部门','/system/menu','127.0.0.1','内网IP','{\"children\":[],\"createBy\":\"admin\",\"icon\":\"button\",\"isCache\":\"0\",\"isFrame\":\"1\",\"menuName\":\"测试\",\"menuType\":\"M\",\"orderNum\":0,\"params\":{},\"parentId\":0,\"path\":\"/test\",\"status\":\"0\",\"visible\":\"0\"}','{\"msg\":\"操作成功\",\"code\":200}',0,NULL,'2023-12-08 11:34:11',98),(120,'代码生成',2,'com.ruoyi.generator.controller.GenController.editSave()','PUT',1,'admin','研发部门','/tool/gen','127.0.0.1','内网IP','{\"businessName\":\"autoeeDept\",\"className\":\"SysDept\",\"columns\":[{\"capJavaField\":\"DeptId\",\"columnComment\":\"部门id\",\"columnId\":15,\"columnName\":\"dept_id\",\"columnType\":\"bigint\",\"createBy\":\"admin\",\"createTime\":\"2023-12-08 10:25:40\",\"dictType\":\"\",\"edit\":false,\"htmlType\":\"input\",\"increment\":true,\"insert\":true,\"isIncrement\":\"1\",\"isInsert\":\"1\",\"isPk\":\"1\",\"isRequired\":\"0\",\"javaField\":\"deptId\",\"javaType\":\"Long\",\"list\":false,\"params\":{},\"pk\":true,\"query\":false,\"queryType\":\"EQ\",\"required\":false,\"sort\":1,\"superColumn\":false,\"tableId\":2,\"updateBy\":\"\",\"updateTime\":\"2023-12-08 10:42:20\",\"usableColumn\":false},{\"capJavaField\":\"ParentId\",\"columnComment\":\"父部门id\",\"columnId\":16,\"columnName\":\"parent_id\",\"columnType\":\"bigint\",\"createBy\":\"admin\",\"createTime\":\"2023-12-08 10:25:40\",\"dictType\":\"\",\"edit\":true,\"htmlType\":\"input\",\"increment\":false,\"insert\":true,\"isEdit\":\"1\",\"isIncrement\":\"0\",\"isInsert\":\"1\",\"isList\":\"1\",\"isPk\":\"0\",\"isQuery\":\"1\",\"isRequired\":\"0\",\"javaField\":\"parentId\",\"javaType\":\"Long\",\"list\":true,\"params\":{},\"pk\":false,\"query\":true,\"queryType\":\"EQ\",\"required\":false,\"sort\":2,\"superColumn\":true,\"tableId\":2,\"updateBy\":\"\",\"updateTime\":\"2023-12-08 10:42:20\",\"usableColumn\":true},{\"capJavaField\":\"Ancestors\",\"columnComment\":\"祖级列表\",\"columnId\":17,\"columnName\":\"ancestors\",\"columnType\":\"varchar(50)\",\"createBy\":\"admin\",\"createTime\":\"2023-12-08 10:25:40\",\"dictType\":\"\",\"edit\":true,\"htmlType\":\"input\",\"increment\":false,\"insert\":true,\"isEdit\":\"1\",\"isIncrement\":\"0\",\"isInsert\":\"1\",\"isList\":\"1\",\"isPk\":\"0\",\"isQuery\":\"1\",\"isRequired\":\"0\",\"javaField\":\"ancestors\",\"javaType\":\"String\",\"list\":true,\"params\":{},\"pk\":false,\"query\":true,\"queryType\":\"EQ\",\"required\":false,\"sort\":3,\"superColumn\":true,\"tableId\":2,\"updateBy\":\"\",\"updateTime\":\"2023-12-08 10:42:20\",\"usableColumn\":false},{\"capJavaField\":\"DeptName\",\"columnComment\":\"部门名称\",\"columnId\":18,\"columnName\":\"dept_name\",\"columnType\":\"varchar(30)\",\"createBy\":\"admin\",\"createTime\":\"2023-12-08 10:25:40\",\"dictType\":\"\",\"edit\":true,\"htmlType\":\"input\",\"increment\":false,\"insert\":','{\"msg\":\"操作成功\",\"code\":200}',0,NULL,'2023-12-08 11:34:42',319),(121,'代码生成',2,'com.ruoyi.generator.controller.GenController.editSave()','PUT',1,'admin','研发部门','/tool/gen','127.0.0.1','内网IP','{\"businessName\":\"data\",\"className\":\"SysDictData\",\"columns\":[{\"capJavaField\":\"DictCode\",\"columnComment\":\"字典编码\",\"columnId\":1,\"columnName\":\"dict_code\",\"columnType\":\"bigint\",\"createBy\":\"admin\",\"createTime\":\"2023-12-08 10:24:38\",\"dictType\":\"\",\"edit\":false,\"htmlType\":\"input\",\"increment\":true,\"insert\":true,\"isIncrement\":\"1\",\"isInsert\":\"1\",\"isPk\":\"1\",\"isRequired\":\"0\",\"javaField\":\"dictCode\",\"javaType\":\"Long\",\"list\":false,\"params\":{},\"pk\":true,\"query\":false,\"queryType\":\"EQ\",\"required\":false,\"sort\":1,\"superColumn\":false,\"tableId\":1,\"updateBy\":\"\",\"usableColumn\":false},{\"capJavaField\":\"DictSort\",\"columnComment\":\"字典排序\",\"columnId\":2,\"columnName\":\"dict_sort\",\"columnType\":\"int\",\"createBy\":\"admin\",\"createTime\":\"2023-12-08 10:24:38\",\"dictType\":\"\",\"edit\":true,\"htmlType\":\"input\",\"increment\":false,\"insert\":true,\"isEdit\":\"1\",\"isIncrement\":\"0\",\"isInsert\":\"1\",\"isList\":\"1\",\"isPk\":\"0\",\"isQuery\":\"1\",\"isRequired\":\"0\",\"javaField\":\"dictSort\",\"javaType\":\"Long\",\"list\":true,\"params\":{},\"pk\":false,\"query\":true,\"queryType\":\"EQ\",\"required\":false,\"sort\":2,\"superColumn\":false,\"tableId\":1,\"updateBy\":\"\",\"usableColumn\":false},{\"capJavaField\":\"DictLabel\",\"columnComment\":\"字典标签\",\"columnId\":3,\"columnName\":\"dict_label\",\"columnType\":\"varchar(100)\",\"createBy\":\"admin\",\"createTime\":\"2023-12-08 10:24:38\",\"dictType\":\"\",\"edit\":true,\"htmlType\":\"input\",\"increment\":false,\"insert\":true,\"isEdit\":\"1\",\"isIncrement\":\"0\",\"isInsert\":\"1\",\"isList\":\"1\",\"isPk\":\"0\",\"isQuery\":\"1\",\"isRequired\":\"0\",\"javaField\":\"dictLabel\",\"javaType\":\"String\",\"list\":true,\"params\":{},\"pk\":false,\"query\":true,\"queryType\":\"EQ\",\"required\":false,\"sort\":3,\"superColumn\":false,\"tableId\":1,\"updateBy\":\"\",\"usableColumn\":false},{\"capJavaField\":\"DictValue\",\"columnComment\":\"字典键值\",\"columnId\":4,\"columnName\":\"dict_value\",\"columnType\":\"varchar(100)\",\"createBy\":\"admin\",\"createTime\":\"2023-12-08 10:24:38\",\"dictType\":\"\",\"edit\":true,\"htmlType\":\"input\",\"increment\":false,\"insert\":true,\"isEdit\":\"1\",\"isIncrement\":\"0\",\"isInsert\":\"1\",\"isList\":\"1\",\"isPk\":\"0\",\"isQuery\":\"1\",\"isRequired\"','{\"msg\":\"操作成功\",\"code\":200}',0,NULL,'2023-12-08 13:25:46',385),(122,'代码生成',6,'com.ruoyi.generator.controller.GenController.importTableSave()','POST',1,'admin','研发部门','/tool/gen/importTable','127.0.0.1','内网IP','{\"tables\":\"sys_oper_log\"}','{\"msg\":\"操作成功\",\"code\":200}',0,NULL,'2023-12-08 13:25:53',421),(123,'代码生成',8,'com.ruoyi.generator.controller.GenController.genCode()','GET',1,'admin','研发部门','/tool/gen/genCode/sys_dept','127.0.0.1','内网IP','{}','{\"msg\":\"操作成功\",\"code\":200}',0,NULL,'2023-12-08 14:09:12',305),(124,'代码生成',8,'com.ruoyi.generator.controller.GenController.genCode()','GET',1,'admin','研发部门','/tool/gen/genCode/sys_dept','127.0.0.1','内网IP','{}','{\"msg\":\"操作成功\",\"code\":200}',0,NULL,'2023-12-08 14:18:35',277),(125,'代码生成',2,'com.ruoyi.generator.controller.GenController.editSave()','PUT',1,'admin','研发部门','/tool/gen','127.0.0.1','内网IP','{\"businessName\":\"autoeeDept\",\"className\":\"AutoeeSysDept\",\"columns\":[{\"capJavaField\":\"DeptId\",\"columnComment\":\"部门id\",\"columnId\":15,\"columnName\":\"dept_id\",\"columnType\":\"bigint\",\"createBy\":\"admin\",\"createTime\":\"2023-12-08 10:25:40\",\"dictType\":\"\",\"edit\":false,\"htmlType\":\"input\",\"increment\":true,\"insert\":true,\"isIncrement\":\"1\",\"isInsert\":\"1\",\"isPk\":\"1\",\"isRequired\":\"0\",\"javaField\":\"deptId\",\"javaType\":\"Long\",\"list\":false,\"params\":{},\"pk\":true,\"query\":false,\"queryType\":\"EQ\",\"required\":false,\"sort\":1,\"superColumn\":false,\"tableId\":2,\"updateBy\":\"\",\"updateTime\":\"2023-12-08 11:34:42\",\"usableColumn\":false},{\"capJavaField\":\"ParentId\",\"columnComment\":\"父部门id\",\"columnId\":16,\"columnName\":\"parent_id\",\"columnType\":\"bigint\",\"createBy\":\"admin\",\"createTime\":\"2023-12-08 10:25:40\",\"dictType\":\"\",\"edit\":true,\"htmlType\":\"input\",\"increment\":false,\"insert\":true,\"isEdit\":\"1\",\"isIncrement\":\"0\",\"isInsert\":\"1\",\"isList\":\"1\",\"isPk\":\"0\",\"isQuery\":\"1\",\"isRequired\":\"0\",\"javaField\":\"parentId\",\"javaType\":\"Long\",\"list\":true,\"params\":{},\"pk\":false,\"query\":true,\"queryType\":\"EQ\",\"required\":false,\"sort\":2,\"superColumn\":true,\"tableId\":2,\"updateBy\":\"\",\"updateTime\":\"2023-12-08 11:34:42\",\"usableColumn\":true},{\"capJavaField\":\"Ancestors\",\"columnComment\":\"祖级列表\",\"columnId\":17,\"columnName\":\"ancestors\",\"columnType\":\"varchar(50)\",\"createBy\":\"admin\",\"createTime\":\"2023-12-08 10:25:40\",\"dictType\":\"\",\"edit\":true,\"htmlType\":\"input\",\"increment\":false,\"insert\":true,\"isEdit\":\"1\",\"isIncrement\":\"0\",\"isInsert\":\"1\",\"isList\":\"1\",\"isPk\":\"0\",\"isQuery\":\"1\",\"isRequired\":\"0\",\"javaField\":\"ancestors\",\"javaType\":\"String\",\"list\":true,\"params\":{},\"pk\":false,\"query\":true,\"queryType\":\"EQ\",\"required\":false,\"sort\":3,\"superColumn\":true,\"tableId\":2,\"updateBy\":\"\",\"updateTime\":\"2023-12-08 11:34:42\",\"usableColumn\":false},{\"capJavaField\":\"DeptName\",\"columnComment\":\"部门名称\",\"columnId\":18,\"columnName\":\"dept_name\",\"columnType\":\"varchar(30)\",\"createBy\":\"admin\",\"createTime\":\"2023-12-08 10:25:40\",\"dictType\":\"\",\"edit\":true,\"htmlType\":\"input\",\"increment\":false,\"in','{\"msg\":\"操作成功\",\"code\":200}',0,NULL,'2023-12-08 14:20:30',356),(126,'代码生成',8,'com.ruoyi.generator.controller.GenController.genCode()','GET',1,'admin','研发部门','/tool/gen/genCode/sys_dept','127.0.0.1','内网IP','{}','{\"msg\":\"操作成功\",\"code\":200}',0,NULL,'2023-12-08 14:20:33',169),(127,'部门',2,'com.ruoyi.autoee.controller.AutoeeSysDeptController.edit()','PUT',1,'admin','研发部门','/autoee/autoeeDept','127.0.0.1','内网IP','{\"ancestors\":\"0,100,101\",\"createBy\":\"admin\",\"createTime\":\"2023-12-08 10:16:27\",\"delFlag\":\"0\",\"deptId\":104,\"deptName\":\"市场部门\",\"email\":\"ry@qq.com\",\"leader\":\"若依\",\"orderNum\":2,\"params\":{},\"parentId\":101,\"phone\":\"15888888888\",\"status\":\"0\",\"updateBy\":\"\",\"updateTime\":\"2023-12-08 14:31:40\"}','{\"msg\":\"操作成功\",\"code\":200}',0,NULL,'2023-12-08 14:31:40',38),(128,'代码生成',6,'com.ruoyi.generator.controller.GenController.importTableSave()','POST',1,'admin','研发部门','/tool/gen/importTable','127.0.0.1','内网IP','{\"tables\":\"a_goods_apply\"}','{\"msg\":\"操作成功\",\"code\":200}',0,NULL,'2023-12-08 14:36:22',504),(129,'代码生成',2,'com.ruoyi.generator.controller.GenController.editSave()','PUT',1,'admin','研发部门','/tool/gen','127.0.0.1','内网IP','{\"businessName\":\"goodsApply\",\"className\":\"AGoodsApply\",\"columns\":[{\"capJavaField\":\"Id\",\"columnComment\":\"id\",\"columnId\":46,\"columnName\":\"id\",\"columnType\":\"bigint\",\"createBy\":\"admin\",\"createTime\":\"2023-12-08 14:36:22\",\"dictType\":\"\",\"edit\":false,\"htmlType\":\"input\",\"increment\":true,\"insert\":true,\"isIncrement\":\"1\",\"isInsert\":\"1\",\"isPk\":\"1\",\"isRequired\":\"0\",\"javaField\":\"id\",\"javaType\":\"Long\",\"list\":false,\"params\":{},\"pk\":true,\"query\":false,\"queryType\":\"EQ\",\"required\":false,\"sort\":1,\"superColumn\":false,\"tableId\":4,\"updateBy\":\"\",\"usableColumn\":false},{\"capJavaField\":\"ApplyNo\",\"columnComment\":\"单据编号\",\"columnId\":47,\"columnName\":\"apply_no\",\"columnType\":\"varchar(200)\",\"createBy\":\"admin\",\"createTime\":\"2023-12-08 14:36:22\",\"dictType\":\"\",\"edit\":true,\"htmlType\":\"input\",\"increment\":false,\"insert\":true,\"isEdit\":\"1\",\"isIncrement\":\"0\",\"isInsert\":\"1\",\"isList\":\"1\",\"isPk\":\"0\",\"isQuery\":\"1\",\"isRequired\":\"1\",\"javaField\":\"applyNo\",\"javaType\":\"String\",\"list\":true,\"params\":{},\"pk\":false,\"query\":true,\"queryType\":\"EQ\",\"required\":true,\"sort\":2,\"superColumn\":false,\"tableId\":4,\"updateBy\":\"\",\"usableColumn\":false},{\"capJavaField\":\"GoodsCode\",\"columnComment\":\"货品编号\",\"columnId\":48,\"columnName\":\"goods_code\",\"columnType\":\"varchar(200)\",\"createBy\":\"admin\",\"createTime\":\"2023-12-08 14:36:22\",\"dictType\":\"\",\"edit\":true,\"htmlType\":\"input\",\"increment\":false,\"insert\":true,\"isEdit\":\"1\",\"isIncrement\":\"0\",\"isInsert\":\"1\",\"isList\":\"1\",\"isPk\":\"0\",\"isQuery\":\"1\",\"isRequired\":\"0\",\"javaField\":\"goodsCode\",\"javaType\":\"String\",\"list\":true,\"params\":{},\"pk\":false,\"query\":true,\"queryType\":\"EQ\",\"required\":false,\"sort\":3,\"superColumn\":false,\"tableId\":4,\"updateBy\":\"\",\"usableColumn\":false},{\"capJavaField\":\"GoodsName\",\"columnComment\":\"货品名称\",\"columnId\":49,\"columnName\":\"goods_name\",\"columnType\":\"varchar(200)\",\"createBy\":\"admin\",\"createTime\":\"2023-12-08 14:36:22\",\"dictType\":\"\",\"edit\":true,\"htmlType\":\"input\",\"increment\":false,\"insert\":true,\"isEdit\":\"1\",\"isIncrement\":\"0\",\"isInsert\":\"1\",\"isList\":\"1\",\"isPk\":\"0\",\"isQuery\":\"1\",\"isRequired\":\"1\"','{\"msg\":\"操作成功\",\"code\":200}',0,NULL,'2023-12-08 14:36:57',388),(130,'代码生成',8,'com.ruoyi.generator.controller.GenController.genCode()','GET',1,'admin','研发部门','/tool/gen/genCode/a_goods_apply','127.0.0.1','内网IP','{}','{\"msg\":\"操作成功\",\"code\":200}',0,NULL,'2023-12-08 14:38:10',70508),(131,'代码生成',8,'com.ruoyi.generator.controller.GenController.genCode()','GET',1,'admin','研发部门','/tool/gen/genCode/a_goods_apply','127.0.0.1','内网IP','{}','{\"msg\":\"操作成功\",\"code\":200}',0,NULL,'2023-12-08 14:43:26',303137),(132,'代码生成',2,'com.ruoyi.generator.controller.GenController.editSave()','PUT',1,'admin','研发部门','/tool/gen','127.0.0.1','内网IP','{\"businessName\":\"goodsApply\",\"className\":\"AGoodsApply\",\"columns\":[{\"capJavaField\":\"Id\",\"columnComment\":\"id\",\"columnId\":46,\"columnName\":\"id\",\"columnType\":\"bigint\",\"createBy\":\"admin\",\"createTime\":\"2023-12-08 14:36:22\",\"dictType\":\"\",\"edit\":false,\"htmlType\":\"input\",\"increment\":true,\"insert\":true,\"isIncrement\":\"1\",\"isInsert\":\"1\",\"isPk\":\"1\",\"isRequired\":\"0\",\"javaField\":\"id\",\"javaType\":\"Long\",\"list\":false,\"params\":{},\"pk\":true,\"query\":false,\"queryType\":\"EQ\",\"required\":false,\"sort\":1,\"superColumn\":false,\"tableId\":4,\"updateBy\":\"\",\"updateTime\":\"2023-12-08 14:36:57\",\"usableColumn\":false},{\"capJavaField\":\"ApplyNo\",\"columnComment\":\"单据编号\",\"columnId\":47,\"columnName\":\"apply_no\",\"columnType\":\"varchar(200)\",\"createBy\":\"admin\",\"createTime\":\"2023-12-08 14:36:22\",\"dictType\":\"\",\"edit\":true,\"htmlType\":\"input\",\"increment\":false,\"insert\":true,\"isEdit\":\"1\",\"isIncrement\":\"0\",\"isInsert\":\"1\",\"isList\":\"1\",\"isPk\":\"0\",\"isQuery\":\"1\",\"isRequired\":\"1\",\"javaField\":\"applyNo\",\"javaType\":\"String\",\"list\":true,\"params\":{},\"pk\":false,\"query\":true,\"queryType\":\"EQ\",\"required\":true,\"sort\":2,\"superColumn\":false,\"tableId\":4,\"updateBy\":\"\",\"updateTime\":\"2023-12-08 14:36:57\",\"usableColumn\":false},{\"capJavaField\":\"GoodsCode\",\"columnComment\":\"货品编号\",\"columnId\":48,\"columnName\":\"goods_code\",\"columnType\":\"varchar(200)\",\"createBy\":\"admin\",\"createTime\":\"2023-12-08 14:36:22\",\"dictType\":\"\",\"edit\":true,\"htmlType\":\"input\",\"increment\":false,\"insert\":true,\"isEdit\":\"1\",\"isIncrement\":\"0\",\"isInsert\":\"1\",\"isList\":\"1\",\"isPk\":\"0\",\"isQuery\":\"1\",\"isRequired\":\"0\",\"javaField\":\"goodsCode\",\"javaType\":\"String\",\"list\":true,\"params\":{},\"pk\":false,\"query\":true,\"queryType\":\"EQ\",\"required\":false,\"sort\":3,\"superColumn\":false,\"tableId\":4,\"updateBy\":\"\",\"updateTime\":\"2023-12-08 14:36:57\",\"usableColumn\":false},{\"capJavaField\":\"GoodsName\",\"columnComment\":\"货品名称\",\"columnId\":49,\"columnName\":\"goods_name\",\"columnType\":\"varchar(200)\",\"createBy\":\"admin\",\"createTime\":\"2023-12-08 14:36:22\",\"dictType\":\"\",\"edit\":true,\"htmlType\":\"input\",\"increment\":false,\"insert\":','{\"msg\":\"操作成功\",\"code\":200}',0,NULL,'2023-12-08 14:43:34',374),(133,'代码生成',8,'com.ruoyi.generator.controller.GenController.genCode()','GET',1,'admin','研发部门','/tool/gen/genCode/a_goods_apply','127.0.0.1','内网IP','{}','{\"msg\":\"操作成功\",\"code\":200}',0,NULL,'2023-12-08 14:43:36',107),(134,'代码生成',8,'com.ruoyi.generator.controller.GenController.genCode()','GET',1,'admin','研发部门','/tool/gen/genCode/a_goods_apply','127.0.0.1','内网IP','{}','{\"msg\":\"操作成功\",\"code\":200}',0,NULL,'2023-12-08 14:54:24',135),(135,'代码生成',8,'com.ruoyi.generator.controller.GenController.genCode()','GET',1,'admin','研发部门','/tool/gen/genCode/a_goods_apply','127.0.0.1','内网IP','{}','{\"msg\":\"操作成功\",\"code\":200}',0,NULL,'2023-12-08 14:56:18',110),(136,'代码生成',8,'com.ruoyi.generator.controller.GenController.genCode()','GET',1,'admin','研发部门','/tool/gen/genCode/a_goods_apply','127.0.0.1','内网IP','{}','{\"msg\":\"操作成功\",\"code\":200}',0,NULL,'2023-12-08 14:58:18',156),(137,'代码生成',8,'com.ruoyi.generator.controller.GenController.genCode()','GET',1,'admin','研发部门','/tool/gen/genCode/a_goods_apply','127.0.0.1','内网IP','{}','{\"msg\":\"操作成功\",\"code\":200}',0,NULL,'2023-12-08 14:58:19',125),(138,'货品申请',1,'com.ruoyi.autoee.controller.AGoodsApplyController.add()','POST',1,'admin','研发部门','/autoee/goodsApply','127.0.0.1','内网IP','{\"applicant\":\"43\",\"applicantDeptId\":43,\"applicantName\":\"343\",\"applyNo\":\"43\",\"createTime\":\"2023-12-08 14:59:22\",\"goodsCode\":\"43\",\"goodsName\":\"4\",\"id\":210,\"number\":3,\"params\":{},\"remark\":\"43\",\"standard\":\"34\",\"unit\":\"34\",\"updateTime\":\"2023-12-08 14:59:22\"}','{\"msg\":\"操作成功\",\"code\":200}',0,NULL,'2023-12-08 14:59:22',34),(139,'代码生成',2,'com.ruoyi.generator.controller.GenController.editSave()','PUT',1,'admin','研发部门','/tool/gen','127.0.0.1','内网IP','{\"businessName\":\"goodsApply\",\"className\":\"AGoodsApply\",\"columns\":[{\"capJavaField\":\"Id\",\"columnComment\":\"id\",\"columnId\":46,\"columnName\":\"id\",\"columnType\":\"bigint\",\"createBy\":\"admin\",\"createTime\":\"2023-12-08 14:36:22\",\"dictType\":\"\",\"edit\":false,\"htmlType\":\"input\",\"increment\":true,\"insert\":true,\"isIncrement\":\"1\",\"isInsert\":\"1\",\"isPk\":\"1\",\"isRequired\":\"0\",\"javaField\":\"id\",\"javaType\":\"Long\",\"list\":false,\"params\":{},\"pk\":true,\"query\":false,\"queryType\":\"EQ\",\"required\":false,\"sort\":1,\"superColumn\":false,\"tableId\":4,\"updateBy\":\"\",\"updateTime\":\"2023-12-08 14:43:34\",\"usableColumn\":false},{\"capJavaField\":\"ApplyNo\",\"columnComment\":\"单据编号\",\"columnId\":47,\"columnName\":\"apply_no\",\"columnType\":\"varchar(200)\",\"createBy\":\"admin\",\"createTime\":\"2023-12-08 14:36:22\",\"dictType\":\"\",\"edit\":true,\"htmlType\":\"input\",\"increment\":false,\"insert\":true,\"isEdit\":\"1\",\"isIncrement\":\"0\",\"isInsert\":\"1\",\"isList\":\"1\",\"isPk\":\"0\",\"isQuery\":\"1\",\"isRequired\":\"1\",\"javaField\":\"applyNo\",\"javaType\":\"String\",\"list\":true,\"params\":{},\"pk\":false,\"query\":true,\"queryType\":\"EQ\",\"required\":true,\"sort\":2,\"superColumn\":false,\"tableId\":4,\"updateBy\":\"\",\"updateTime\":\"2023-12-08 14:43:34\",\"usableColumn\":false},{\"capJavaField\":\"GoodsCode\",\"columnComment\":\"货品编号\",\"columnId\":48,\"columnName\":\"goods_code\",\"columnType\":\"varchar(200)\",\"createBy\":\"admin\",\"createTime\":\"2023-12-08 14:36:22\",\"dictType\":\"\",\"edit\":true,\"htmlType\":\"input\",\"increment\":false,\"insert\":true,\"isEdit\":\"1\",\"isIncrement\":\"0\",\"isInsert\":\"1\",\"isList\":\"1\",\"isPk\":\"0\",\"isQuery\":\"1\",\"isRequired\":\"0\",\"javaField\":\"goodsCode\",\"javaType\":\"String\",\"list\":true,\"params\":{},\"pk\":false,\"query\":true,\"queryType\":\"EQ\",\"required\":false,\"sort\":3,\"superColumn\":false,\"tableId\":4,\"updateBy\":\"\",\"updateTime\":\"2023-12-08 14:43:34\",\"usableColumn\":false},{\"capJavaField\":\"GoodsName\",\"columnComment\":\"货品名称\",\"columnId\":49,\"columnName\":\"goods_name\",\"columnType\":\"varchar(200)\",\"createBy\":\"admin\",\"createTime\":\"2023-12-08 14:36:22\",\"dictType\":\"\",\"edit\":true,\"htmlType\":\"input\",\"increment\":false,\"insert\":','{\"msg\":\"操作成功\",\"code\":200}',0,NULL,'2023-12-08 15:01:13',400),(140,'代码生成',8,'com.ruoyi.generator.controller.GenController.genCode()','GET',1,'admin','研发部门','/tool/gen/genCode/a_goods_apply','127.0.0.1','内网IP','{}','{\"msg\":\"操作成功\",\"code\":200}',0,NULL,'2023-12-08 15:01:16',137),(141,'代码生成',8,'com.ruoyi.generator.controller.GenController.genCode()','GET',1,'admin','研发部门','/tool/gen/genCode/a_goods_apply','127.0.0.1','内网IP','{}','{\"msg\":\"操作成功\",\"code\":200}',0,NULL,'2023-12-08 15:01:39',132),(142,'代码生成',2,'com.ruoyi.generator.controller.GenController.editSave()','PUT',1,'admin','研发部门','/tool/gen','127.0.0.1','内网IP','{\"businessName\":\"goodsApply\",\"className\":\"AGoodsApply\",\"columns\":[{\"capJavaField\":\"Id\",\"columnComment\":\"id\",\"columnId\":46,\"columnName\":\"id\",\"columnType\":\"bigint\",\"createBy\":\"admin\",\"createTime\":\"2023-12-08 14:36:22\",\"dictType\":\"\",\"edit\":false,\"htmlType\":\"input\",\"increment\":true,\"insert\":true,\"isIncrement\":\"1\",\"isInsert\":\"1\",\"isPk\":\"1\",\"isRequired\":\"0\",\"javaField\":\"id\",\"javaType\":\"Long\",\"list\":false,\"params\":{},\"pk\":true,\"query\":false,\"queryType\":\"EQ\",\"required\":false,\"sort\":1,\"superColumn\":false,\"tableId\":4,\"updateBy\":\"\",\"updateTime\":\"2023-12-08 15:01:12\",\"usableColumn\":false},{\"capJavaField\":\"ApplyNo\",\"columnComment\":\"单据编号\",\"columnId\":47,\"columnName\":\"apply_no\",\"columnType\":\"varchar(200)\",\"createBy\":\"admin\",\"createTime\":\"2023-12-08 14:36:22\",\"dictType\":\"\",\"edit\":true,\"htmlType\":\"input\",\"increment\":false,\"insert\":true,\"isEdit\":\"1\",\"isIncrement\":\"0\",\"isInsert\":\"1\",\"isList\":\"1\",\"isPk\":\"0\",\"isQuery\":\"1\",\"isRequired\":\"1\",\"javaField\":\"applyNo\",\"javaType\":\"String\",\"list\":true,\"params\":{},\"pk\":false,\"query\":true,\"queryType\":\"EQ\",\"required\":true,\"sort\":2,\"superColumn\":false,\"tableId\":4,\"updateBy\":\"\",\"updateTime\":\"2023-12-08 15:01:12\",\"usableColumn\":false},{\"capJavaField\":\"GoodsCode\",\"columnComment\":\"货品编号\",\"columnId\":48,\"columnName\":\"goods_code\",\"columnType\":\"varchar(200)\",\"createBy\":\"admin\",\"createTime\":\"2023-12-08 14:36:22\",\"dictType\":\"\",\"edit\":true,\"htmlType\":\"input\",\"increment\":false,\"insert\":true,\"isEdit\":\"1\",\"isIncrement\":\"0\",\"isInsert\":\"1\",\"isList\":\"1\",\"isPk\":\"0\",\"isQuery\":\"1\",\"isRequired\":\"0\",\"javaField\":\"goodsCode\",\"javaType\":\"String\",\"list\":true,\"params\":{},\"pk\":false,\"query\":true,\"queryType\":\"EQ\",\"required\":false,\"sort\":3,\"superColumn\":false,\"tableId\":4,\"updateBy\":\"\",\"updateTime\":\"2023-12-08 15:01:12\",\"usableColumn\":false},{\"capJavaField\":\"GoodsName\",\"columnComment\":\"货品名称\",\"columnId\":49,\"columnName\":\"goods_name\",\"columnType\":\"varchar(200)\",\"createBy\":\"admin\",\"createTime\":\"2023-12-08 14:36:22\",\"dictType\":\"\",\"edit\":true,\"htmlType\":\"input\",\"increment\":false,\"insert\":','{\"msg\":\"操作成功\",\"code\":200}',0,NULL,'2023-12-08 15:02:42',401),(143,'代码生成',8,'com.ruoyi.generator.controller.GenController.batchGenCode()','GET',1,'admin','研发部门','/tool/gen/batchGenCode','127.0.0.1','内网IP','{\"tables\":\"a_goods_apply\"}',NULL,0,NULL,'2023-12-08 15:02:43',103),(144,'代码生成',8,'com.ruoyi.generator.controller.GenController.batchGenCode()','GET',1,'admin','研发部门','/tool/gen/batchGenCode','127.0.0.1','内网IP','{\"tables\":\"a_goods_apply\"}',NULL,0,NULL,'2023-12-08 15:04:10',100),(145,'代码生成',2,'com.ruoyi.generator.controller.GenController.editSave()','PUT',1,'admin','研发部门','/tool/gen','127.0.0.1','内网IP','{\"businessName\":\"goodsApply\",\"className\":\"AGoodsApply\",\"columns\":[{\"capJavaField\":\"Id\",\"columnComment\":\"id\",\"columnId\":46,\"columnName\":\"id\",\"columnType\":\"bigint\",\"createBy\":\"admin\",\"createTime\":\"2023-12-08 14:36:22\",\"dictType\":\"\",\"edit\":false,\"htmlType\":\"input\",\"increment\":true,\"insert\":true,\"isIncrement\":\"1\",\"isInsert\":\"1\",\"isPk\":\"1\",\"isRequired\":\"0\",\"javaField\":\"id\",\"javaType\":\"Long\",\"list\":false,\"params\":{},\"pk\":true,\"query\":false,\"queryType\":\"EQ\",\"required\":false,\"sort\":1,\"superColumn\":false,\"tableId\":4,\"updateBy\":\"\",\"updateTime\":\"2023-12-08 15:02:41\",\"usableColumn\":false},{\"capJavaField\":\"ApplyNo\",\"columnComment\":\"单据编号\",\"columnId\":47,\"columnName\":\"apply_no\",\"columnType\":\"varchar(200)\",\"createBy\":\"admin\",\"createTime\":\"2023-12-08 14:36:22\",\"dictType\":\"\",\"edit\":true,\"htmlType\":\"input\",\"increment\":false,\"insert\":true,\"isEdit\":\"1\",\"isIncrement\":\"0\",\"isInsert\":\"1\",\"isList\":\"1\",\"isPk\":\"0\",\"isQuery\":\"1\",\"isRequired\":\"1\",\"javaField\":\"applyNo\",\"javaType\":\"String\",\"list\":true,\"params\":{},\"pk\":false,\"query\":true,\"queryType\":\"EQ\",\"required\":true,\"sort\":2,\"superColumn\":false,\"tableId\":4,\"updateBy\":\"\",\"updateTime\":\"2023-12-08 15:02:41\",\"usableColumn\":false},{\"capJavaField\":\"GoodsCode\",\"columnComment\":\"货品编号\",\"columnId\":48,\"columnName\":\"goods_code\",\"columnType\":\"varchar(200)\",\"createBy\":\"admin\",\"createTime\":\"2023-12-08 14:36:22\",\"dictType\":\"\",\"edit\":true,\"htmlType\":\"input\",\"increment\":false,\"insert\":true,\"isEdit\":\"1\",\"isIncrement\":\"0\",\"isInsert\":\"1\",\"isList\":\"1\",\"isPk\":\"0\",\"isQuery\":\"1\",\"isRequired\":\"0\",\"javaField\":\"goodsCode\",\"javaType\":\"String\",\"list\":true,\"params\":{},\"pk\":false,\"query\":true,\"queryType\":\"EQ\",\"required\":false,\"sort\":3,\"superColumn\":false,\"tableId\":4,\"updateBy\":\"\",\"updateTime\":\"2023-12-08 15:02:41\",\"usableColumn\":false},{\"capJavaField\":\"GoodsName\",\"columnComment\":\"货品名称\",\"columnId\":49,\"columnName\":\"goods_name\",\"columnType\":\"varchar(200)\",\"createBy\":\"admin\",\"createTime\":\"2023-12-08 14:36:22\",\"dictType\":\"\",\"edit\":true,\"htmlType\":\"input\",\"increment\":false,\"insert\":','{\"msg\":\"操作成功\",\"code\":200}',0,NULL,'2023-12-08 15:04:38',367),(146,'代码生成',8,'com.ruoyi.generator.controller.GenController.genCode()','GET',1,'admin','研发部门','/tool/gen/genCode/a_goods_apply','127.0.0.1','内网IP','{}','{\"msg\":\"操作成功\",\"code\":200}',0,NULL,'2023-12-08 15:04:41',122),(147,'代码生成',8,'com.ruoyi.generator.controller.GenController.genCode()','GET',1,'admin','研发部门','/tool/gen/genCode/a_goods_apply','127.0.0.1','内网IP','{}','{\"msg\":\"操作成功\",\"code\":200}',0,NULL,'2023-12-08 15:08:19',114),(148,'代码生成',8,'com.ruoyi.generator.controller.GenController.genCode()','GET',1,'admin','研发部门','/tool/gen/genCode/a_goods_apply','127.0.0.1','内网IP','{}','{\"msg\":\"操作成功\",\"code\":200}',0,NULL,'2023-12-08 15:15:36',116),(149,'代码生成',8,'com.ruoyi.generator.controller.GenController.genCode()','GET',1,'admin','研发部门','/tool/gen/genCode/a_goods_apply','127.0.0.1','内网IP','{}','{\"msg\":\"操作成功\",\"code\":200}',0,NULL,'2023-12-08 15:16:16',209),(150,'代码生成',8,'com.ruoyi.generator.controller.GenController.genCode()','GET',1,'admin','研发部门','/tool/gen/genCode/a_goods_apply','127.0.0.1','内网IP','{}','{\"msg\":\"操作成功\",\"code\":200}',0,NULL,'2023-12-08 15:18:01',101),(151,'代码生成',2,'com.ruoyi.generator.controller.GenController.editSave()','PUT',1,'admin','研发部门','/tool/gen','127.0.0.1','内网IP','{\"businessName\":\"goodsApply\",\"className\":\"AGoodsApply\",\"columns\":[{\"capJavaField\":\"Id\",\"columnComment\":\"id\",\"columnId\":46,\"columnName\":\"id\",\"columnType\":\"bigint\",\"createBy\":\"admin\",\"createTime\":\"2023-12-08 14:36:22\",\"dictType\":\"\",\"edit\":false,\"htmlType\":\"input\",\"increment\":true,\"insert\":true,\"isIncrement\":\"1\",\"isInsert\":\"1\",\"isPk\":\"1\",\"isRequired\":\"0\",\"javaField\":\"id\",\"javaType\":\"Long\",\"list\":false,\"params\":{},\"pk\":true,\"query\":false,\"queryType\":\"EQ\",\"required\":false,\"sort\":1,\"superColumn\":false,\"tableId\":4,\"updateBy\":\"\",\"updateTime\":\"2023-12-08 15:04:38\",\"usableColumn\":false},{\"capJavaField\":\"ApplyNo\",\"columnComment\":\"单据编号\",\"columnId\":47,\"columnName\":\"apply_no\",\"columnType\":\"varchar(200)\",\"createBy\":\"admin\",\"createTime\":\"2023-12-08 14:36:22\",\"dictType\":\"\",\"edit\":true,\"htmlType\":\"input\",\"increment\":false,\"insert\":true,\"isEdit\":\"1\",\"isIncrement\":\"0\",\"isInsert\":\"1\",\"isList\":\"1\",\"isPk\":\"0\",\"isQuery\":\"1\",\"isRequired\":\"1\",\"javaField\":\"applyNo\",\"javaType\":\"String\",\"list\":true,\"params\":{},\"pk\":false,\"query\":true,\"queryType\":\"EQ\",\"required\":true,\"sort\":2,\"superColumn\":false,\"tableId\":4,\"updateBy\":\"\",\"updateTime\":\"2023-12-08 15:04:38\",\"usableColumn\":false},{\"capJavaField\":\"GoodsCode\",\"columnComment\":\"货品编号\",\"columnId\":48,\"columnName\":\"goods_code\",\"columnType\":\"varchar(200)\",\"createBy\":\"admin\",\"createTime\":\"2023-12-08 14:36:22\",\"dictType\":\"\",\"edit\":true,\"htmlType\":\"input\",\"increment\":false,\"insert\":true,\"isEdit\":\"1\",\"isIncrement\":\"0\",\"isInsert\":\"1\",\"isList\":\"1\",\"isPk\":\"0\",\"isQuery\":\"1\",\"isRequired\":\"0\",\"javaField\":\"goodsCode\",\"javaType\":\"String\",\"list\":true,\"params\":{},\"pk\":false,\"query\":true,\"queryType\":\"EQ\",\"required\":false,\"sort\":3,\"superColumn\":false,\"tableId\":4,\"updateBy\":\"\",\"updateTime\":\"2023-12-08 15:04:38\",\"usableColumn\":false},{\"capJavaField\":\"GoodsName\",\"columnComment\":\"货品名称\",\"columnId\":49,\"columnName\":\"goods_name\",\"columnType\":\"varchar(200)\",\"createBy\":\"admin\",\"createTime\":\"2023-12-08 14:36:22\",\"dictType\":\"\",\"edit\":true,\"htmlType\":\"input\",\"increment\":false,\"insert\":','{\"msg\":\"操作成功\",\"code\":200}',0,NULL,'2023-12-08 15:18:23',421),(152,'代码生成',8,'com.ruoyi.generator.controller.GenController.genCode()','GET',1,'admin','研发部门','/tool/gen/genCode/a_goods_apply','127.0.0.1','内网IP','{}','{\"msg\":\"操作成功\",\"code\":200}',0,NULL,'2023-12-08 15:18:25',103),(153,'代码生成',8,'com.ruoyi.generator.controller.GenController.genCode()','GET',1,'admin','研发部门','/tool/gen/genCode/a_goods_apply','127.0.0.1','内网IP','{}','{\"msg\":\"操作成功\",\"code\":200}',0,NULL,'2023-12-08 15:18:56',92),(154,'代码生成',2,'com.ruoyi.generator.controller.GenController.editSave()','PUT',1,'admin','研发部门','/tool/gen','127.0.0.1','内网IP','{\"businessName\":\"goodsApply\",\"className\":\"AGoodsApply\",\"columns\":[{\"capJavaField\":\"Id\",\"columnComment\":\"id\",\"columnId\":46,\"columnName\":\"id\",\"columnType\":\"bigint\",\"createBy\":\"admin\",\"createTime\":\"2023-12-08 14:36:22\",\"dictType\":\"\",\"edit\":false,\"htmlType\":\"input\",\"increment\":true,\"insert\":true,\"isIncrement\":\"1\",\"isInsert\":\"1\",\"isPk\":\"1\",\"isRequired\":\"0\",\"javaField\":\"id\",\"javaType\":\"Long\",\"list\":false,\"params\":{},\"pk\":true,\"query\":false,\"queryType\":\"EQ\",\"required\":false,\"sort\":1,\"superColumn\":false,\"tableId\":4,\"updateBy\":\"\",\"updateTime\":\"2023-12-08 15:18:22\",\"usableColumn\":false},{\"capJavaField\":\"ApplyNo\",\"columnComment\":\"单据编号\",\"columnId\":47,\"columnName\":\"apply_no\",\"columnType\":\"varchar(200)\",\"createBy\":\"admin\",\"createTime\":\"2023-12-08 14:36:22\",\"dictType\":\"\",\"edit\":true,\"htmlType\":\"input\",\"increment\":false,\"insert\":true,\"isEdit\":\"1\",\"isIncrement\":\"0\",\"isInsert\":\"1\",\"isList\":\"1\",\"isPk\":\"0\",\"isQuery\":\"1\",\"isRequired\":\"1\",\"javaField\":\"applyNo\",\"javaType\":\"String\",\"list\":true,\"params\":{},\"pk\":false,\"query\":true,\"queryType\":\"EQ\",\"required\":true,\"sort\":2,\"superColumn\":false,\"tableId\":4,\"updateBy\":\"\",\"updateTime\":\"2023-12-08 15:18:22\",\"usableColumn\":false},{\"capJavaField\":\"GoodsCode\",\"columnComment\":\"货品编号\",\"columnId\":48,\"columnName\":\"goods_code\",\"columnType\":\"varchar(200)\",\"createBy\":\"admin\",\"createTime\":\"2023-12-08 14:36:22\",\"dictType\":\"\",\"edit\":true,\"htmlType\":\"input\",\"increment\":false,\"insert\":true,\"isEdit\":\"1\",\"isIncrement\":\"0\",\"isInsert\":\"1\",\"isList\":\"1\",\"isPk\":\"0\",\"isQuery\":\"1\",\"isRequired\":\"0\",\"javaField\":\"goodsCode\",\"javaType\":\"String\",\"list\":true,\"params\":{},\"pk\":false,\"query\":true,\"queryType\":\"EQ\",\"required\":false,\"sort\":3,\"superColumn\":false,\"tableId\":4,\"updateBy\":\"\",\"updateTime\":\"2023-12-08 15:18:23\",\"usableColumn\":false},{\"capJavaField\":\"GoodsName\",\"columnComment\":\"货品名称\",\"columnId\":49,\"columnName\":\"goods_name\",\"columnType\":\"varchar(200)\",\"createBy\":\"admin\",\"createTime\":\"2023-12-08 14:36:22\",\"dictType\":\"\",\"edit\":true,\"htmlType\":\"input\",\"increment\":false,\"insert\":','{\"msg\":\"操作成功\",\"code\":200}',0,NULL,'2023-12-08 15:19:06',466),(155,'代码生成',2,'com.ruoyi.generator.controller.GenController.editSave()','PUT',1,'admin','研发部门','/tool/gen','127.0.0.1','内网IP','{\"businessName\":\"goodsApply\",\"className\":\"AGoodsApply\",\"columns\":[{\"capJavaField\":\"Id\",\"columnComment\":\"id\",\"columnId\":46,\"columnName\":\"id\",\"columnType\":\"bigint\",\"createBy\":\"admin\",\"createTime\":\"2023-12-08 14:36:22\",\"dictType\":\"\",\"edit\":false,\"htmlType\":\"input\",\"increment\":true,\"insert\":true,\"isIncrement\":\"1\",\"isInsert\":\"1\",\"isPk\":\"1\",\"isRequired\":\"0\",\"javaField\":\"id\",\"javaType\":\"Long\",\"list\":false,\"params\":{},\"pk\":true,\"query\":false,\"queryType\":\"EQ\",\"required\":false,\"sort\":1,\"superColumn\":false,\"tableId\":4,\"updateBy\":\"\",\"updateTime\":\"2023-12-08 15:19:05\",\"usableColumn\":false},{\"capJavaField\":\"ApplyNo\",\"columnComment\":\"单据编号\",\"columnId\":47,\"columnName\":\"apply_no\",\"columnType\":\"varchar(200)\",\"createBy\":\"admin\",\"createTime\":\"2023-12-08 14:36:22\",\"dictType\":\"\",\"edit\":true,\"htmlType\":\"input\",\"increment\":false,\"insert\":true,\"isEdit\":\"1\",\"isIncrement\":\"0\",\"isInsert\":\"1\",\"isList\":\"1\",\"isPk\":\"0\",\"isQuery\":\"1\",\"isRequired\":\"1\",\"javaField\":\"applyNo\",\"javaType\":\"String\",\"list\":true,\"params\":{},\"pk\":false,\"query\":true,\"queryType\":\"EQ\",\"required\":true,\"sort\":2,\"superColumn\":false,\"tableId\":4,\"updateBy\":\"\",\"updateTime\":\"2023-12-08 15:19:05\",\"usableColumn\":false},{\"capJavaField\":\"GoodsCode\",\"columnComment\":\"货品编号\",\"columnId\":48,\"columnName\":\"goods_code\",\"columnType\":\"varchar(200)\",\"createBy\":\"admin\",\"createTime\":\"2023-12-08 14:36:22\",\"dictType\":\"\",\"edit\":true,\"htmlType\":\"input\",\"increment\":false,\"insert\":true,\"isEdit\":\"1\",\"isIncrement\":\"0\",\"isInsert\":\"1\",\"isList\":\"1\",\"isPk\":\"0\",\"isQuery\":\"1\",\"isRequired\":\"0\",\"javaField\":\"goodsCode\",\"javaType\":\"String\",\"list\":true,\"params\":{},\"pk\":false,\"query\":true,\"queryType\":\"EQ\",\"required\":false,\"sort\":3,\"superColumn\":false,\"tableId\":4,\"updateBy\":\"\",\"updateTime\":\"2023-12-08 15:19:05\",\"usableColumn\":false},{\"capJavaField\":\"GoodsName\",\"columnComment\":\"货品名称\",\"columnId\":49,\"columnName\":\"goods_name\",\"columnType\":\"varchar(200)\",\"createBy\":\"admin\",\"createTime\":\"2023-12-08 14:36:22\",\"dictType\":\"\",\"edit\":true,\"htmlType\":\"input\",\"increment\":false,\"insert\":','{\"msg\":\"操作成功\",\"code\":200}',0,NULL,'2023-12-08 15:19:13',357),(156,'代码生成',8,'com.ruoyi.generator.controller.GenController.genCode()','GET',1,'admin','研发部门','/tool/gen/genCode/a_goods_apply','127.0.0.1','内网IP','{}','{\"msg\":\"操作成功\",\"code\":200}',0,NULL,'2023-12-08 15:19:16',102),(157,'代码生成',6,'com.ruoyi.generator.controller.GenController.importTableSave()','POST',1,'admin','研发部门','/tool/gen/importTable','127.0.0.1','内网IP','{\"tables\":\"sys_logininfor\"}','{\"msg\":\"操作成功\",\"code\":200}',0,NULL,'2023-12-08 15:19:59',293),(158,'代码生成',8,'com.ruoyi.generator.controller.GenController.genCode()','GET',1,'admin','研发部门','/tool/gen/genCode/a_goods_apply','127.0.0.1','内网IP','{}','{\"msg\":\"操作成功\",\"code\":200}',0,NULL,'2023-12-12 09:31:19',183),(159,'代码生成',8,'com.ruoyi.generator.controller.GenController.genCode()','GET',1,'admin','研发部门','/tool/gen/genCode/a_goods_apply','127.0.0.1','内网IP','{}','{\"msg\":\"操作成功\",\"code\":200}',0,NULL,'2023-12-12 09:35:06',107),(160,'代码生成',8,'com.ruoyi.generator.controller.GenController.genCode()','GET',1,'admin','研发部门','/tool/gen/genCode/a_goods_apply','127.0.0.1','内网IP','{}','{\"msg\":\"操作成功\",\"code\":200}',0,NULL,'2023-12-12 10:44:20',107),(161,'货品申请',2,'com.ruoyi.autoee.controller.AGoodsApplyController.edit()','PUT',1,'admin','研发部门','/autoee/goodsApply','127.0.0.1','内网IP','{\"applicant\":\"43\",\"applicantDeptId\":43,\"applicantName\":\"343\",\"applyNo\":\"43\",\"createBy\":\"\",\"createTime\":\"2023-12-08 14:59:23\",\"delFlag\":\"0\",\"goodsCode\":\"43\",\"goodsName\":\"4\",\"id\":210,\"number\":3,\"params\":{},\"remark\":\"43\",\"standard\":\"34\",\"unit\":\"34\",\"updateBy\":\"\",\"updateTime\":\"2023-12-12 10:45:10\"}','{\"msg\":\"操作成功\",\"code\":200}',0,NULL,'2023-12-12 10:45:10',36),(162,'代码生成',6,'com.ruoyi.generator.controller.GenController.importTableSave()','POST',1,'admin','研发部门','/tool/gen/importTable','127.0.0.1','内网IP','{\"tables\":\"a_test_apply\"}','{\"msg\":\"操作成功\",\"code\":200}',0,NULL,'2023-12-12 10:48:37',243),(163,'代码生成',2,'com.ruoyi.generator.controller.GenController.editSave()','PUT',1,'admin','研发部门','/tool/gen','127.0.0.1','内网IP','{\"businessName\":\"testApply\",\"className\":\"ATestApply\",\"columns\":[{\"capJavaField\":\"Id\",\"columnComment\":\"id\",\"columnId\":73,\"columnName\":\"id\",\"columnType\":\"bigint\",\"createBy\":\"admin\",\"createTime\":\"2023-12-12 10:48:37\",\"dictType\":\"\",\"edit\":false,\"htmlType\":\"input\",\"increment\":true,\"insert\":true,\"isIncrement\":\"1\",\"isInsert\":\"1\",\"isPk\":\"1\",\"isRequired\":\"0\",\"javaField\":\"id\",\"javaType\":\"Long\",\"list\":false,\"params\":{},\"pk\":true,\"query\":false,\"queryType\":\"EQ\",\"required\":false,\"sort\":1,\"superColumn\":false,\"tableId\":6,\"updateBy\":\"\",\"usableColumn\":false},{\"capJavaField\":\"ApplyNo\",\"columnComment\":\"单据编号\",\"columnId\":74,\"columnName\":\"apply_no\",\"columnType\":\"varchar(200)\",\"createBy\":\"admin\",\"createTime\":\"2023-12-12 10:48:37\",\"dictType\":\"\",\"edit\":true,\"htmlType\":\"input\",\"increment\":false,\"insert\":true,\"isEdit\":\"1\",\"isIncrement\":\"0\",\"isInsert\":\"1\",\"isList\":\"1\",\"isPk\":\"0\",\"isQuery\":\"1\",\"isRequired\":\"1\",\"javaField\":\"applyNo\",\"javaType\":\"String\",\"list\":true,\"params\":{},\"pk\":false,\"query\":true,\"queryType\":\"EQ\",\"required\":true,\"sort\":2,\"superColumn\":false,\"tableId\":6,\"updateBy\":\"\",\"usableColumn\":false},{\"capJavaField\":\"GoodsCode\",\"columnComment\":\"货品编号\",\"columnId\":75,\"columnName\":\"goods_code\",\"columnType\":\"varchar(200)\",\"createBy\":\"admin\",\"createTime\":\"2023-12-12 10:48:37\",\"dictType\":\"\",\"edit\":true,\"htmlType\":\"input\",\"increment\":false,\"insert\":true,\"isEdit\":\"1\",\"isIncrement\":\"0\",\"isInsert\":\"1\",\"isList\":\"1\",\"isPk\":\"0\",\"isQuery\":\"1\",\"isRequired\":\"0\",\"javaField\":\"goodsCode\",\"javaType\":\"String\",\"list\":true,\"params\":{},\"pk\":false,\"query\":true,\"queryType\":\"EQ\",\"required\":false,\"sort\":3,\"superColumn\":false,\"tableId\":6,\"updateBy\":\"\",\"usableColumn\":false},{\"capJavaField\":\"GoodsName\",\"columnComment\":\"货品名称\",\"columnId\":76,\"columnName\":\"goods_name\",\"columnType\":\"varchar(200)\",\"createBy\":\"admin\",\"createTime\":\"2023-12-12 10:48:37\",\"dictType\":\"\",\"edit\":true,\"htmlType\":\"input\",\"increment\":false,\"insert\":true,\"isEdit\":\"1\",\"isIncrement\":\"0\",\"isInsert\":\"1\",\"isList\":\"1\",\"isPk\":\"0\",\"isQuery\":\"1\",\"isRequired\":\"1\",\"','{\"msg\":\"操作成功\",\"code\":200}',0,NULL,'2023-12-12 10:49:01',225),(164,'代码生成',8,'com.ruoyi.generator.controller.GenController.genCode()','GET',1,'admin','研发部门','/tool/gen/genCode/a_test_apply','127.0.0.1','内网IP','{}','{\"msg\":\"操作成功\",\"code\":200}',0,NULL,'2023-12-12 10:49:03',99),(165,'代码生成',3,'com.ruoyi.generator.controller.GenController.remove()','DELETE',1,'admin','研发部门','/tool/gen/6','127.0.0.1','内网IP','{}','{\"msg\":\"操作成功\",\"code\":200}',0,NULL,'2023-12-12 11:13:21',304),(166,'代码生成',3,'com.ruoyi.generator.controller.GenController.remove()','DELETE',1,'admin','研发部门','/tool/gen/5','127.0.0.1','内网IP','{}','{\"msg\":\"操作成功\",\"code\":200}',0,NULL,'2023-12-12 11:13:46',78),(167,'代码生成',3,'com.ruoyi.generator.controller.GenController.remove()','DELETE',1,'admin','研发部门','/tool/gen/2','127.0.0.1','内网IP','{}','{\"msg\":\"操作成功\",\"code\":200}',0,NULL,'2023-12-12 11:13:48',69),(168,'代码生成',3,'com.ruoyi.generator.controller.GenController.remove()','DELETE',1,'admin','研发部门','/tool/gen/3','127.0.0.1','内网IP','{}','{\"msg\":\"操作成功\",\"code\":200}',0,NULL,'2023-12-12 11:13:50',81),(169,'代码生成',3,'com.ruoyi.generator.controller.GenController.remove()','DELETE',1,'admin','研发部门','/tool/gen/1','127.0.0.1','内网IP','{}','{\"msg\":\"操作成功\",\"code\":200}',0,NULL,'2023-12-12 11:13:51',69),(170,'代码生成',6,'com.ruoyi.generator.controller.GenController.importTableSave()','POST',1,'admin','研发部门','/tool/gen/importTable','127.0.0.1','内网IP','{\"tables\":\"a_test_apply\"}','{\"msg\":\"操作成功\",\"code\":200}',0,NULL,'2023-12-12 11:14:43',42765),(171,'代码生成',6,'com.ruoyi.generator.controller.GenController.importTableSave()','POST',1,'admin','研发部门','/tool/gen/importTable','127.0.0.1','内网IP','{\"tables\":\"a_test_apply\"}','{\"msg\":\"操作成功\",\"code\":200}',0,NULL,'2023-12-12 11:19:32',35948),(172,'代码生成',6,'com.ruoyi.generator.controller.GenController.importTableSave()','POST',1,'admin','研发部门','/tool/gen/importTable','127.0.0.1','内网IP','{\"tables\":\"a_test_apply\"}','{\"msg\":\"操作成功\",\"code\":200}',0,NULL,'2023-12-12 11:19:50',14903),(173,'代码生成',6,'com.ruoyi.generator.controller.GenController.importTableSave()','POST',1,'admin','研发部门','/tool/gen/importTable','127.0.0.1','内网IP','{\"tables\":\"a_test_apply\"}','{\"msg\":\"操作成功\",\"code\":200}',0,NULL,'2023-12-12 11:20:22',25837),(174,'代码生成',6,'com.ruoyi.generator.controller.GenController.importTableSave()','POST',1,'admin','研发部门','/tool/gen/importTable','127.0.0.1','内网IP','{\"tables\":\"a_test_apply\"}','{\"msg\":\"操作成功\",\"code\":200}',0,NULL,'2023-12-12 11:21:18',47593),(175,'代码生成',6,'com.ruoyi.generator.controller.GenController.importTableSave()','POST',1,'admin','研发部门','/tool/gen/importTable','127.0.0.1','内网IP','{\"tables\":\"a_test_apply\"}','{\"msg\":\"操作成功\",\"code\":200}',0,NULL,'2023-12-12 11:22:19',50692),(176,'代码生成',6,'com.ruoyi.generator.controller.GenController.importTableSave()','POST',1,'admin','研发部门','/tool/gen/importTable','127.0.0.1','内网IP','{\"tables\":\"a_test_apply\"}','{\"msg\":\"操作成功\",\"code\":200}',0,NULL,'2023-12-12 11:23:05',33841),(177,'代码生成',6,'com.ruoyi.generator.controller.GenController.importTableSave()','POST',1,'admin','研发部门','/tool/gen/importTable','127.0.0.1','内网IP','{\"tables\":\"a_test_apply\"}','{\"msg\":\"操作成功\",\"code\":200}',0,NULL,'2023-12-12 11:25:53',647),(178,'代码生成',3,'com.ruoyi.generator.controller.GenController.remove()','DELETE',1,'admin','研发部门','/tool/gen/14','127.0.0.1','内网IP','{}','{\"msg\":\"操作成功\",\"code\":200}',0,NULL,'2023-12-12 11:25:58',61),(179,'代码生成',3,'com.ruoyi.generator.controller.GenController.remove()','DELETE',1,'admin','研发部门','/tool/gen/13','127.0.0.1','内网IP','{}','{\"msg\":\"操作成功\",\"code\":200}',0,NULL,'2023-12-12 11:26:02',64),(180,'代码生成',3,'com.ruoyi.generator.controller.GenController.remove()','DELETE',1,'admin','研发部门','/tool/gen/12','127.0.0.1','内网IP','{}','{\"msg\":\"操作成功\",\"code\":200}',0,NULL,'2023-12-12 11:26:04',63),(181,'代码生成',3,'com.ruoyi.generator.controller.GenController.remove()','DELETE',1,'admin','研发部门','/tool/gen/11','127.0.0.1','内网IP','{}','{\"msg\":\"操作成功\",\"code\":200}',0,NULL,'2023-12-12 11:26:05',88),(182,'代码生成',3,'com.ruoyi.generator.controller.GenController.remove()','DELETE',1,'admin','研发部门','/tool/gen/10','127.0.0.1','内网IP','{}','{\"msg\":\"操作成功\",\"code\":200}',0,NULL,'2023-12-12 11:26:06',83),(183,'代码生成',3,'com.ruoyi.generator.controller.GenController.remove()','DELETE',1,'admin','研发部门','/tool/gen/9','127.0.0.1','内网IP','{}','{\"msg\":\"操作成功\",\"code\":200}',0,NULL,'2023-12-12 11:26:08',64),(184,'代码生成',3,'com.ruoyi.generator.controller.GenController.remove()','DELETE',1,'admin','研发部门','/tool/gen/8','127.0.0.1','内网IP','{}','{\"msg\":\"操作成功\",\"code\":200}',0,NULL,'2023-12-12 11:26:10',83),(185,'代码生成',3,'com.ruoyi.generator.controller.GenController.remove()','DELETE',1,'admin','研发部门','/tool/gen/7','127.0.0.1','内网IP','{}','{\"msg\":\"操作成功\",\"code\":200}',0,NULL,'2023-12-12 11:26:11',61),(186,'代码生成',3,'com.ruoyi.generator.controller.GenController.remove()','DELETE',1,'admin','研发部门','/tool/gen/4','127.0.0.1','内网IP','{}','{\"msg\":\"操作成功\",\"code\":200}',0,NULL,'2023-12-12 11:32:03',109),(187,'代码生成',6,'com.ruoyi.generator.controller.GenController.importTableSave()','POST',1,'admin','研发部门','/tool/gen/importTable','127.0.0.1','内网IP','{\"tables\":\"a_test_apply\"}','{\"msg\":\"操作成功\",\"code\":200}',0,NULL,'2023-12-12 11:32:08',253),(188,'代码生成',3,'com.ruoyi.generator.controller.GenController.remove()','DELETE',1,'admin','研发部门','/tool/gen/15','127.0.0.1','内网IP','{}','{\"msg\":\"操作成功\",\"code\":200}',0,NULL,'2023-12-12 11:32:57',66),(189,'代码生成',6,'com.ruoyi.generator.controller.GenController.importTableSave()','POST',1,'admin','研发部门','/tool/gen/importTable','127.0.0.1','内网IP','{\"tables\":\"a_test_apply\"}','{\"msg\":\"操作成功\",\"code\":200}',0,NULL,'2023-12-12 11:33:02',223),(190,'代码生成',2,'com.ruoyi.generator.controller.GenController.editSave()','PUT',1,'admin','研发部门','/tool/gen','127.0.0.1','内网IP','{\"businessName\":\"testApply\",\"className\":\"ATestApply\",\"columns\":[{\"capJavaField\":\"Id\",\"columnComment\":\"id\",\"columnId\":163,\"columnName\":\"id\",\"columnType\":\"bigint\",\"createBy\":\"admin\",\"createTime\":\"2023-12-12 11:33:02\",\"dictType\":\"\",\"edit\":false,\"htmlType\":\"input\",\"increment\":true,\"insert\":true,\"isIncrement\":\"1\",\"isInsert\":\"1\",\"isPk\":\"1\",\"isRequired\":\"0\",\"javaField\":\"id\",\"javaType\":\"Long\",\"list\":false,\"params\":{},\"pk\":true,\"query\":false,\"queryType\":\"EQ\",\"required\":false,\"sort\":1,\"superColumn\":false,\"tableId\":16,\"updateBy\":\"\",\"usableColumn\":false},{\"capJavaField\":\"ApplyNo\",\"columnComment\":\"单据编号\",\"columnId\":164,\"columnName\":\"apply_no\",\"columnType\":\"varchar(200)\",\"createBy\":\"admin\",\"createTime\":\"2023-12-12 11:33:02\",\"dictType\":\"\",\"edit\":true,\"htmlType\":\"input\",\"increment\":false,\"insert\":true,\"isEdit\":\"1\",\"isIncrement\":\"0\",\"isInsert\":\"1\",\"isList\":\"1\",\"isPk\":\"0\",\"isQuery\":\"1\",\"isRequired\":\"1\",\"javaField\":\"applyNo\",\"javaType\":\"String\",\"list\":true,\"params\":{},\"pk\":false,\"query\":true,\"queryType\":\"EQ\",\"required\":true,\"sort\":2,\"superColumn\":false,\"tableId\":16,\"updateBy\":\"\",\"usableColumn\":false},{\"capJavaField\":\"GoodsCode\",\"columnComment\":\"货品编号\",\"columnId\":165,\"columnName\":\"goods_code\",\"columnType\":\"varchar(200)\",\"createBy\":\"admin\",\"createTime\":\"2023-12-12 11:33:02\",\"dictType\":\"\",\"edit\":true,\"htmlType\":\"input\",\"increment\":false,\"insert\":true,\"isEdit\":\"1\",\"isIncrement\":\"0\",\"isInsert\":\"1\",\"isList\":\"1\",\"isPk\":\"0\",\"isQuery\":\"1\",\"isRequired\":\"0\",\"javaField\":\"goodsCode\",\"javaType\":\"String\",\"list\":true,\"params\":{},\"pk\":false,\"query\":true,\"queryType\":\"EQ\",\"required\":false,\"sort\":3,\"superColumn\":false,\"tableId\":16,\"updateBy\":\"\",\"usableColumn\":false},{\"capJavaField\":\"GoodsName\",\"columnComment\":\"货品名称\",\"columnId\":166,\"columnName\":\"goods_name\",\"columnType\":\"varchar(200)\",\"createBy\":\"admin\",\"createTime\":\"2023-12-12 11:33:02\",\"dictType\":\"\",\"edit\":true,\"htmlType\":\"input\",\"increment\":false,\"insert\":true,\"isEdit\":\"1\",\"isIncrement\":\"0\",\"isInsert\":\"1\",\"isList\":\"1\",\"isPk\":\"0\",\"isQuery\":\"1\",\"isRequired','{\"msg\":\"操作成功\",\"code\":200}',0,NULL,'2023-12-12 11:33:11',234),(191,'代码生成',8,'com.ruoyi.generator.controller.GenController.genCode()','GET',1,'admin','研发部门','/tool/gen/genCode/a_test_apply','127.0.0.1','内网IP','{}','{\"msg\":\"操作成功\",\"code\":200}',0,NULL,'2023-12-12 11:33:13',152),(192,'测试申请',1,'com.ruoyi.autoee.controller.ATestApplyController.add()','POST',1,'admin','研发部门','/autoee/testApply','127.0.0.1','内网IP','{\"applyNo\":\"2\",\"createTime\":\"2023-12-12 11:33:42\",\"goodsCode\":\"32\",\"goodsName\":\"3232\",\"id\":211,\"params\":{},\"updateTime\":\"2023-12-12 11:33:42\"}','{\"msg\":\"操作成功\",\"code\":200}',0,NULL,'2023-12-12 11:33:42',34),(193,'测试申请',2,'com.ruoyi.autoee.controller.ATestApplyController.edit()','PUT',1,'admin','研发部门','/autoee/testApply','127.0.0.1','内网IP','{\"applyNo\":\"2\",\"createBy\":\"\",\"createTime\":\"2023-12-12 11:33:42\",\"delFlag\":\"0\",\"goodsCode\":\"32\",\"goodsName\":\"32323232\",\"id\":211,\"params\":{},\"updateBy\":\"\",\"updateTime\":\"2023-12-12 11:33:45\"}','{\"msg\":\"操作成功\",\"code\":200}',0,NULL,'2023-12-12 11:33:45',20),(194,'代码生成',6,'com.ruoyi.generator.controller.GenController.importTableSave()','POST',1,'admin','总部','/tool/gen/importTable','127.0.0.1','内网IP','{\"tables\":\"heny_key_use_apply\"}','{\"msg\":\"操作成功\",\"code\":200}',0,NULL,'2024-02-23 14:36:06',350),(195,'代码生成',2,'com.ruoyi.generator.controller.GenController.editSave()','PUT',1,'admin','总部','/tool/gen','127.0.0.1','内网IP','{\"businessName\":\"henyKeyUseApply\",\"className\":\"HenyKeyUseApply\",\"columns\":[{\"capJavaField\":\"Id\",\"columnComment\":\"ID\",\"columnId\":172,\"columnName\":\"id\",\"columnType\":\"bigint\",\"createBy\":\"admin\",\"createTime\":\"2024-02-23 14:36:05\",\"dictType\":\"\",\"edit\":false,\"htmlType\":\"input\",\"increment\":true,\"insert\":true,\"isIncrement\":\"1\",\"isInsert\":\"1\",\"isPk\":\"1\",\"isRequired\":\"0\",\"javaField\":\"id\",\"javaType\":\"Long\",\"list\":false,\"params\":{},\"pk\":true,\"query\":false,\"queryType\":\"EQ\",\"required\":false,\"sort\":1,\"superColumn\":false,\"tableId\":17,\"updateBy\":\"\",\"usableColumn\":false},{\"capJavaField\":\"KeyId\",\"columnComment\":\"钥匙主键\",\"columnId\":173,\"columnName\":\"key_id\",\"columnType\":\"int\",\"createBy\":\"admin\",\"createTime\":\"2024-02-23 14:36:05\",\"dictType\":\"\",\"edit\":true,\"htmlType\":\"input\",\"increment\":false,\"insert\":true,\"isEdit\":\"1\",\"isIncrement\":\"0\",\"isInsert\":\"1\",\"isList\":\"0\",\"isPk\":\"0\",\"isQuery\":\"0\",\"isRequired\":\"1\",\"javaField\":\"keyId\",\"javaType\":\"Long\",\"list\":false,\"params\":{},\"pk\":false,\"query\":false,\"queryType\":\"EQ\",\"required\":true,\"sort\":2,\"superColumn\":false,\"tableId\":17,\"updateBy\":\"\",\"usableColumn\":false},{\"capJavaField\":\"KeyName\",\"columnComment\":\"钥匙名称\",\"columnId\":174,\"columnName\":\"key_name\",\"columnType\":\"varchar(255)\",\"createBy\":\"admin\",\"createTime\":\"2024-02-23 14:36:05\",\"dictType\":\"\",\"edit\":true,\"htmlType\":\"input\",\"increment\":false,\"insert\":true,\"isEdit\":\"1\",\"isIncrement\":\"0\",\"isInsert\":\"1\",\"isList\":\"1\",\"isPk\":\"0\",\"isQuery\":\"1\",\"isRequired\":\"1\",\"javaField\":\"keyName\",\"javaType\":\"String\",\"list\":true,\"params\":{},\"pk\":false,\"query\":true,\"queryType\":\"LIKE\",\"required\":true,\"sort\":3,\"superColumn\":false,\"tableId\":17,\"updateBy\":\"\",\"usableColumn\":false},{\"capJavaField\":\"KeyNumber\",\"columnComment\":\"钥匙编号\",\"columnId\":175,\"columnName\":\"key_number\",\"columnType\":\"varchar(255)\",\"createBy\":\"admin\",\"createTime\":\"2024-02-23 14:36:05\",\"dictType\":\"\",\"edit\":true,\"htmlType\":\"input\",\"increment\":false,\"insert\":true,\"isEdit\":\"1\",\"isIncrement\":\"0\",\"isInsert\":\"1\",\"isList\":\"1\",\"isPk\":\"0\",\"isQuery\":\"1\",\"isRequired\":\"0\",\"ja','{\"msg\":\"操作成功\",\"code\":200}',0,NULL,'2024-02-23 14:39:49',242),(196,'字典类型',1,'com.ruoyi.web.controller.system.SysDictTypeController.add()','POST',1,'admin','总部','/system/dict/type','127.0.0.1','内网IP','{\"createBy\":\"admin\",\"dictName\":\"审核状态\",\"dictType\":\"audit_status\",\"params\":{},\"status\":\"0\"}','{\"msg\":\"操作成功\",\"code\":200}',0,NULL,'2024-02-23 14:40:27',19),(197,'字典数据',1,'com.ruoyi.web.controller.system.SysDictDataController.add()','POST',1,'admin','总部','/system/dict/data','127.0.0.1','内网IP','{\"createBy\":\"admin\",\"default\":false,\"dictLabel\":\"待提交\",\"dictSort\":0,\"dictType\":\"audit_status\",\"dictValue\":\"WAIT_SUBMIT\",\"listClass\":\"default\",\"params\":{},\"status\":\"0\"}','{\"msg\":\"操作成功\",\"code\":200}',0,NULL,'2024-02-23 14:40:56',26),(198,'字典数据',1,'com.ruoyi.web.controller.system.SysDictDataController.add()','POST',1,'admin','总部','/system/dict/data','127.0.0.1','内网IP','{\"createBy\":\"admin\",\"default\":false,\"dictLabel\":\"待部门审核\",\"dictSort\":0,\"dictType\":\"audit_status\",\"dictValue\":\"WAIT_DEPT_AUDIT\",\"listClass\":\"default\",\"params\":{},\"status\":\"0\"}','{\"msg\":\"操作成功\",\"code\":200}',0,NULL,'2024-02-23 14:41:24',51),(199,'字典数据',1,'com.ruoyi.web.controller.system.SysDictDataController.add()','POST',1,'admin','总部','/system/dict/data','127.0.0.1','内网IP','{\"createBy\":\"admin\",\"default\":false,\"dictLabel\":\"待管理员审核\",\"dictSort\":0,\"dictType\":\"audit_status\",\"dictValue\":\"WAIT_ADMIN_AUDIT\",\"listClass\":\"default\",\"params\":{},\"status\":\"0\"}','{\"msg\":\"操作成功\",\"code\":200}',0,NULL,'2024-02-23 14:41:48',17),(200,'字典数据',1,'com.ruoyi.web.controller.system.SysDictDataController.add()','POST',1,'admin','总部','/system/dict/data','127.0.0.1','内网IP','{\"createBy\":\"admin\",\"default\":false,\"dictLabel\":\"审核通过\",\"dictSort\":0,\"dictType\":\"audit_status\",\"dictValue\":\"AUDIT_PASS\",\"listClass\":\"default\",\"params\":{},\"status\":\"0\"}','{\"msg\":\"操作成功\",\"code\":200}',0,NULL,'2024-02-23 14:42:06',32),(201,'字典数据',1,'com.ruoyi.web.controller.system.SysDictDataController.add()','POST',1,'admin','总部','/system/dict/data','127.0.0.1','内网IP','{\"createBy\":\"admin\",\"default\":false,\"dictLabel\":\"审核不通过\",\"dictSort\":0,\"dictType\":\"audit_status\",\"dictValue\":\"AUDIT_NO_PASS\",\"listClass\":\"default\",\"params\":{},\"status\":\"0\"}','{\"msg\":\"操作成功\",\"code\":200}',0,NULL,'2024-02-23 14:42:19',16),(202,'代码生成',2,'com.ruoyi.generator.controller.GenController.editSave()','PUT',1,'admin','总部','/tool/gen','127.0.0.1','内网IP','{\"businessName\":\"henyKeyUseApply\",\"className\":\"HenyKeyUseApply\",\"columns\":[{\"capJavaField\":\"Id\",\"columnComment\":\"ID\",\"columnId\":172,\"columnName\":\"id\",\"columnType\":\"bigint\",\"createBy\":\"admin\",\"createTime\":\"2024-02-23 14:36:05\",\"dictType\":\"\",\"edit\":false,\"htmlType\":\"input\",\"increment\":true,\"insert\":true,\"isIncrement\":\"1\",\"isInsert\":\"1\",\"isPk\":\"1\",\"isRequired\":\"0\",\"javaField\":\"id\",\"javaType\":\"Long\",\"list\":false,\"params\":{},\"pk\":true,\"query\":false,\"queryType\":\"EQ\",\"required\":false,\"sort\":1,\"superColumn\":false,\"tableId\":17,\"updateBy\":\"\",\"updateTime\":\"2024-02-23 14:39:49\",\"usableColumn\":false},{\"capJavaField\":\"KeyId\",\"columnComment\":\"钥匙主键\",\"columnId\":173,\"columnName\":\"key_id\",\"columnType\":\"int\",\"createBy\":\"admin\",\"createTime\":\"2024-02-23 14:36:05\",\"dictType\":\"\",\"edit\":true,\"htmlType\":\"input\",\"increment\":false,\"insert\":true,\"isEdit\":\"1\",\"isIncrement\":\"0\",\"isInsert\":\"1\",\"isList\":\"0\",\"isPk\":\"0\",\"isQuery\":\"0\",\"isRequired\":\"1\",\"javaField\":\"keyId\",\"javaType\":\"Long\",\"list\":false,\"params\":{},\"pk\":false,\"query\":false,\"queryType\":\"EQ\",\"required\":true,\"sort\":2,\"superColumn\":false,\"tableId\":17,\"updateBy\":\"\",\"updateTime\":\"2024-02-23 14:39:49\",\"usableColumn\":false},{\"capJavaField\":\"KeyName\",\"columnComment\":\"钥匙名称\",\"columnId\":174,\"columnName\":\"key_name\",\"columnType\":\"varchar(255)\",\"createBy\":\"admin\",\"createTime\":\"2024-02-23 14:36:05\",\"dictType\":\"\",\"edit\":true,\"htmlType\":\"input\",\"increment\":false,\"insert\":true,\"isEdit\":\"1\",\"isIncrement\":\"0\",\"isInsert\":\"1\",\"isList\":\"1\",\"isPk\":\"0\",\"isQuery\":\"1\",\"isRequired\":\"1\",\"javaField\":\"keyName\",\"javaType\":\"String\",\"list\":true,\"params\":{},\"pk\":false,\"query\":true,\"queryType\":\"LIKE\",\"required\":true,\"sort\":3,\"superColumn\":false,\"tableId\":17,\"updateBy\":\"\",\"updateTime\":\"2024-02-23 14:39:49\",\"usableColumn\":false},{\"capJavaField\":\"KeyNumber\",\"columnComment\":\"钥匙编号\",\"columnId\":175,\"columnName\":\"key_number\",\"columnType\":\"varchar(255)\",\"createBy\":\"admin\",\"createTime\":\"2024-02-23 14:36:05\",\"dictType\":\"\",\"edit\":true,\"htmlType\":\"input\",\"increment\":false,\"insert\":true','{\"msg\":\"操作成功\",\"code\":200}',0,NULL,'2024-02-23 14:42:59',211),(203,'代码生成',8,'com.ruoyi.generator.controller.GenController.genCode()','GET',1,'admin','总部','/tool/gen/genCode/heny_key_use_apply','127.0.0.1','内网IP','{}','{\"msg\":\"操作成功\",\"code\":200}',0,NULL,'2024-02-23 14:43:03',142),(204,'钥匙使用申请',1,'com.ruoyi.autoee.controller.HenyKeyUseApplyController.add()','POST',1,'admin','总部','/autoee/henyKeyUseApply','127.0.0.1','内网IP','{\"createTime\":\"2024-02-23 14:44:43\",\"keyId\":2,\"keyName\":\"2\",\"keyNumber\":\"2\",\"params\":{},\"updateTime\":\"2024-02-23 14:44:43\",\"useBeginTime\":\"2024-02-13\",\"useEndTime\":\"2024-02-21\",\"useReason\":\"2\"}',NULL,1,'\r\n### Error updating database.  Cause: java.sql.SQLException: Field \'dept_id\' doesn\'t have a default value\r\n### The error may exist in file [D:\\aaXYproject\\aaXYProjects\\RuoYi-Vue-official-version\\ruoyi-admin\\target\\classes\\mapper\\autoee\\HenyKeyUseApplyMapper.xml]\r\n### The error may involve com.ruoyi.autoee.mapper.HenyKeyUseApplyMapper.insertHenyKeyUseApply-Inline\r\n### The error occurred while setting parameters\r\n### SQL: insert into heny_key_use_apply          ( key_id,             key_name,             key_number,             use_begin_time,             use_end_time,             use_reason,                                                                                                                                                                         create_time,                          update_time )           values ( ?,             ?,             ?,             ?,             ?,             ?,                                                                                                                                                                         ?,                          ? )\r\n### Cause: java.sql.SQLException: Field \'dept_id\' doesn\'t have a default value\n; Field \'dept_id\' doesn\'t have a default value; nested exception is java.sql.SQLException: Field \'dept_id\' doesn\'t have a default value','2024-02-23 14:44:43',78),(205,'代码生成',2,'com.ruoyi.generator.controller.GenController.synchDb()','GET',1,'admin','总部','/tool/gen/synchDb/heny_key_use_apply','127.0.0.1','内网IP','{}','{\"msg\":\"操作成功\",\"code\":200}',0,NULL,'2024-02-23 14:55:39',292),(206,'代码生成',2,'com.ruoyi.generator.controller.GenController.editSave()','PUT',1,'admin','总部','/tool/gen','127.0.0.1','内网IP','{\"businessName\":\"henyKeyUseApply\",\"className\":\"HenyKeyUseApply\",\"columns\":[{\"capJavaField\":\"Id\",\"columnComment\":\"ID\",\"columnId\":172,\"columnName\":\"id\",\"columnType\":\"bigint\",\"createBy\":\"admin\",\"createTime\":\"2024-02-23 14:36:05\",\"dictType\":\"\",\"edit\":false,\"htmlType\":\"input\",\"increment\":true,\"insert\":true,\"isIncrement\":\"1\",\"isInsert\":\"1\",\"isPk\":\"1\",\"isRequired\":\"0\",\"javaField\":\"id\",\"javaType\":\"Long\",\"list\":false,\"params\":{},\"pk\":true,\"query\":false,\"queryType\":\"EQ\",\"required\":false,\"sort\":1,\"superColumn\":false,\"tableId\":17,\"updateBy\":\"\",\"updateTime\":\"2024-02-23 14:55:39\",\"usableColumn\":false},{\"capJavaField\":\"KeyId\",\"columnComment\":\"钥匙主键\",\"columnId\":173,\"columnName\":\"key_id\",\"columnType\":\"int\",\"createBy\":\"admin\",\"createTime\":\"2024-02-23 14:36:05\",\"dictType\":\"\",\"edit\":false,\"htmlType\":\"input\",\"increment\":false,\"insert\":false,\"isEdit\":\"0\",\"isIncrement\":\"0\",\"isInsert\":\"0\",\"isList\":\"0\",\"isPk\":\"0\",\"isQuery\":\"0\",\"isRequired\":\"0\",\"javaField\":\"keyId\",\"javaType\":\"Long\",\"list\":false,\"params\":{},\"pk\":false,\"query\":false,\"queryType\":\"EQ\",\"required\":false,\"sort\":2,\"superColumn\":false,\"tableId\":17,\"updateBy\":\"\",\"updateTime\":\"2024-02-23 14:55:39\",\"usableColumn\":false},{\"capJavaField\":\"KeyName\",\"columnComment\":\"钥匙名称\",\"columnId\":174,\"columnName\":\"key_name\",\"columnType\":\"varchar(255)\",\"createBy\":\"admin\",\"createTime\":\"2024-02-23 14:36:05\",\"dictType\":\"\",\"edit\":true,\"htmlType\":\"input\",\"increment\":false,\"insert\":true,\"isEdit\":\"1\",\"isIncrement\":\"0\",\"isInsert\":\"1\",\"isList\":\"1\",\"isPk\":\"0\",\"isQuery\":\"1\",\"isRequired\":\"1\",\"javaField\":\"keyName\",\"javaType\":\"String\",\"list\":true,\"params\":{},\"pk\":false,\"query\":true,\"queryType\":\"LIKE\",\"required\":true,\"sort\":3,\"superColumn\":false,\"tableId\":17,\"updateBy\":\"\",\"updateTime\":\"2024-02-23 14:55:39\",\"usableColumn\":false},{\"capJavaField\":\"KeyNumber\",\"columnComment\":\"钥匙编号\",\"columnId\":175,\"columnName\":\"key_number\",\"columnType\":\"varchar(255)\",\"createBy\":\"admin\",\"createTime\":\"2024-02-23 14:36:05\",\"dictType\":\"\",\"edit\":true,\"htmlType\":\"input\",\"increment\":false,\"insert\":t','{\"msg\":\"操作成功\",\"code\":200}',0,NULL,'2024-02-23 15:01:54',263),(207,'代码生成',2,'com.ruoyi.generator.controller.GenController.editSave()','PUT',1,'admin','总部','/tool/gen','127.0.0.1','内网IP','{\"businessName\":\"henyKeyUseApply\",\"className\":\"HenyKeyUseApply\",\"columns\":[{\"capJavaField\":\"Id\",\"columnComment\":\"ID\",\"columnId\":172,\"columnName\":\"id\",\"columnType\":\"bigint\",\"createBy\":\"admin\",\"createTime\":\"2024-02-23 14:36:05\",\"dictType\":\"\",\"edit\":false,\"htmlType\":\"input\",\"increment\":true,\"insert\":true,\"isIncrement\":\"1\",\"isInsert\":\"1\",\"isPk\":\"1\",\"isRequired\":\"0\",\"javaField\":\"id\",\"javaType\":\"Long\",\"list\":false,\"params\":{},\"pk\":true,\"query\":false,\"queryType\":\"EQ\",\"required\":false,\"sort\":1,\"superColumn\":false,\"tableId\":17,\"updateBy\":\"\",\"updateTime\":\"2024-02-23 15:01:54\",\"usableColumn\":false},{\"capJavaField\":\"KeyId\",\"columnComment\":\"钥匙主键\",\"columnId\":173,\"columnName\":\"key_id\",\"columnType\":\"int\",\"createBy\":\"admin\",\"createTime\":\"2024-02-23 14:36:05\",\"dictType\":\"\",\"edit\":false,\"htmlType\":\"input\",\"increment\":false,\"insert\":false,\"isEdit\":\"0\",\"isIncrement\":\"0\",\"isInsert\":\"0\",\"isList\":\"0\",\"isPk\":\"0\",\"isQuery\":\"0\",\"isRequired\":\"0\",\"javaField\":\"keyId\",\"javaType\":\"Long\",\"list\":false,\"params\":{},\"pk\":false,\"query\":false,\"queryType\":\"EQ\",\"required\":false,\"sort\":2,\"superColumn\":false,\"tableId\":17,\"updateBy\":\"\",\"updateTime\":\"2024-02-23 15:01:54\",\"usableColumn\":false},{\"capJavaField\":\"KeyName\",\"columnComment\":\"钥匙名称\",\"columnId\":174,\"columnName\":\"key_name\",\"columnType\":\"varchar(255)\",\"createBy\":\"admin\",\"createTime\":\"2024-02-23 14:36:05\",\"dictType\":\"\",\"edit\":true,\"htmlType\":\"input\",\"increment\":false,\"insert\":true,\"isEdit\":\"1\",\"isIncrement\":\"0\",\"isInsert\":\"1\",\"isList\":\"1\",\"isPk\":\"0\",\"isQuery\":\"1\",\"isRequired\":\"1\",\"javaField\":\"keyName\",\"javaType\":\"String\",\"list\":true,\"params\":{},\"pk\":false,\"query\":true,\"queryType\":\"LIKE\",\"required\":true,\"sort\":3,\"superColumn\":false,\"tableId\":17,\"updateBy\":\"\",\"updateTime\":\"2024-02-23 15:01:54\",\"usableColumn\":false},{\"capJavaField\":\"KeyNumber\",\"columnComment\":\"钥匙编号\",\"columnId\":175,\"columnName\":\"key_number\",\"columnType\":\"varchar(255)\",\"createBy\":\"admin\",\"createTime\":\"2024-02-23 14:36:05\",\"dictType\":\"\",\"edit\":true,\"htmlType\":\"input\",\"increment\":false,\"insert\":t','{\"msg\":\"操作成功\",\"code\":200}',0,NULL,'2024-02-23 15:02:15',317),(208,'代码生成',8,'com.ruoyi.generator.controller.GenController.genCode()','GET',1,'admin','总部','/tool/gen/genCode/heny_key_use_apply','127.0.0.1','内网IP','{}','{\"msg\":\"操作成功\",\"code\":200}',0,NULL,'2024-02-23 15:02:20',64),(209,'钥匙使用申请',1,'com.ruoyi.autoee.controller.HenyKeyUseApplyController.add()','POST',1,'admin','总部','/autoee/henyKeyUseApply','127.0.0.1','内网IP','{\"createTime\":\"2024-02-23 15:02:54\",\"id\":12,\"keyName\":\"2\",\"keyNumber\":\"2\",\"params\":{},\"updateTime\":\"2024-02-23 15:02:54\",\"useBeginTime\":\"2024-02-08\",\"useEndTime\":\"2024-02-07\",\"useReason\":\"2\"}','{\"msg\":\"操作成功\",\"code\":200}',0,NULL,'2024-02-23 15:02:54',22),(210,'钥匙使用申请',3,'com.ruoyi.autoee.controller.HenyKeyUseApplyController.remove()','DELETE',1,'admin','总部','/autoee/henyKeyUseApply/12','127.0.0.1','内网IP','{}','{\"msg\":\"操作成功\",\"code\":200}',0,NULL,'2024-02-23 15:03:05',16),(211,'钥匙使用申请',1,'com.ruoyi.autoee.controller.HenyKeyUseApplyController.add()','POST',1,'admin','总部','/autoee/henyKeyUseApply','127.0.0.1','内网IP','{\"createTime\":\"2024-02-23 15:03:12\",\"id\":13,\"keyName\":\"32\",\"keyNumber\":\"32\",\"params\":{},\"updateTime\":\"2024-02-23 15:03:12\",\"useBeginTime\":\"2024-01-30\",\"useEndTime\":\"2024-01-29\",\"useReason\":\"333\"}','{\"msg\":\"操作成功\",\"code\":200}',0,NULL,'2024-02-23 15:03:12',15),(212,'钥匙借用申请',1,'com.ruoyi.autoee.controller.HenyKeyUseApplyController.add()','POST',1,'admin','总部','/autoee/henyKeyUseApply','127.0.0.1','内网IP','{\"createTime\":\"2024-02-23 15:05:17\",\"id\":14,\"keyName\":\"3\",\"keyNumber\":\"3\",\"params\":{},\"updateTime\":\"2024-02-23 15:05:17\",\"useBeginTime\":\"2024-02-05\",\"useEndTime\":\"2024-02-06\",\"useReason\":\"3\"}','{\"msg\":\"操作成功\",\"code\":200}',0,NULL,'2024-02-23 15:05:17',25),(213,'代码生成',2,'com.ruoyi.generator.controller.GenController.editSave()','PUT',1,'admin','**社区','/tool/gen','127.0.0.1','内网IP','{\"businessName\":\"henyKeyUseApply\",\"className\":\"HenyKeyUseApply\",\"columns\":[{\"capJavaField\":\"Id\",\"columnComment\":\"ID\",\"columnId\":172,\"columnName\":\"id\",\"columnType\":\"bigint\",\"createBy\":\"admin\",\"createTime\":\"2024-02-23 14:36:05\",\"dictType\":\"\",\"edit\":false,\"htmlType\":\"input\",\"increment\":true,\"insert\":true,\"isIncrement\":\"1\",\"isInsert\":\"1\",\"isPk\":\"1\",\"isRequired\":\"0\",\"javaField\":\"id\",\"javaType\":\"Long\",\"list\":false,\"params\":{},\"pk\":true,\"query\":false,\"queryType\":\"EQ\",\"required\":false,\"sort\":1,\"superColumn\":false,\"tableId\":17,\"updateBy\":\"\",\"updateTime\":\"2024-02-23 15:02:15\",\"usableColumn\":false},{\"capJavaField\":\"KeyId\",\"columnComment\":\"钥匙主键\",\"columnId\":173,\"columnName\":\"key_id\",\"columnType\":\"int\",\"createBy\":\"admin\",\"createTime\":\"2024-02-23 14:36:05\",\"dictType\":\"\",\"edit\":false,\"htmlType\":\"input\",\"increment\":false,\"insert\":false,\"isEdit\":\"0\",\"isIncrement\":\"0\",\"isInsert\":\"0\",\"isList\":\"0\",\"isPk\":\"0\",\"isQuery\":\"0\",\"isRequired\":\"0\",\"javaField\":\"keyId\",\"javaType\":\"Long\",\"list\":false,\"params\":{},\"pk\":false,\"query\":false,\"queryType\":\"EQ\",\"required\":false,\"sort\":2,\"superColumn\":false,\"tableId\":17,\"updateBy\":\"\",\"updateTime\":\"2024-02-23 15:02:15\",\"usableColumn\":false},{\"capJavaField\":\"KeyName\",\"columnComment\":\"钥匙名称\",\"columnId\":174,\"columnName\":\"key_name\",\"columnType\":\"varchar(255)\",\"createBy\":\"admin\",\"createTime\":\"2024-02-23 14:36:05\",\"dictType\":\"\",\"edit\":true,\"htmlType\":\"input\",\"increment\":false,\"insert\":true,\"isEdit\":\"1\",\"isIncrement\":\"0\",\"isInsert\":\"1\",\"isList\":\"1\",\"isPk\":\"0\",\"isQuery\":\"1\",\"isRequired\":\"1\",\"javaField\":\"keyName\",\"javaType\":\"String\",\"list\":true,\"params\":{},\"pk\":false,\"query\":true,\"queryType\":\"LIKE\",\"required\":true,\"sort\":3,\"superColumn\":false,\"tableId\":17,\"updateBy\":\"\",\"updateTime\":\"2024-02-23 15:02:15\",\"usableColumn\":false},{\"capJavaField\":\"KeyNumber\",\"columnComment\":\"钥匙编号\",\"columnId\":175,\"columnName\":\"key_number\",\"columnType\":\"varchar(255)\",\"createBy\":\"admin\",\"createTime\":\"2024-02-23 14:36:05\",\"dictType\":\"\",\"edit\":true,\"htmlType\":\"input\",\"increment\":false,\"insert\":t','{\"msg\":\"操作成功\",\"code\":200}',0,NULL,'2024-03-06 20:30:55',2061),(214,'代码生成',8,'com.ruoyi.generator.controller.GenController.genCode()','GET',1,'admin','**社区','/tool/gen/genCode/heny_key_use_apply','127.0.0.1','内网IP','{}','{\"msg\":\"操作成功\",\"code\":200}',0,NULL,'2024-03-06 20:30:59',669),(215,'代码生成',6,'com.ruoyi.generator.controller.GenController.importTableSave()','POST',1,'admin','后勤管理处','/tool/gen/importTable','127.0.0.1','内网IP','{\"tables\":\"bx_light\"}','{\"msg\":\"操作成功\",\"code\":200}',0,NULL,'2024-04-10 09:54:39',178),(216,'代码生成',2,'com.ruoyi.generator.controller.GenController.editSave()','PUT',1,'admin','后勤管理处','/tool/gen','127.0.0.1','内网IP','{\"businessName\":\"bxLight\",\"className\":\"BxLight\",\"columns\":[{\"capJavaField\":\"Id\",\"columnComment\":\"新闻资讯\",\"columnId\":199,\"columnName\":\"id\",\"columnType\":\"int\",\"createBy\":\"admin\",\"createTime\":\"2024-04-10 09:54:39\",\"dictType\":\"\",\"edit\":false,\"htmlType\":\"input\",\"increment\":true,\"insert\":true,\"isIncrement\":\"1\",\"isInsert\":\"1\",\"isPk\":\"1\",\"isRequired\":\"0\",\"javaField\":\"id\",\"javaType\":\"Long\",\"list\":false,\"params\":{},\"pk\":true,\"query\":false,\"queryType\":\"EQ\",\"required\":false,\"sort\":1,\"superColumn\":false,\"tableId\":18,\"updateBy\":\"\",\"usableColumn\":false},{\"capJavaField\":\"Title\",\"columnComment\":\"标题\",\"columnId\":200,\"columnName\":\"title\",\"columnType\":\"varchar(255)\",\"createBy\":\"admin\",\"createTime\":\"2024-04-10 09:54:39\",\"dictType\":\"\",\"edit\":true,\"htmlType\":\"input\",\"increment\":false,\"insert\":true,\"isEdit\":\"1\",\"isIncrement\":\"0\",\"isInsert\":\"1\",\"isList\":\"1\",\"isPk\":\"0\",\"isQuery\":\"1\",\"isRequired\":\"0\",\"javaField\":\"title\",\"javaType\":\"String\",\"list\":true,\"params\":{},\"pk\":false,\"query\":true,\"queryType\":\"EQ\",\"required\":false,\"sort\":2,\"superColumn\":false,\"tableId\":18,\"updateBy\":\"\",\"usableColumn\":false},{\"capJavaField\":\"Content\",\"columnComment\":\"内容\",\"columnId\":201,\"columnName\":\"content\",\"columnType\":\"text\",\"createBy\":\"admin\",\"createTime\":\"2024-04-10 09:54:39\",\"dictType\":\"\",\"edit\":true,\"htmlType\":\"editor\",\"increment\":false,\"insert\":true,\"isEdit\":\"1\",\"isIncrement\":\"0\",\"isInsert\":\"1\",\"isList\":\"1\",\"isPk\":\"0\",\"isQuery\":\"1\",\"isRequired\":\"0\",\"javaField\":\"content\",\"javaType\":\"String\",\"list\":true,\"params\":{},\"pk\":false,\"query\":true,\"queryType\":\"EQ\",\"required\":false,\"sort\":3,\"superColumn\":false,\"tableId\":18,\"updateBy\":\"\",\"usableColumn\":false},{\"capJavaField\":\"Imageurl\",\"columnComment\":\"封面\",\"columnId\":202,\"columnName\":\"imageurl\",\"columnType\":\"varchar(255)\",\"createBy\":\"admin\",\"createTime\":\"2024-04-10 09:54:39\",\"dictType\":\"\",\"edit\":true,\"htmlType\":\"fileUpload\",\"increment\":false,\"insert\":true,\"isEdit\":\"1\",\"isIncrement\":\"0\",\"isInsert\":\"1\",\"isList\":\"1\",\"isPk\":\"0\",\"isQuery\":\"0\",\"isRequired\":\"0\",\"javaField\":\"imageurl\",\"','{\"msg\":\"操作成功\",\"code\":200}',0,NULL,'2024-04-10 09:57:49',122),(217,'代码生成',8,'com.ruoyi.generator.controller.GenController.batchGenCode()','GET',1,'admin','后勤管理处','/tool/gen/batchGenCode','127.0.0.1','内网IP','{\"tables\":\"bx_light\"}',NULL,0,NULL,'2024-04-10 09:57:53',254),(218,'代码生成',2,'com.ruoyi.generator.controller.GenController.editSave()','PUT',1,'admin','后勤管理处','/tool/gen','127.0.0.1','内网IP','{\"businessName\":\"bxLight\",\"className\":\"BxLight\",\"columns\":[{\"capJavaField\":\"Id\",\"columnComment\":\"新闻资讯\",\"columnId\":199,\"columnName\":\"id\",\"columnType\":\"int\",\"createBy\":\"admin\",\"createTime\":\"2024-04-10 09:54:39\",\"dictType\":\"\",\"edit\":false,\"htmlType\":\"input\",\"increment\":true,\"insert\":true,\"isIncrement\":\"1\",\"isInsert\":\"1\",\"isPk\":\"1\",\"isRequired\":\"0\",\"javaField\":\"id\",\"javaType\":\"Long\",\"list\":false,\"params\":{},\"pk\":true,\"query\":false,\"queryType\":\"EQ\",\"required\":false,\"sort\":1,\"superColumn\":false,\"tableId\":18,\"updateBy\":\"\",\"updateTime\":\"2024-04-10 09:57:49\",\"usableColumn\":false},{\"capJavaField\":\"Title\",\"columnComment\":\"标题\",\"columnId\":200,\"columnName\":\"title\",\"columnType\":\"varchar(255)\",\"createBy\":\"admin\",\"createTime\":\"2024-04-10 09:54:39\",\"dictType\":\"\",\"edit\":true,\"htmlType\":\"input\",\"increment\":false,\"insert\":true,\"isEdit\":\"1\",\"isIncrement\":\"0\",\"isInsert\":\"1\",\"isList\":\"1\",\"isPk\":\"0\",\"isQuery\":\"1\",\"isRequired\":\"0\",\"javaField\":\"title\",\"javaType\":\"String\",\"list\":true,\"params\":{},\"pk\":false,\"query\":true,\"queryType\":\"EQ\",\"required\":false,\"sort\":2,\"superColumn\":false,\"tableId\":18,\"updateBy\":\"\",\"updateTime\":\"2024-04-10 09:57:49\",\"usableColumn\":false},{\"capJavaField\":\"Content\",\"columnComment\":\"内容\",\"columnId\":201,\"columnName\":\"content\",\"columnType\":\"text\",\"createBy\":\"admin\",\"createTime\":\"2024-04-10 09:54:39\",\"dictType\":\"\",\"edit\":true,\"htmlType\":\"editor\",\"increment\":false,\"insert\":true,\"isEdit\":\"1\",\"isIncrement\":\"0\",\"isInsert\":\"1\",\"isList\":\"1\",\"isPk\":\"0\",\"isQuery\":\"1\",\"isRequired\":\"0\",\"javaField\":\"content\",\"javaType\":\"String\",\"list\":true,\"params\":{},\"pk\":false,\"query\":true,\"queryType\":\"EQ\",\"required\":false,\"sort\":3,\"superColumn\":false,\"tableId\":18,\"updateBy\":\"\",\"updateTime\":\"2024-04-10 09:57:49\",\"usableColumn\":false},{\"capJavaField\":\"Imageurl\",\"columnComment\":\"封面\",\"columnId\":202,\"columnName\":\"imageurl\",\"columnType\":\"varchar(255)\",\"createBy\":\"admin\",\"createTime\":\"2024-04-10 09:54:39\",\"dictType\":\"\",\"edit\":true,\"htmlType\":\"imageUpload\",\"increment\":false,\"insert\":true,\"isEdit\":\"1\",\"isInc','{\"msg\":\"操作成功\",\"code\":200}',0,NULL,'2024-04-10 10:22:01',171),(219,'代码生成',8,'com.ruoyi.generator.controller.GenController.batchGenCode()','GET',1,'admin','后勤管理处','/tool/gen/batchGenCode','127.0.0.1','内网IP','{\"tables\":\"bx_light\"}',NULL,0,NULL,'2024-04-10 10:22:03',253),(220,'代码生成',6,'com.ruoyi.generator.controller.GenController.importTableSave()','POST',1,'admin','后勤管理处','/tool/gen/importTable','127.0.0.1','内网IP','{\"tables\":\"bx_index_info\"}','{\"msg\":\"操作成功\",\"code\":200}',0,NULL,'2024-04-10 11:21:31',174),(221,'代码生成',2,'com.ruoyi.generator.controller.GenController.editSave()','PUT',1,'admin','后勤管理处','/tool/gen','127.0.0.1','内网IP','{\"businessName\":\"bxIndexInfo\",\"className\":\"BxIndexInfo\",\"columns\":[{\"capJavaField\":\"Id\",\"columnComment\":\"ID\",\"columnId\":207,\"columnName\":\"id\",\"columnType\":\"int\",\"createBy\":\"admin\",\"createTime\":\"2024-04-10 11:21:30\",\"dictType\":\"\",\"edit\":false,\"htmlType\":\"input\",\"increment\":true,\"insert\":true,\"isIncrement\":\"1\",\"isInsert\":\"1\",\"isPk\":\"1\",\"isRequired\":\"0\",\"javaField\":\"id\",\"javaType\":\"Long\",\"list\":false,\"params\":{},\"pk\":true,\"query\":false,\"queryType\":\"EQ\",\"required\":false,\"sort\":1,\"superColumn\":false,\"tableId\":19,\"updateBy\":\"\",\"usableColumn\":false},{\"capJavaField\":\"CurTime\",\"columnComment\":\"时间\",\"columnId\":208,\"columnName\":\"cur_time\",\"columnType\":\"varchar(255)\",\"createBy\":\"admin\",\"createTime\":\"2024-04-10 11:21:30\",\"dictType\":\"\",\"edit\":true,\"htmlType\":\"datetime\",\"increment\":false,\"insert\":true,\"isEdit\":\"1\",\"isIncrement\":\"0\",\"isInsert\":\"1\",\"isList\":\"1\",\"isPk\":\"0\",\"isQuery\":\"1\",\"isRequired\":\"1\",\"javaField\":\"curTime\",\"javaType\":\"String\",\"list\":true,\"params\":{},\"pk\":false,\"query\":true,\"queryType\":\"EQ\",\"required\":true,\"sort\":2,\"superColumn\":false,\"tableId\":19,\"updateBy\":\"\",\"usableColumn\":false},{\"capJavaField\":\"Sex\",\"columnComment\":\"性别\",\"columnId\":209,\"columnName\":\"sex\",\"columnType\":\"varchar(255)\",\"createBy\":\"admin\",\"createTime\":\"2024-04-10 11:21:30\",\"dictType\":\"sys_user_sex\",\"edit\":true,\"htmlType\":\"select\",\"increment\":false,\"insert\":true,\"isEdit\":\"1\",\"isIncrement\":\"0\",\"isInsert\":\"1\",\"isList\":\"1\",\"isPk\":\"0\",\"isQuery\":\"1\",\"isRequired\":\"1\",\"javaField\":\"sex\",\"javaType\":\"String\",\"list\":true,\"params\":{},\"pk\":false,\"query\":true,\"queryType\":\"EQ\",\"required\":true,\"sort\":3,\"superColumn\":false,\"tableId\":19,\"updateBy\":\"\",\"usableColumn\":false},{\"capJavaField\":\"Xiangmu\",\"columnComment\":\"项目\",\"columnId\":210,\"columnName\":\"xiangmu\",\"columnType\":\"varchar(255)\",\"createBy\":\"admin\",\"createTime\":\"2024-04-10 11:21:30\",\"dictType\":\"\",\"edit\":true,\"htmlType\":\"input\",\"increment\":false,\"insert\":true,\"isEdit\":\"1\",\"isIncrement\":\"0\",\"isInsert\":\"1\",\"isList\":\"1\",\"isPk\":\"0\",\"isQuery\":\"1\",\"isRequired\":\"1\",\"javaFiel','{\"msg\":\"操作成功\",\"code\":200}',0,NULL,'2024-04-10 11:22:56',120),(222,'代码生成',8,'com.ruoyi.generator.controller.GenController.batchGenCode()','GET',1,'admin','后勤管理处','/tool/gen/batchGenCode','127.0.0.1','内网IP','{\"tables\":\"bx_index_info\"}',NULL,0,NULL,'2024-04-10 11:23:00',169),(223,'代码生成',2,'com.ruoyi.generator.controller.GenController.editSave()','PUT',1,'admin',NULL,'/tool/gen','127.0.0.1','内网IP','{\"businessName\":\"bxIndexInfo\",\"className\":\"BxIndexInfo\",\"columns\":[{\"capJavaField\":\"Id\",\"columnComment\":\"ID\",\"columnId\":207,\"columnName\":\"id\",\"columnType\":\"int\",\"createBy\":\"admin\",\"createTime\":\"2024-04-10 11:21:30\",\"dictType\":\"\",\"edit\":false,\"htmlType\":\"input\",\"increment\":true,\"insert\":true,\"isIncrement\":\"1\",\"isInsert\":\"1\",\"isPk\":\"1\",\"isRequired\":\"0\",\"javaField\":\"id\",\"javaType\":\"Long\",\"list\":false,\"params\":{},\"pk\":true,\"query\":false,\"queryType\":\"EQ\",\"required\":false,\"sort\":1,\"superColumn\":false,\"tableId\":19,\"updateBy\":\"\",\"updateTime\":\"2024-04-10 11:22:56\",\"usableColumn\":false},{\"capJavaField\":\"CurTime\",\"columnComment\":\"时间\",\"columnId\":208,\"columnName\":\"cur_time\",\"columnType\":\"varchar(255)\",\"createBy\":\"admin\",\"createTime\":\"2024-04-10 11:21:30\",\"dictType\":\"\",\"edit\":true,\"htmlType\":\"datetime\",\"increment\":false,\"insert\":true,\"isEdit\":\"1\",\"isIncrement\":\"0\",\"isInsert\":\"1\",\"isList\":\"1\",\"isPk\":\"0\",\"isQuery\":\"1\",\"isRequired\":\"1\",\"javaField\":\"curTime\",\"javaType\":\"Date\",\"list\":true,\"params\":{},\"pk\":false,\"query\":true,\"queryType\":\"EQ\",\"required\":true,\"sort\":2,\"superColumn\":false,\"tableId\":19,\"updateBy\":\"\",\"updateTime\":\"2024-04-10 11:22:56\",\"usableColumn\":false},{\"capJavaField\":\"Sex\",\"columnComment\":\"性别\",\"columnId\":209,\"columnName\":\"sex\",\"columnType\":\"varchar(255)\",\"createBy\":\"admin\",\"createTime\":\"2024-04-10 11:21:30\",\"dictType\":\"sys_user_sex\",\"edit\":true,\"htmlType\":\"select\",\"increment\":false,\"insert\":true,\"isEdit\":\"1\",\"isIncrement\":\"0\",\"isInsert\":\"1\",\"isList\":\"1\",\"isPk\":\"0\",\"isQuery\":\"1\",\"isRequired\":\"1\",\"javaField\":\"sex\",\"javaType\":\"String\",\"list\":true,\"params\":{},\"pk\":false,\"query\":true,\"queryType\":\"EQ\",\"required\":true,\"sort\":3,\"superColumn\":false,\"tableId\":19,\"updateBy\":\"\",\"updateTime\":\"2024-04-10 11:22:56\",\"usableColumn\":false},{\"capJavaField\":\"Xiangmu\",\"columnComment\":\"项目\",\"columnId\":210,\"columnName\":\"xiangmu\",\"columnType\":\"varchar(255)\",\"createBy\":\"admin\",\"createTime\":\"2024-04-10 11:21:30\",\"dictType\":\"\",\"edit\":true,\"htmlType\":\"input\",\"increment\":false,\"insert\":true,\"isEdit','{\"msg\":\"操作成功\",\"code\":200}',0,NULL,'2024-04-10 13:29:54',123),(224,'代码生成',8,'com.ruoyi.generator.controller.GenController.batchGenCode()','GET',1,'admin',NULL,'/tool/gen/batchGenCode','127.0.0.1','内网IP','{\"tables\":\"bx_index_info\"}',NULL,0,NULL,'2024-04-10 13:29:56',162),(225,'字典类型',1,'com.ruoyi.web.controller.system.SysDictTypeController.add()','POST',1,'admin','研发部门','/system/dict/type','127.0.0.1','内网IP','{\"createBy\":\"admin\",\"dictName\":\"学校类型\",\"dictType\":\"school_type\",\"params\":{},\"status\":\"0\"}','{\"msg\":\"操作成功\",\"code\":200}',0,NULL,'2024-04-12 09:43:02',24),(226,'字典数据',1,'com.ruoyi.web.controller.system.SysDictDataController.add()','POST',1,'admin','研发部门','/system/dict/data','127.0.0.1','内网IP','{\"createBy\":\"admin\",\"default\":false,\"dictLabel\":\"综合性大学\",\"dictSort\":10,\"dictType\":\"school_type\",\"dictValue\":\"210\",\"listClass\":\"default\",\"params\":{},\"status\":\"0\"}','{\"msg\":\"操作成功\",\"code\":200}',0,NULL,'2024-04-12 09:52:10',43),(227,'字典数据',1,'com.ruoyi.web.controller.system.SysDictDataController.add()','POST',1,'admin','研发部门','/system/dict/data','127.0.0.1','内网IP','{\"createBy\":\"admin\",\"default\":false,\"dictLabel\":\"理工类大学\",\"dictSort\":20,\"dictType\":\"school_type\",\"dictValue\":\"220\",\"listClass\":\"default\",\"params\":{},\"status\":\"0\"}','{\"msg\":\"操作成功\",\"code\":200}',0,NULL,'2024-04-12 09:52:22',41),(228,'字典数据',1,'com.ruoyi.web.controller.system.SysDictDataController.add()','POST',1,'admin','研发部门','/system/dict/data','127.0.0.1','内网IP','{\"createBy\":\"admin\",\"default\":false,\"dictLabel\":\"艺术类院校\",\"dictSort\":30,\"dictType\":\"school_type\",\"dictValue\":\"230\",\"listClass\":\"default\",\"params\":{},\"status\":\"0\"}','{\"msg\":\"操作成功\",\"code\":200}',0,NULL,'2024-04-12 09:52:35',35),(229,'代码生成',6,'com.ruoyi.generator.controller.GenController.importTableSave()','POST',1,'admin','研发部门','/tool/gen/importTable','127.0.0.1','内网IP','{\"tables\":\"a_school\"}','{\"msg\":\"操作成功\",\"code\":200}',0,NULL,'2024-04-12 09:52:57',148),(230,'代码生成',2,'com.ruoyi.generator.controller.GenController.editSave()','PUT',1,'admin','研发部门','/tool/gen','127.0.0.1','内网IP','{\"businessName\":\"school\",\"className\":\"ASchool\",\"columns\":[{\"capJavaField\":\"Id\",\"columnComment\":\"学校编号\",\"columnId\":217,\"columnName\":\"id\",\"columnType\":\"bigint\",\"createBy\":\"admin\",\"createTime\":\"2024-04-12 09:52:57\",\"dictType\":\"\",\"edit\":false,\"htmlType\":\"input\",\"increment\":true,\"insert\":true,\"isIncrement\":\"1\",\"isInsert\":\"1\",\"isList\":\"1\",\"isPk\":\"1\",\"isQuery\":\"1\",\"isRequired\":\"0\",\"javaField\":\"id\",\"javaType\":\"Long\",\"list\":true,\"params\":{},\"pk\":true,\"query\":true,\"queryType\":\"EQ\",\"required\":false,\"sort\":1,\"superColumn\":false,\"tableId\":20,\"updateBy\":\"\",\"usableColumn\":false},{\"capJavaField\":\"SchoolName\",\"columnComment\":\"学校名称\",\"columnId\":218,\"columnName\":\"school_name\",\"columnType\":\"varchar(300)\",\"createBy\":\"admin\",\"createTime\":\"2024-04-12 09:52:57\",\"dictType\":\"\",\"edit\":true,\"htmlType\":\"input\",\"increment\":false,\"insert\":true,\"isEdit\":\"1\",\"isIncrement\":\"0\",\"isInsert\":\"1\",\"isList\":\"1\",\"isPk\":\"0\",\"isQuery\":\"1\",\"isRequired\":\"1\",\"javaField\":\"schoolName\",\"javaType\":\"String\",\"list\":true,\"params\":{},\"pk\":false,\"query\":true,\"queryType\":\"LIKE\",\"required\":true,\"sort\":2,\"superColumn\":false,\"tableId\":20,\"updateBy\":\"\",\"usableColumn\":false},{\"capJavaField\":\"SchoolType\",\"columnComment\":\"学校类型\",\"columnId\":219,\"columnName\":\"school_type\",\"columnType\":\"varchar(300)\",\"createBy\":\"admin\",\"createTime\":\"2024-04-12 09:52:57\",\"dictType\":\"school_type\",\"edit\":true,\"htmlType\":\"select\",\"increment\":false,\"insert\":true,\"isEdit\":\"1\",\"isIncrement\":\"0\",\"isInsert\":\"1\",\"isList\":\"1\",\"isPk\":\"0\",\"isQuery\":\"1\",\"isRequired\":\"1\",\"javaField\":\"schoolType\",\"javaType\":\"String\",\"list\":true,\"params\":{},\"pk\":false,\"query\":true,\"queryType\":\"EQ\",\"required\":true,\"sort\":3,\"superColumn\":false,\"tableId\":20,\"updateBy\":\"\",\"usableColumn\":false},{\"capJavaField\":\"Location\",\"columnComment\":\"所在地区\",\"columnId\":220,\"columnName\":\"location\",\"columnType\":\"varchar(300)\",\"createBy\":\"admin\",\"createTime\":\"2024-04-12 09:52:57\",\"dictType\":\"\",\"edit\":true,\"htmlType\":\"input\",\"increment\":false,\"insert\":true,\"isEdit\":\"1\",\"isIncrement\":\"0\",\"isInsert\":\"1\",\"isLis','{\"msg\":\"操作成功\",\"code\":200}',0,NULL,'2024-04-12 09:53:53',108),(231,'代码生成',8,'com.ruoyi.generator.controller.GenController.genCode()','GET',1,'admin','研发部门','/tool/gen/genCode/a_school','127.0.0.1','内网IP','{}','{\"msg\":\"操作成功\",\"code\":200}',0,NULL,'2024-04-12 09:53:56',154),(232,'代码生成',2,'com.ruoyi.generator.controller.GenController.editSave()','PUT',1,'admin','研发部门','/tool/gen','127.0.0.1','内网IP','{\"businessName\":\"school\",\"className\":\"ASchool\",\"columns\":[{\"capJavaField\":\"Id\",\"columnComment\":\"学校编号\",\"columnId\":217,\"columnName\":\"id\",\"columnType\":\"bigint\",\"createBy\":\"admin\",\"createTime\":\"2024-04-12 09:52:57\",\"dictType\":\"\",\"edit\":false,\"htmlType\":\"input\",\"increment\":true,\"insert\":true,\"isIncrement\":\"1\",\"isInsert\":\"1\",\"isList\":\"1\",\"isPk\":\"1\",\"isQuery\":\"1\",\"isRequired\":\"0\",\"javaField\":\"id\",\"javaType\":\"Long\",\"list\":true,\"params\":{},\"pk\":true,\"query\":true,\"queryType\":\"EQ\",\"required\":false,\"sort\":1,\"superColumn\":false,\"tableId\":20,\"updateBy\":\"\",\"updateTime\":\"2024-04-12 09:53:53\",\"usableColumn\":false},{\"capJavaField\":\"SchoolName\",\"columnComment\":\"学校名称\",\"columnId\":218,\"columnName\":\"school_name\",\"columnType\":\"varchar(300)\",\"createBy\":\"admin\",\"createTime\":\"2024-04-12 09:52:57\",\"dictType\":\"\",\"edit\":true,\"htmlType\":\"input\",\"increment\":false,\"insert\":true,\"isEdit\":\"1\",\"isIncrement\":\"0\",\"isInsert\":\"1\",\"isList\":\"1\",\"isPk\":\"0\",\"isQuery\":\"1\",\"isRequired\":\"1\",\"javaField\":\"schoolName\",\"javaType\":\"String\",\"list\":true,\"params\":{},\"pk\":false,\"query\":true,\"queryType\":\"LIKE\",\"required\":true,\"sort\":2,\"superColumn\":false,\"tableId\":20,\"updateBy\":\"\",\"updateTime\":\"2024-04-12 09:53:53\",\"usableColumn\":false},{\"capJavaField\":\"SchoolType\",\"columnComment\":\"学校类型\",\"columnId\":219,\"columnName\":\"school_type\",\"columnType\":\"varchar(300)\",\"createBy\":\"admin\",\"createTime\":\"2024-04-12 09:52:57\",\"dictType\":\"school_type\",\"edit\":true,\"htmlType\":\"select\",\"increment\":false,\"insert\":true,\"isEdit\":\"1\",\"isIncrement\":\"0\",\"isInsert\":\"1\",\"isList\":\"1\",\"isPk\":\"0\",\"isQuery\":\"1\",\"isRequired\":\"1\",\"javaField\":\"schoolType\",\"javaType\":\"String\",\"list\":true,\"params\":{},\"pk\":false,\"query\":true,\"queryType\":\"EQ\",\"required\":true,\"sort\":3,\"superColumn\":false,\"tableId\":20,\"updateBy\":\"\",\"updateTime\":\"2024-04-12 09:53:53\",\"usableColumn\":false},{\"capJavaField\":\"Location\",\"columnComment\":\"所在地区\",\"columnId\":220,\"columnName\":\"location\",\"columnType\":\"varchar(300)\",\"createBy\":\"admin\",\"createTime\":\"2024-04-12 09:52:57\",\"dictType\":\"\",\"edit\":tru','{\"msg\":\"操作成功\",\"code\":200}',0,NULL,'2024-04-12 09:55:47',125),(233,'代码生成',8,'com.ruoyi.generator.controller.GenController.genCode()','GET',1,'admin','研发部门','/tool/gen/genCode/a_school','127.0.0.1','内网IP','{}','{\"msg\":\"操作成功\",\"code\":200}',0,NULL,'2024-04-12 09:55:49',117),(234,'字典类型',1,'com.ruoyi.web.controller.system.SysDictTypeController.add()','POST',1,'admin','研发部门','/system/dict/type','127.0.0.1','内网IP','{\"createBy\":\"admin\",\"dictName\":\"建筑类型\",\"dictType\":\"building_type\",\"params\":{},\"status\":\"0\"}','{\"msg\":\"操作成功\",\"code\":200}',0,NULL,'2024-04-12 10:01:59',23),(235,'字典数据',1,'com.ruoyi.web.controller.system.SysDictDataController.add()','POST',1,'admin','研发部门','/system/dict/data','127.0.0.1','内网IP','{\"createBy\":\"admin\",\"default\":false,\"dictLabel\":\"教学楼\",\"dictSort\":10,\"dictType\":\"building_type\",\"dictValue\":\"210\",\"listClass\":\"default\",\"params\":{},\"status\":\"0\"}','{\"msg\":\"操作成功\",\"code\":200}',0,NULL,'2024-04-12 10:02:15',18),(236,'字典数据',1,'com.ruoyi.web.controller.system.SysDictDataController.add()','POST',1,'admin','研发部门','/system/dict/data','127.0.0.1','内网IP','{\"createBy\":\"admin\",\"default\":false,\"dictLabel\":\"实验楼\",\"dictSort\":20,\"dictType\":\"building_type\",\"dictValue\":\"220\",\"listClass\":\"default\",\"params\":{},\"status\":\"0\"}','{\"msg\":\"操作成功\",\"code\":200}',0,NULL,'2024-04-12 10:02:37',18),(237,'代码生成',6,'com.ruoyi.generator.controller.GenController.importTableSave()','POST',1,'admin','研发部门','/tool/gen/importTable','127.0.0.1','内网IP','{\"tables\":\"a_building\"}','{\"msg\":\"操作成功\",\"code\":200}',0,NULL,'2024-04-12 10:02:57',160),(238,'代码生成',2,'com.ruoyi.generator.controller.GenController.editSave()','PUT',1,'admin','研发部门','/tool/gen','127.0.0.1','内网IP','{\"businessName\":\"building\",\"className\":\"ABuilding\",\"columns\":[{\"capJavaField\":\"Id\",\"columnComment\":\"建筑物编号\",\"columnId\":227,\"columnName\":\"id\",\"columnType\":\"bigint\",\"createBy\":\"admin\",\"createTime\":\"2024-04-12 10:02:57\",\"dictType\":\"\",\"edit\":false,\"htmlType\":\"input\",\"increment\":true,\"insert\":true,\"isIncrement\":\"1\",\"isInsert\":\"1\",\"isList\":\"1\",\"isPk\":\"1\",\"isQuery\":\"1\",\"isRequired\":\"0\",\"javaField\":\"id\",\"javaType\":\"Long\",\"list\":true,\"params\":{},\"pk\":true,\"query\":true,\"queryType\":\"EQ\",\"required\":false,\"sort\":1,\"superColumn\":false,\"tableId\":21,\"updateBy\":\"\",\"usableColumn\":false},{\"capJavaField\":\"BuildingName\",\"columnComment\":\"建筑物名称\",\"columnId\":228,\"columnName\":\"building_name\",\"columnType\":\"varchar(300)\",\"createBy\":\"admin\",\"createTime\":\"2024-04-12 10:02:57\",\"dictType\":\"\",\"edit\":true,\"htmlType\":\"input\",\"increment\":false,\"insert\":true,\"isEdit\":\"1\",\"isIncrement\":\"0\",\"isInsert\":\"1\",\"isList\":\"1\",\"isPk\":\"0\",\"isQuery\":\"1\",\"isRequired\":\"1\",\"javaField\":\"buildingName\",\"javaType\":\"String\",\"list\":true,\"params\":{},\"pk\":false,\"query\":true,\"queryType\":\"LIKE\",\"required\":true,\"sort\":2,\"superColumn\":false,\"tableId\":21,\"updateBy\":\"\",\"usableColumn\":false},{\"capJavaField\":\"SchoolId\",\"columnComment\":\"所属学校\",\"columnId\":229,\"columnName\":\"school_id\",\"columnType\":\"bigint\",\"createBy\":\"admin\",\"createTime\":\"2024-04-12 10:02:57\",\"dictType\":\"\",\"edit\":true,\"htmlType\":\"select\",\"increment\":false,\"insert\":true,\"isEdit\":\"1\",\"isIncrement\":\"0\",\"isInsert\":\"1\",\"isList\":\"1\",\"isPk\":\"0\",\"isQuery\":\"1\",\"isRequired\":\"1\",\"javaField\":\"schoolId\",\"javaType\":\"Long\",\"list\":true,\"params\":{},\"pk\":false,\"query\":true,\"queryType\":\"EQ\",\"required\":true,\"sort\":3,\"superColumn\":false,\"tableId\":21,\"updateBy\":\"\",\"usableColumn\":false},{\"capJavaField\":\"BuildingType\",\"columnComment\":\"建筑类型\",\"columnId\":230,\"columnName\":\"building_type\",\"columnType\":\"varchar(300)\",\"createBy\":\"admin\",\"createTime\":\"2024-04-12 10:02:57\",\"dictType\":\"building_type\",\"edit\":true,\"htmlType\":\"select\",\"increment\":false,\"insert\":true,\"isEdit\":\"1\",\"isIncrement\":\"0\",\"isInsert\":','{\"msg\":\"操作成功\",\"code\":200}',0,NULL,'2024-04-12 10:03:36',505),(239,'代码生成',2,'com.ruoyi.generator.controller.GenController.editSave()','PUT',1,'admin','研发部门','/tool/gen','127.0.0.1','内网IP','{\"businessName\":\"building\",\"className\":\"ABuilding\",\"columns\":[{\"capJavaField\":\"Id\",\"columnComment\":\"建筑物编号\",\"columnId\":227,\"columnName\":\"id\",\"columnType\":\"bigint\",\"createBy\":\"admin\",\"createTime\":\"2024-04-12 10:02:57\",\"dictType\":\"\",\"edit\":false,\"htmlType\":\"input\",\"increment\":true,\"insert\":true,\"isIncrement\":\"1\",\"isInsert\":\"1\",\"isList\":\"1\",\"isPk\":\"1\",\"isQuery\":\"1\",\"isRequired\":\"0\",\"javaField\":\"id\",\"javaType\":\"Long\",\"list\":true,\"params\":{},\"pk\":true,\"query\":true,\"queryType\":\"EQ\",\"required\":false,\"sort\":1,\"superColumn\":false,\"tableId\":21,\"updateBy\":\"\",\"updateTime\":\"2024-04-12 10:03:36\",\"usableColumn\":false},{\"capJavaField\":\"BuildingName\",\"columnComment\":\"建筑物名称\",\"columnId\":228,\"columnName\":\"building_name\",\"columnType\":\"varchar(300)\",\"createBy\":\"admin\",\"createTime\":\"2024-04-12 10:02:57\",\"dictType\":\"\",\"edit\":true,\"htmlType\":\"input\",\"increment\":false,\"insert\":true,\"isEdit\":\"1\",\"isIncrement\":\"0\",\"isInsert\":\"1\",\"isList\":\"1\",\"isPk\":\"0\",\"isQuery\":\"1\",\"isRequired\":\"1\",\"javaField\":\"buildingName\",\"javaType\":\"String\",\"list\":true,\"params\":{},\"pk\":false,\"query\":true,\"queryType\":\"LIKE\",\"required\":true,\"sort\":2,\"superColumn\":false,\"tableId\":21,\"updateBy\":\"\",\"updateTime\":\"2024-04-12 10:03:36\",\"usableColumn\":false},{\"capJavaField\":\"SchoolId\",\"columnComment\":\"所属学校\",\"columnId\":229,\"columnName\":\"school_id\",\"columnType\":\"bigint\",\"createBy\":\"admin\",\"createTime\":\"2024-04-12 10:02:57\",\"dictType\":\"\",\"edit\":true,\"htmlType\":\"select\",\"increment\":false,\"insert\":true,\"isEdit\":\"1\",\"isIncrement\":\"0\",\"isInsert\":\"1\",\"isList\":\"1\",\"isPk\":\"0\",\"isQuery\":\"1\",\"isRequired\":\"1\",\"javaField\":\"schoolId\",\"javaType\":\"Long\",\"list\":true,\"params\":{},\"pk\":false,\"query\":true,\"queryType\":\"EQ\",\"required\":true,\"sort\":3,\"superColumn\":false,\"tableId\":21,\"updateBy\":\"\",\"updateTime\":\"2024-04-12 10:03:36\",\"usableColumn\":false},{\"capJavaField\":\"BuildingType\",\"columnComment\":\"建筑类型\",\"columnId\":230,\"columnName\":\"building_type\",\"columnType\":\"varchar(300)\",\"createBy\":\"admin\",\"createTime\":\"2024-04-12 10:02:57\",\"dictType\":\"building_type\",\"','{\"msg\":\"操作成功\",\"code\":200}',0,NULL,'2024-04-12 10:03:47',170),(240,'代码生成',8,'com.ruoyi.generator.controller.GenController.genCode()','GET',1,'admin','研发部门','/tool/gen/genCode/a_building','127.0.0.1','内网IP','{}','{\"msg\":\"操作成功\",\"code\":200}',0,NULL,'2024-04-12 10:03:50',74),(241,'代码生成',2,'com.ruoyi.generator.controller.GenController.editSave()','PUT',1,'admin','研发部门','/tool/gen','127.0.0.1','内网IP','{\"businessName\":\"building\",\"className\":\"ABuilding\",\"columns\":[{\"capJavaField\":\"Id\",\"columnComment\":\"建筑物编号\",\"columnId\":227,\"columnName\":\"id\",\"columnType\":\"bigint\",\"createBy\":\"admin\",\"createTime\":\"2024-04-12 10:02:57\",\"dictType\":\"\",\"edit\":false,\"htmlType\":\"input\",\"increment\":true,\"insert\":true,\"isIncrement\":\"1\",\"isInsert\":\"1\",\"isList\":\"1\",\"isPk\":\"1\",\"isQuery\":\"1\",\"isRequired\":\"0\",\"javaField\":\"id\",\"javaType\":\"Long\",\"list\":true,\"params\":{},\"pk\":true,\"query\":true,\"queryType\":\"EQ\",\"required\":false,\"sort\":1,\"superColumn\":false,\"tableId\":21,\"updateBy\":\"\",\"updateTime\":\"2024-04-12 10:03:47\",\"usableColumn\":false},{\"capJavaField\":\"BuildingName\",\"columnComment\":\"建筑物名称\",\"columnId\":228,\"columnName\":\"building_name\",\"columnType\":\"varchar(300)\",\"createBy\":\"admin\",\"createTime\":\"2024-04-12 10:02:57\",\"dictType\":\"\",\"edit\":true,\"htmlType\":\"input\",\"increment\":false,\"insert\":true,\"isEdit\":\"1\",\"isIncrement\":\"0\",\"isInsert\":\"1\",\"isList\":\"1\",\"isPk\":\"0\",\"isQuery\":\"1\",\"isRequired\":\"1\",\"javaField\":\"buildingName\",\"javaType\":\"String\",\"list\":true,\"params\":{},\"pk\":false,\"query\":true,\"queryType\":\"LIKE\",\"required\":true,\"sort\":2,\"superColumn\":false,\"tableId\":21,\"updateBy\":\"\",\"updateTime\":\"2024-04-12 10:03:47\",\"usableColumn\":false},{\"capJavaField\":\"SchoolId\",\"columnComment\":\"所属学校\",\"columnId\":229,\"columnName\":\"school_id\",\"columnType\":\"bigint\",\"createBy\":\"admin\",\"createTime\":\"2024-04-12 10:02:57\",\"dictType\":\"sys_notice_type\",\"edit\":true,\"htmlType\":\"select\",\"increment\":false,\"insert\":true,\"isEdit\":\"1\",\"isIncrement\":\"0\",\"isInsert\":\"1\",\"isList\":\"1\",\"isPk\":\"0\",\"isQuery\":\"1\",\"isRequired\":\"1\",\"javaField\":\"schoolId\",\"javaType\":\"Long\",\"list\":true,\"params\":{},\"pk\":false,\"query\":true,\"queryType\":\"EQ\",\"required\":true,\"sort\":3,\"superColumn\":false,\"tableId\":21,\"updateBy\":\"\",\"updateTime\":\"2024-04-12 10:03:47\",\"usableColumn\":false},{\"capJavaField\":\"BuildingType\",\"columnComment\":\"建筑类型\",\"columnId\":230,\"columnName\":\"building_type\",\"columnType\":\"varchar(300)\",\"createBy\":\"admin\",\"createTime\":\"2024-04-12 10:02:57\",\"dictType\":\"b','{\"msg\":\"操作成功\",\"code\":200}',0,NULL,'2024-04-12 10:05:41',129),(242,'代码生成',8,'com.ruoyi.generator.controller.GenController.genCode()','GET',1,'admin','研发部门','/tool/gen/genCode/a_building','127.0.0.1','内网IP','{}','{\"msg\":\"操作成功\",\"code\":200}',0,NULL,'2024-04-12 10:05:43',58),(243,'字典数据',1,'com.ruoyi.web.controller.system.SysDictDataController.add()','POST',1,'admin','研发部门','/system/dict/data','127.0.0.1','内网IP','{\"createBy\":\"admin\",\"default\":false,\"dictLabel\":\"32\",\"dictSort\":30,\"dictType\":\"building_type\",\"dictValue\":\"323\",\"listClass\":\"default\",\"params\":{},\"status\":\"0\"}','{\"msg\":\"操作成功\",\"code\":200}',0,NULL,'2024-04-12 10:28:14',19),(244,'字典类型',3,'com.ruoyi.web.controller.system.SysDictDataController.remove()','DELETE',1,'admin','研发部门','/system/dict/data/110','127.0.0.1','内网IP','{}','{\"msg\":\"操作成功\",\"code\":200}',0,NULL,'2024-04-12 10:28:19',32),(245,'代码生成',3,'com.ruoyi.generator.controller.GenController.remove()','DELETE',1,'admin','研发部门','/tool/gen/19','127.0.0.1','内网IP','{}','{\"msg\":\"操作成功\",\"code\":200}',0,NULL,'2024-04-12 10:30:48',36),(246,'代码生成',6,'com.ruoyi.generator.controller.GenController.importTableSave()','POST',1,'admin','研发部门','/tool/gen/importTable','127.0.0.1','内网IP','{\"tables\":\"a_goods_apply\"}','{\"msg\":\"操作成功\",\"code\":200}',0,NULL,'2024-04-12 10:30:52',181),(247,'代码生成',3,'com.ruoyi.generator.controller.GenController.remove()','DELETE',1,'admin','研发部门','/tool/gen/22','127.0.0.1','内网IP','{}','{\"msg\":\"操作成功\",\"code\":200}',0,NULL,'2024-04-12 10:36:59',31),(248,'代码生成',6,'com.ruoyi.generator.controller.GenController.importTableSave()','POST',1,'admin','研发部门','/tool/gen/importTable','127.0.0.1','内网IP','{\"tables\":\"a_goods_apply\"}','{\"msg\":\"操作成功\",\"code\":200}',0,NULL,'2024-04-12 10:37:01',179),(249,'代码生成',8,'com.ruoyi.generator.controller.GenController.genCode()','GET',1,'admin','研发部门','/tool/gen/genCode/a_building','127.0.0.1','内网IP','{}','{\"msg\":\"操作成功\",\"code\":200}',0,NULL,'2024-04-12 13:10:55',123),(250,'代码生成',2,'com.ruoyi.generator.controller.GenController.editSave()','PUT',1,'admin','研发部门','/tool/gen','127.0.0.1','内网IP','{\"businessName\":\"building\",\"className\":\"ABuilding\",\"columns\":[{\"capJavaField\":\"Id\",\"columnComment\":\"建筑物编号\",\"columnId\":227,\"columnName\":\"id\",\"columnType\":\"bigint\",\"createBy\":\"admin\",\"createTime\":\"2024-04-12 10:02:57\",\"dictType\":\"\",\"edit\":false,\"htmlType\":\"input\",\"increment\":true,\"insert\":true,\"isIncrement\":\"1\",\"isInsert\":\"1\",\"isList\":\"1\",\"isPk\":\"1\",\"isQuery\":\"1\",\"isRequired\":\"0\",\"javaField\":\"id\",\"javaType\":\"Long\",\"list\":true,\"params\":{},\"pk\":true,\"query\":true,\"queryType\":\"EQ\",\"required\":false,\"sort\":1,\"superColumn\":false,\"tableId\":21,\"updateBy\":\"\",\"updateTime\":\"2024-04-12 10:05:41\",\"usableColumn\":false},{\"capJavaField\":\"BuildingName\",\"columnComment\":\"建筑物名称\",\"columnId\":228,\"columnName\":\"building_name\",\"columnType\":\"varchar(300)\",\"createBy\":\"admin\",\"createTime\":\"2024-04-12 10:02:57\",\"dictType\":\"\",\"edit\":true,\"htmlType\":\"input\",\"increment\":false,\"insert\":true,\"isEdit\":\"1\",\"isIncrement\":\"0\",\"isInsert\":\"1\",\"isList\":\"1\",\"isPk\":\"0\",\"isQuery\":\"1\",\"isRequired\":\"1\",\"javaField\":\"buildingName\",\"javaType\":\"String\",\"list\":true,\"params\":{},\"pk\":false,\"query\":true,\"queryType\":\"LIKE\",\"required\":true,\"sort\":2,\"superColumn\":false,\"tableId\":21,\"updateBy\":\"\",\"updateTime\":\"2024-04-12 10:05:41\",\"usableColumn\":false},{\"capJavaField\":\"SchoolId\",\"columnComment\":\"所属学校\",\"columnId\":229,\"columnName\":\"school_id\",\"columnType\":\"bigint\",\"createBy\":\"admin\",\"createTime\":\"2024-04-12 10:02:57\",\"dictType\":\"\",\"edit\":true,\"htmlType\":\"input\",\"increment\":false,\"insert\":true,\"isEdit\":\"1\",\"isIncrement\":\"0\",\"isInsert\":\"1\",\"isList\":\"1\",\"isPk\":\"0\",\"isQuery\":\"1\",\"isRequired\":\"1\",\"javaField\":\"schoolId\",\"javaType\":\"Long\",\"list\":true,\"params\":{},\"pk\":false,\"query\":true,\"queryType\":\"EQ\",\"required\":true,\"sort\":3,\"superColumn\":false,\"tableId\":21,\"updateBy\":\"\",\"updateTime\":\"2024-04-12 10:05:41\",\"usableColumn\":false},{\"capJavaField\":\"BuildingType\",\"columnComment\":\"建筑类型\",\"columnId\":230,\"columnName\":\"building_type\",\"columnType\":\"varchar(300)\",\"createBy\":\"admin\",\"createTime\":\"2024-04-12 10:02:57\",\"dictType\":\"building_type\",\"e','{\"msg\":\"操作成功\",\"code\":200}',0,NULL,'2024-04-12 13:12:09',177),(251,'代码生成',8,'com.ruoyi.generator.controller.GenController.genCode()','GET',1,'admin','研发部门','/tool/gen/genCode/a_building','127.0.0.1','内网IP','{}','{\"msg\":\"操作成功\",\"code\":200}',0,NULL,'2024-04-12 13:12:11',134),(252,'学校管理',1,'com.ruoyi.autoee.controller.ASchoolController.add()','POST',1,'admin','研发部门','/autoee/school','127.0.0.1','内网IP','{\"campusArea\":\"232\",\"createTime\":\"2024-04-12 14:29:19\",\"id\":211,\"location\":\"3\",\"params\":{},\"schoolName\":\"32\",\"schoolType\":\"220\",\"updateTime\":\"2024-04-12 14:29:19\"}','{\"msg\":\"操作成功\",\"code\":200}',0,NULL,'2024-04-12 14:29:19',25),(253,'学校管理',1,'com.ruoyi.autoee.controller.ASchoolController.add()','POST',1,'admin','研发部门','/autoee/school','127.0.0.1','内网IP','{\"campusArea\":\"32\",\"createTime\":\"2024-04-12 14:29:24\",\"id\":212,\"location\":\"32\",\"params\":{},\"schoolName\":\"32\",\"schoolType\":\"230\",\"updateTime\":\"2024-04-12 14:29:24\"}','{\"msg\":\"操作成功\",\"code\":200}',0,NULL,'2024-04-12 14:29:25',13),(254,'建筑物管理',1,'com.ruoyi.autoee.controller.ABuildingController.add()','POST',1,'admin','研发部门','/autoee/building','127.0.0.1','内网IP','{\"buildingArea\":\"23\",\"buildingName\":\"3232\",\"buildingType\":\"210\",\"createTime\":\"2024-04-12 14:37:29\",\"params\":{},\"schoolId\":212,\"updateTime\":\"2024-04-12 14:37:29\"}',NULL,1,'\r\n### Error updating database.  Cause: java.sql.SQLException: Field \'Location\' doesn\'t have a default value\r\n### The error may exist in file [D:\\aaXYproject\\aaXYProjects\\RuoYi-Vue-official-version\\ruoyi-admin\\target\\classes\\mapper\\autoee\\ABuildingMapper.xml]\r\n### The error may involve com.ruoyi.autoee.mapper.ABuildingMapper.insertABuilding-Inline\r\n### The error occurred while setting parameters\r\n### SQL: insert into a_building          ( building_name,             school_id,             building_type,                          building_area,                                       create_time,                          update_time )           values ( ?,             ?,             ?,                          ?,                                       ?,                          ? )\r\n### Cause: java.sql.SQLException: Field \'Location\' doesn\'t have a default value\n; Field \'Location\' doesn\'t have a default value; nested exception is java.sql.SQLException: Field \'Location\' doesn\'t have a default value','2024-04-12 14:37:29',60),(255,'建筑物管理',1,'com.ruoyi.autoee.controller.ABuildingController.add()','POST',1,'admin','研发部门','/autoee/building','127.0.0.1','内网IP','{\"buildingArea\":\"23\",\"buildingName\":\"3232\",\"buildingType\":\"210\",\"createTime\":\"2024-04-12 14:37:33\",\"params\":{},\"schoolId\":212,\"updateTime\":\"2024-04-12 14:37:33\"}',NULL,1,'\r\n### Error updating database.  Cause: java.sql.SQLException: Field \'Location\' doesn\'t have a default value\r\n### The error may exist in file [D:\\aaXYproject\\aaXYProjects\\RuoYi-Vue-official-version\\ruoyi-admin\\target\\classes\\mapper\\autoee\\ABuildingMapper.xml]\r\n### The error may involve com.ruoyi.autoee.mapper.ABuildingMapper.insertABuilding-Inline\r\n### The error occurred while setting parameters\r\n### SQL: insert into a_building          ( building_name,             school_id,             building_type,                          building_area,                                       create_time,                          update_time )           values ( ?,             ?,             ?,                          ?,                                       ?,                          ? )\r\n### Cause: java.sql.SQLException: Field \'Location\' doesn\'t have a default value\n; Field \'Location\' doesn\'t have a default value; nested exception is java.sql.SQLException: Field \'Location\' doesn\'t have a default value','2024-04-12 14:37:33',15),(256,'建筑物管理',1,'com.ruoyi.autoee.controller.ABuildingController.add()','POST',1,'admin','研发部门','/autoee/building','127.0.0.1','内网IP','{\"buildingArea\":\"23\",\"buildingName\":\"3232\",\"buildingType\":\"210\",\"createTime\":\"2024-04-12 14:37:37\",\"params\":{},\"schoolId\":212,\"updateTime\":\"2024-04-12 14:37:37\"}',NULL,1,'\r\n### Error updating database.  Cause: java.sql.SQLException: Field \'Location\' doesn\'t have a default value\r\n### The error may exist in file [D:\\aaXYproject\\aaXYProjects\\RuoYi-Vue-official-version\\ruoyi-admin\\target\\classes\\mapper\\autoee\\ABuildingMapper.xml]\r\n### The error may involve com.ruoyi.autoee.mapper.ABuildingMapper.insertABuilding-Inline\r\n### The error occurred while setting parameters\r\n### SQL: insert into a_building          ( building_name,             school_id,             building_type,                          building_area,                                       create_time,                          update_time )           values ( ?,             ?,             ?,                          ?,                                       ?,                          ? )\r\n### Cause: java.sql.SQLException: Field \'Location\' doesn\'t have a default value\n; Field \'Location\' doesn\'t have a default value; nested exception is java.sql.SQLException: Field \'Location\' doesn\'t have a default value','2024-04-12 14:37:37',9),(257,'建筑物管理',1,'com.ruoyi.autoee.controller.ABuildingController.add()','POST',1,'admin','研发部门','/autoee/building','127.0.0.1','内网IP','{\"buildingArea\":\"23\",\"buildingName\":\"3232\",\"buildingType\":\"210\",\"createTime\":\"2024-04-12 14:37:41\",\"params\":{},\"schoolId\":212,\"updateTime\":\"2024-04-12 14:37:41\"}',NULL,1,'\r\n### Error updating database.  Cause: java.sql.SQLException: Field \'Location\' doesn\'t have a default value\r\n### The error may exist in file [D:\\aaXYproject\\aaXYProjects\\RuoYi-Vue-official-version\\ruoyi-admin\\target\\classes\\mapper\\autoee\\ABuildingMapper.xml]\r\n### The error may involve com.ruoyi.autoee.mapper.ABuildingMapper.insertABuilding-Inline\r\n### The error occurred while setting parameters\r\n### SQL: insert into a_building          ( building_name,             school_id,             building_type,                          building_area,                                       create_time,                          update_time )           values ( ?,             ?,             ?,                          ?,                                       ?,                          ? )\r\n### Cause: java.sql.SQLException: Field \'Location\' doesn\'t have a default value\n; Field \'Location\' doesn\'t have a default value; nested exception is java.sql.SQLException: Field \'Location\' doesn\'t have a default value','2024-04-12 14:37:41',10),(258,'建筑物管理',1,'com.ruoyi.autoee.controller.ABuildingController.add()','POST',1,'admin','研发部门','/autoee/building','127.0.0.1','内网IP','{\"buildingArea\":\"23\",\"buildingName\":\"3232\",\"buildingType\":\"210\",\"createTime\":\"2024-04-12 14:38:07\",\"params\":{},\"schoolId\":212,\"updateTime\":\"2024-04-12 14:38:07\"}',NULL,1,'\r\n### Error updating database.  Cause: java.sql.SQLException: Field \'location\' doesn\'t have a default value\r\n### The error may exist in file [D:\\aaXYproject\\aaXYProjects\\RuoYi-Vue-official-version\\ruoyi-admin\\target\\classes\\mapper\\autoee\\ABuildingMapper.xml]\r\n### The error may involve com.ruoyi.autoee.mapper.ABuildingMapper.insertABuilding-Inline\r\n### The error occurred while setting parameters\r\n### SQL: insert into a_building          ( building_name,             school_id,             building_type,                          building_area,                                       create_time,                          update_time )           values ( ?,             ?,             ?,                          ?,                                       ?,                          ? )\r\n### Cause: java.sql.SQLException: Field \'location\' doesn\'t have a default value\n; Field \'location\' doesn\'t have a default value; nested exception is java.sql.SQLException: Field \'location\' doesn\'t have a default value','2024-04-12 14:38:07',11),(259,'建筑物管理',1,'com.ruoyi.autoee.controller.ABuildingController.add()','POST',1,'admin','研发部门','/autoee/building','127.0.0.1','内网IP','{\"buildingArea\":\"23\",\"buildingName\":\"3232\",\"buildingType\":\"210\",\"createTime\":\"2024-04-12 14:39:17\",\"params\":{},\"schoolId\":212,\"updateTime\":\"2024-04-12 14:39:17\"}',NULL,1,'\r\n### Error updating database.  Cause: java.sql.SQLException: Field \'location\' doesn\'t have a default value\r\n### The error may exist in file [D:\\aaXYproject\\aaXYProjects\\RuoYi-Vue-official-version\\ruoyi-admin\\target\\classes\\mapper\\autoee\\ABuildingMapper.xml]\r\n### The error may involve com.ruoyi.autoee.mapper.ABuildingMapper.insertABuilding-Inline\r\n### The error occurred while setting parameters\r\n### SQL: insert into a_building          ( building_name,             school_id,             building_type,                          building_area,                                       create_time,                          update_time )           values ( ?,             ?,             ?,                          ?,                                       ?,                          ? )\r\n### Cause: java.sql.SQLException: Field \'location\' doesn\'t have a default value\n; Field \'location\' doesn\'t have a default value; nested exception is java.sql.SQLException: Field \'location\' doesn\'t have a default value','2024-04-12 14:39:17',19),(260,'建筑物管理',1,'com.ruoyi.autoee.controller.ABuildingController.add()','POST',1,'admin','研发部门','/autoee/building','127.0.0.1','内网IP','{\"buildingArea\":\"43\",\"buildingName\":\"43243\",\"buildingType\":\"220\",\"createTime\":\"2024-04-12 14:39:24\",\"id\":211,\"location\":\"43\",\"params\":{},\"schoolId\":212,\"updateTime\":\"2024-04-12 14:39:24\"}','{\"msg\":\"操作成功\",\"code\":200}',0,NULL,'2024-04-12 14:39:24',13),(261,'建筑物管理',5,'com.ruoyi.autoee.controller.ABuildingController.export()','POST',1,'admin','研发部门','/autoee/building/export','127.0.0.1','内网IP','{\"pageSize\":\"10\",\"pageNum\":\"1\"}',NULL,0,NULL,'2024-04-12 14:40:28',663),(262,'建筑物管理',2,'com.ruoyi.autoee.controller.ABuildingController.edit()','PUT',1,'admin','研发部门','/autoee/building','127.0.0.1','内网IP','{\"buildingArea\":\"43\",\"buildingName\":\"43243\",\"buildingType\":\"220\",\"createBy\":\"\",\"createTime\":\"2024-04-12 14:39:25\",\"delFlag\":\"0\",\"id\":211,\"location\":\"43\",\"params\":{},\"schoolId\":211,\"schoolName\":\"32\",\"updateBy\":\"\",\"updateTime\":\"2024-04-12 14:41:41\"}','{\"msg\":\"操作成功\",\"code\":200}',0,NULL,'2024-04-12 14:41:41',24),(263,'代码生成',6,'com.ruoyi.generator.controller.GenController.importTableSave()','POST',1,'admin','研发部门','/tool/gen/importTable','127.0.0.1','内网IP','{\"tables\":\"a_floor\"}','{\"msg\":\"操作成功\",\"code\":200}',0,NULL,'2024-04-12 14:44:50',160),(264,'代码生成',2,'com.ruoyi.generator.controller.GenController.editSave()','PUT',1,'admin','研发部门','/tool/gen','127.0.0.1','内网IP','{\"businessName\":\"floor\",\"className\":\"AFloor\",\"columns\":[{\"capJavaField\":\"Id\",\"columnComment\":\"楼层编号\",\"columnId\":274,\"columnName\":\"id\",\"columnType\":\"bigint\",\"createBy\":\"admin\",\"createTime\":\"2024-04-12 14:44:50\",\"dictType\":\"\",\"edit\":false,\"htmlType\":\"input\",\"increment\":true,\"insert\":true,\"isIncrement\":\"1\",\"isInsert\":\"1\",\"isPk\":\"1\",\"isRequired\":\"0\",\"javaField\":\"id\",\"javaType\":\"Long\",\"list\":false,\"params\":{},\"pk\":true,\"query\":false,\"queryType\":\"EQ\",\"required\":false,\"sort\":1,\"superColumn\":false,\"tableId\":24,\"updateBy\":\"\",\"usableColumn\":false},{\"capJavaField\":\"FloorName\",\"columnComment\":\"楼层名称\",\"columnId\":275,\"columnName\":\"floor_name\",\"columnType\":\"varchar(300)\",\"createBy\":\"admin\",\"createTime\":\"2024-04-12 14:44:50\",\"dictType\":\"\",\"edit\":true,\"htmlType\":\"input\",\"increment\":false,\"insert\":true,\"isEdit\":\"1\",\"isIncrement\":\"0\",\"isInsert\":\"1\",\"isList\":\"1\",\"isPk\":\"0\",\"isQuery\":\"1\",\"isRequired\":\"1\",\"javaField\":\"floorName\",\"javaType\":\"String\",\"list\":true,\"params\":{},\"pk\":false,\"query\":true,\"queryType\":\"LIKE\",\"required\":true,\"sort\":2,\"superColumn\":false,\"tableId\":24,\"updateBy\":\"\",\"usableColumn\":false},{\"capJavaField\":\"BuildingId\",\"columnComment\":\"所属建筑物\",\"columnId\":276,\"columnName\":\"building_id\",\"columnType\":\"bigint\",\"createBy\":\"admin\",\"createTime\":\"2024-04-12 14:44:50\",\"dictType\":\"\",\"edit\":true,\"htmlType\":\"input\",\"increment\":false,\"insert\":true,\"isEdit\":\"1\",\"isIncrement\":\"0\",\"isInsert\":\"1\",\"isList\":\"1\",\"isPk\":\"0\",\"isQuery\":\"1\",\"isRequired\":\"1\",\"javaField\":\"buildingId\",\"javaType\":\"Long\",\"list\":true,\"params\":{},\"pk\":false,\"query\":true,\"queryType\":\"EQ\",\"required\":true,\"sort\":3,\"superColumn\":false,\"tableId\":24,\"updateBy\":\"\",\"usableColumn\":false},{\"capJavaField\":\"FloorArea\",\"columnComment\":\"楼层面积\",\"columnId\":277,\"columnName\":\"floor_area\",\"columnType\":\"varchar(300)\",\"createBy\":\"admin\",\"createTime\":\"2024-04-12 14:44:50\",\"dictType\":\"\",\"edit\":true,\"htmlType\":\"input\",\"increment\":false,\"insert\":true,\"isEdit\":\"1\",\"isIncrement\":\"0\",\"isInsert\":\"1\",\"isList\":\"1\",\"isPk\":\"0\",\"isQuery\":\"1\",\"isRequired\":\"','{\"msg\":\"操作成功\",\"code\":200}',0,NULL,'2024-04-12 14:45:16',106),(265,'代码生成',8,'com.ruoyi.generator.controller.GenController.genCode()','GET',1,'admin','研发部门','/tool/gen/genCode/a_floor','127.0.0.1','内网IP','{}','{\"msg\":\"操作成功\",\"code\":200}',0,NULL,'2024-04-12 14:45:18',164),(266,'楼层管理',1,'com.ruoyi.autoee.controller.AFloorController.add()','POST',1,'admin','研发部门','/autoee/floor','127.0.0.1','内网IP','{\"buildingId\":211,\"createTime\":\"2024-04-12 15:07:27\",\"floorArea\":\"32\",\"floorName\":\"32\",\"id\":212,\"params\":{},\"roomCount\":4,\"updateTime\":\"2024-04-12 15:07:27\"}','{\"msg\":\"操作成功\",\"code\":200}',0,NULL,'2024-04-12 15:07:27',28),(267,'楼层管理',5,'com.ruoyi.autoee.controller.AFloorController.export()','POST',1,'admin','研发部门','/autoee/floor/export','127.0.0.1','内网IP','{\"pageSize\":\"10\",\"pageNum\":\"1\"}',NULL,0,NULL,'2024-04-12 15:10:22',49),(268,'字典类型',1,'com.ruoyi.web.controller.system.SysDictTypeController.add()','POST',1,'admin','研发部门','/system/dict/type','127.0.0.1','内网IP','{\"createBy\":\"admin\",\"dictName\":\"房间类型\",\"dictType\":\"room_type\",\"params\":{},\"status\":\"0\"}','{\"msg\":\"操作成功\",\"code\":200}',0,NULL,'2024-04-12 15:14:28',22),(269,'字典数据',1,'com.ruoyi.web.controller.system.SysDictDataController.add()','POST',1,'admin','研发部门','/system/dict/data','127.0.0.1','内网IP','{\"createBy\":\"admin\",\"default\":false,\"dictLabel\":\"教室\",\"dictSort\":10,\"dictType\":\"room_type\",\"dictValue\":\"210\",\"listClass\":\"default\",\"params\":{},\"status\":\"0\"}','{\"msg\":\"操作成功\",\"code\":200}',0,NULL,'2024-04-12 15:14:46',24),(270,'字典数据',1,'com.ruoyi.web.controller.system.SysDictDataController.add()','POST',1,'admin','研发部门','/system/dict/data','127.0.0.1','内网IP','{\"createBy\":\"admin\",\"default\":false,\"dictLabel\":\"实验室\",\"dictSort\":20,\"dictType\":\"room_type\",\"dictValue\":\"220\",\"listClass\":\"default\",\"params\":{},\"status\":\"0\"}','{\"msg\":\"操作成功\",\"code\":200}',0,NULL,'2024-04-12 15:16:28',30),(271,'字典数据',1,'com.ruoyi.web.controller.system.SysDictDataController.add()','POST',1,'admin','研发部门','/system/dict/data','127.0.0.1','内网IP','{\"createBy\":\"admin\",\"default\":false,\"dictLabel\":\"办公室\",\"dictSort\":30,\"dictType\":\"room_type\",\"dictValue\":\"230\",\"listClass\":\"default\",\"params\":{},\"status\":\"0\"}','{\"msg\":\"操作成功\",\"code\":200}',0,NULL,'2024-04-12 15:16:33',22),(272,'字典数据',1,'com.ruoyi.web.controller.system.SysDictDataController.add()','POST',1,'admin','研发部门','/system/dict/data','127.0.0.1','内网IP','{\"createBy\":\"admin\",\"default\":false,\"dictLabel\":\"会议室\",\"dictSort\":40,\"dictType\":\"room_type\",\"dictValue\":\"240\",\"listClass\":\"default\",\"params\":{},\"status\":\"0\"}','{\"msg\":\"操作成功\",\"code\":200}',0,NULL,'2024-04-12 15:16:41',25),(273,'代码生成',6,'com.ruoyi.generator.controller.GenController.importTableSave()','POST',1,'admin','研发部门','/tool/gen/importTable','127.0.0.1','内网IP','{\"tables\":\"a_room\"}','{\"msg\":\"操作成功\",\"code\":200}',0,NULL,'2024-04-12 15:25:14',150),(274,'代码生成',2,'com.ruoyi.generator.controller.GenController.editSave()','PUT',1,'admin','研发部门','/tool/gen','127.0.0.1','内网IP','{\"businessName\":\"room\",\"className\":\"ARoom\",\"columns\":[{\"capJavaField\":\"Id\",\"columnComment\":\"房间编号\",\"columnId\":284,\"columnName\":\"id\",\"columnType\":\"bigint\",\"createBy\":\"admin\",\"createTime\":\"2024-04-12 15:25:14\",\"dictType\":\"\",\"edit\":false,\"htmlType\":\"input\",\"increment\":true,\"insert\":true,\"isIncrement\":\"1\",\"isInsert\":\"1\",\"isPk\":\"1\",\"isRequired\":\"0\",\"javaField\":\"id\",\"javaType\":\"Long\",\"list\":false,\"params\":{},\"pk\":true,\"query\":false,\"queryType\":\"EQ\",\"required\":false,\"sort\":1,\"superColumn\":false,\"tableId\":25,\"updateBy\":\"\",\"usableColumn\":false},{\"capJavaField\":\"RoomName\",\"columnComment\":\"房间名称\",\"columnId\":285,\"columnName\":\"room_name\",\"columnType\":\"varchar(300)\",\"createBy\":\"admin\",\"createTime\":\"2024-04-12 15:25:14\",\"dictType\":\"\",\"edit\":true,\"htmlType\":\"input\",\"increment\":false,\"insert\":true,\"isEdit\":\"1\",\"isIncrement\":\"0\",\"isInsert\":\"1\",\"isList\":\"1\",\"isPk\":\"0\",\"isQuery\":\"1\",\"isRequired\":\"1\",\"javaField\":\"roomName\",\"javaType\":\"String\",\"list\":true,\"params\":{},\"pk\":false,\"query\":true,\"queryType\":\"LIKE\",\"required\":true,\"sort\":2,\"superColumn\":false,\"tableId\":25,\"updateBy\":\"\",\"usableColumn\":false},{\"capJavaField\":\"BuildingId\",\"columnComment\":\"所属建筑物\",\"columnId\":286,\"columnName\":\"building_id\",\"columnType\":\"bigint\",\"createBy\":\"admin\",\"createTime\":\"2024-04-12 15:25:14\",\"dictType\":\"\",\"edit\":true,\"htmlType\":\"input\",\"increment\":false,\"insert\":true,\"isEdit\":\"1\",\"isIncrement\":\"0\",\"isInsert\":\"1\",\"isList\":\"1\",\"isPk\":\"0\",\"isQuery\":\"1\",\"isRequired\":\"1\",\"javaField\":\"buildingId\",\"javaType\":\"Long\",\"list\":true,\"params\":{},\"pk\":false,\"query\":true,\"queryType\":\"EQ\",\"required\":true,\"sort\":3,\"superColumn\":false,\"tableId\":25,\"updateBy\":\"\",\"usableColumn\":false},{\"capJavaField\":\"RoomType\",\"columnComment\":\"房间类型\",\"columnId\":287,\"columnName\":\"room_type\",\"columnType\":\"varchar(300)\",\"createBy\":\"admin\",\"createTime\":\"2024-04-12 15:25:14\",\"dictType\":\"room_type\",\"edit\":true,\"htmlType\":\"select\",\"increment\":false,\"insert\":true,\"isEdit\":\"1\",\"isIncrement\":\"0\",\"isInsert\":\"1\",\"isList\":\"1\",\"isPk\":\"0\",\"isQuery\":\"1\",\"isRequired','{\"msg\":\"操作成功\",\"code\":200}',0,NULL,'2024-04-12 15:26:00',122),(275,'代码生成',8,'com.ruoyi.generator.controller.GenController.genCode()','GET',1,'admin','研发部门','/tool/gen/genCode/a_room','127.0.0.1','内网IP','{}','{\"msg\":\"操作成功\",\"code\":200}',0,NULL,'2024-04-12 15:26:02',84),(276,'房间管理',1,'com.ruoyi.autoee.controller.ARoomController.add()','POST',1,'admin','研发部门','/autoee/room','127.0.0.1','内网IP','{\"buildingId\":211,\"createTime\":\"2024-04-12 15:33:29\",\"id\":212,\"params\":{},\"roomArea\":\"32\",\"roomName\":\"3232\",\"roomType\":\"220\",\"subject\":\"32\",\"updateTime\":\"2024-04-12 15:33:29\"}','{\"msg\":\"操作成功\",\"code\":200}',0,NULL,'2024-04-12 15:33:29',14),(277,'菜单管理',2,'com.ruoyi.web.controller.system.SysMenuController.edit()','PUT',1,'admin','研发部门','/system/menu','127.0.0.1','内网IP','{\"children\":[],\"createTime\":\"2023-12-08 10:16:28\",\"icon\":\"guide\",\"isCache\":\"0\",\"isFrame\":\"0\",\"menuId\":4,\"menuName\":\"若依官网\",\"menuType\":\"M\",\"orderNum\":4,\"params\":{},\"parentId\":0,\"path\":\"http://ruoyi.vip\",\"perms\":\"\",\"query\":\"\",\"status\":\"0\",\"updateBy\":\"admin\",\"visible\":\"1\"}','{\"msg\":\"操作成功\",\"code\":200}',0,NULL,'2024-04-12 15:39:33',22),(278,'菜单管理',2,'com.ruoyi.web.controller.system.SysMenuController.edit()','PUT',1,'admin','研发部门','/system/menu','127.0.0.1','内网IP','{\"children\":[],\"component\":\"tool/build/index\",\"createTime\":\"2023-12-08 10:16:28\",\"icon\":\"build\",\"isCache\":\"0\",\"isFrame\":\"1\",\"menuId\":115,\"menuName\":\"表单构建\",\"menuType\":\"C\",\"orderNum\":1,\"params\":{},\"parentId\":3,\"path\":\"build\",\"perms\":\"tool:build:list\",\"query\":\"\",\"status\":\"0\",\"updateBy\":\"admin\",\"visible\":\"1\"}','{\"msg\":\"操作成功\",\"code\":200}',0,NULL,'2024-04-12 15:39:40',15),(279,'菜单管理',2,'com.ruoyi.web.controller.system.SysMenuController.edit()','PUT',1,'admin','研发部门','/system/menu','127.0.0.1','内网IP','{\"children\":[],\"component\":\"tool/swagger/index\",\"createTime\":\"2023-12-08 10:16:28\",\"icon\":\"swagger\",\"isCache\":\"0\",\"isFrame\":\"1\",\"menuId\":117,\"menuName\":\"系统接口\",\"menuType\":\"C\",\"orderNum\":3,\"params\":{},\"parentId\":3,\"path\":\"swagger\",\"perms\":\"tool:swagger:list\",\"query\":\"\",\"status\":\"0\",\"updateBy\":\"admin\",\"visible\":\"1\"}','{\"msg\":\"操作成功\",\"code\":200}',0,NULL,'2024-04-12 15:39:44',14),(280,'菜单管理',2,'com.ruoyi.web.controller.system.SysMenuController.edit()','PUT',1,'admin','研发部门','/system/menu','127.0.0.1','内网IP','{\"children\":[],\"createTime\":\"2023-12-08 10:16:28\",\"icon\":\"monitor\",\"isCache\":\"0\",\"isFrame\":\"1\",\"menuId\":2,\"menuName\":\"系统监控\",\"menuType\":\"M\",\"orderNum\":2,\"params\":{},\"parentId\":0,\"path\":\"monitor\",\"perms\":\"\",\"query\":\"\",\"status\":\"0\",\"updateBy\":\"admin\",\"visible\":\"1\"}','{\"msg\":\"操作成功\",\"code\":200}',0,NULL,'2024-04-12 15:39:49',17),(281,'菜单管理',2,'com.ruoyi.web.controller.system.SysMenuController.edit()','PUT',1,'admin','研发部门','/system/menu','127.0.0.1','内网IP','{\"children\":[],\"component\":\"\",\"createTime\":\"2023-12-08 10:16:28\",\"icon\":\"log\",\"isCache\":\"0\",\"isFrame\":\"1\",\"menuId\":108,\"menuName\":\"日志管理\",\"menuType\":\"M\",\"orderNum\":9,\"params\":{},\"parentId\":1,\"path\":\"log\",\"perms\":\"\",\"query\":\"\",\"status\":\"0\",\"updateBy\":\"admin\",\"visible\":\"1\"}','{\"msg\":\"操作成功\",\"code\":200}',0,NULL,'2024-04-12 15:39:58',17),(282,'菜单管理',2,'com.ruoyi.web.controller.system.SysMenuController.edit()','PUT',1,'admin','研发部门','/system/menu','127.0.0.1','内网IP','{\"children\":[],\"component\":\"system/notice/index\",\"createTime\":\"2023-12-08 10:16:28\",\"icon\":\"message\",\"isCache\":\"0\",\"isFrame\":\"1\",\"menuId\":107,\"menuName\":\"通知公告\",\"menuType\":\"C\",\"orderNum\":8,\"params\":{},\"parentId\":1,\"path\":\"notice\",\"perms\":\"system:notice:list\",\"query\":\"\",\"status\":\"0\",\"updateBy\":\"admin\",\"visible\":\"1\"}','{\"msg\":\"操作成功\",\"code\":200}',0,NULL,'2024-04-12 15:40:03',17),(283,'菜单管理',2,'com.ruoyi.web.controller.system.SysMenuController.edit()','PUT',1,'admin','研发部门','/system/menu','127.0.0.1','内网IP','{\"children\":[],\"component\":\"system/config/index\",\"createTime\":\"2023-12-08 10:16:28\",\"icon\":\"edit\",\"isCache\":\"0\",\"isFrame\":\"1\",\"menuId\":106,\"menuName\":\"参数设置\",\"menuType\":\"C\",\"orderNum\":7,\"params\":{},\"parentId\":1,\"path\":\"config\",\"perms\":\"system:config:list\",\"query\":\"\",\"status\":\"0\",\"updateBy\":\"admin\",\"visible\":\"1\"}','{\"msg\":\"操作成功\",\"code\":200}',0,NULL,'2024-04-12 15:40:09',15),(284,'菜单管理',2,'com.ruoyi.web.controller.system.SysMenuController.edit()','PUT',1,'admin','研发部门','/system/menu','127.0.0.1','内网IP','{\"children\":[],\"component\":\"system/post/index\",\"createTime\":\"2023-12-08 10:16:28\",\"icon\":\"post\",\"isCache\":\"0\",\"isFrame\":\"1\",\"menuId\":104,\"menuName\":\"岗位管理\",\"menuType\":\"C\",\"orderNum\":5,\"params\":{},\"parentId\":1,\"path\":\"post\",\"perms\":\"system:post:list\",\"query\":\"\",\"status\":\"0\",\"updateBy\":\"admin\",\"visible\":\"1\"}','{\"msg\":\"操作成功\",\"code\":200}',0,NULL,'2024-04-12 15:40:16',32),(285,'菜单管理',2,'com.ruoyi.web.controller.system.SysMenuController.edit()','PUT',1,'admin','研发部门','/system/menu','127.0.0.1','内网IP','{\"children\":[],\"createTime\":\"2023-12-08 10:16:28\",\"icon\":\"tool\",\"isCache\":\"0\",\"isFrame\":\"1\",\"menuId\":3,\"menuName\":\"系统工具\",\"menuType\":\"M\",\"orderNum\":3,\"params\":{},\"parentId\":0,\"path\":\"tool\",\"perms\":\"\",\"query\":\"\",\"status\":\"0\",\"updateBy\":\"admin\",\"visible\":\"1\"}','{\"msg\":\"操作成功\",\"code\":200}',0,NULL,'2024-04-12 15:40:29',19),(286,'房间管理',2,'com.ruoyi.autoee.controller.ARoomController.edit()','PUT',1,'admin','研发部门','/autoee/room','127.0.0.1','内网IP','{\"buildingId\":211,\"createBy\":\"\",\"createTime\":\"2024-04-12 15:33:29\",\"delFlag\":\"0\",\"floorId\":211,\"id\":212,\"params\":{},\"roomArea\":\"32\",\"roomName\":\"3232\",\"roomType\":\"220\",\"subject\":\"32\",\"updateBy\":\"\",\"updateTime\":\"2024-04-12 16:05:03\"}','{\"msg\":\"操作成功\",\"code\":200}',0,NULL,'2024-04-12 16:05:03',32),(287,'房间管理',1,'com.ruoyi.autoee.controller.ARoomController.add()','POST',1,'admin','研发部门','/autoee/room','127.0.0.1','内网IP','{\"buildingId\":212,\"createTime\":\"2024-04-12 16:07:15\",\"floorId\":212,\"id\":213,\"params\":{},\"roomArea\":\"32\",\"roomName\":\"3232\",\"roomType\":\"210\",\"subject\":\"3232\",\"updateTime\":\"2024-04-12 16:07:15\"}','{\"msg\":\"操作成功\",\"code\":200}',0,NULL,'2024-04-12 16:07:15',21),(288,'学校管理',3,'com.ruoyi.autoee.controller.ASchoolController.remove()','DELETE',1,'admin','研发部门','/autoee/school/212','127.0.0.1','内网IP','{}','{\"msg\":\"操作成功\",\"code\":200}',0,NULL,'2024-04-13 10:11:52',103),(289,'学校管理',3,'com.ruoyi.autoee.controller.ASchoolController.remove()','DELETE',1,'admin','研发部门','/autoee/school/211','127.0.0.1','内网IP','{}','{\"msg\":\"操作成功\",\"code\":200}',0,NULL,'2024-04-13 10:11:54',86),(290,'学校管理',1,'com.ruoyi.autoee.controller.ASchoolController.add()','POST',1,'admin','研发部门','/autoee/school','127.0.0.1','内网IP','{\"campusArea\":\"120万平方米\",\"createTime\":\"2024-04-13 10:12:18\",\"id\":213,\"location\":\"辽宁\",\"params\":{},\"schoolName\":\"辽宁工程技术大学\",\"schoolType\":\"210\",\"updateTime\":\"2024-04-13 10:12:18\"}','{\"msg\":\"操作成功\",\"code\":200}',0,NULL,'2024-04-13 10:12:18',81),(291,'建筑物管理',3,'com.ruoyi.autoee.controller.ABuildingController.remove()','DELETE',1,'admin','研发部门','/autoee/building/211','127.0.0.1','内网IP','{}','{\"msg\":\"操作成功\",\"code\":200}',0,NULL,'2024-04-13 10:13:29',70),(292,'建筑物管理',1,'com.ruoyi.autoee.controller.ABuildingController.add()','POST',1,'admin','研发部门','/autoee/building','127.0.0.1','内网IP','{\"buildingArea\":\"100平方米\",\"buildingName\":\"A1教学楼\",\"buildingType\":\"210\",\"createTime\":\"2024-04-13 10:13:57\",\"id\":212,\"location\":\"东北区\",\"params\":{},\"schoolId\":213,\"updateTime\":\"2024-04-13 10:13:57\"}','{\"msg\":\"操作成功\",\"code\":200}',0,NULL,'2024-04-13 10:13:56',97),(293,'学校管理',5,'com.ruoyi.autoee.controller.ASchoolController.export()','POST',1,'admin','研发部门','/autoee/school/export','127.0.0.1','内网IP','{\"pageSize\":\"10\",\"pageNum\":\"1\"}',NULL,0,NULL,'2024-04-13 10:14:02',1122),(294,'建筑物管理',5,'com.ruoyi.autoee.controller.ABuildingController.export()','POST',1,'admin','研发部门','/autoee/building/export','127.0.0.1','内网IP','{\"pageSize\":\"10\",\"pageNum\":\"1\"}',NULL,0,NULL,'2024-04-13 10:14:15',130),(295,'楼层管理',1,'com.ruoyi.autoee.controller.AFloorController.add()','POST',1,'admin','研发部门','/autoee/floor','127.0.0.1','内网IP','{\"buildingId\":212,\"createTime\":\"2024-04-13 10:15:09\",\"floorArea\":\"10平方米\",\"floorName\":\"A1教学楼1层\",\"id\":213,\"params\":{},\"roomCount\":6,\"updateTime\":\"2024-04-13 10:15:09\"}','{\"msg\":\"操作成功\",\"code\":200}',0,NULL,'2024-04-13 10:15:08',79),(296,'楼层管理',5,'com.ruoyi.autoee.controller.AFloorController.export()','POST',1,'admin','研发部门','/autoee/floor/export','127.0.0.1','内网IP','{\"pageSize\":\"10\",\"pageNum\":\"1\"}',NULL,0,NULL,'2024-04-13 10:15:12',114),(297,'房间管理',2,'com.ruoyi.autoee.controller.ARoomController.edit()','PUT',1,'admin','研发部门','/autoee/room','127.0.0.1','内网IP','{\"buildingId\":212,\"createBy\":\"\",\"createTime\":\"2024-04-12 16:07:15\",\"delFlag\":\"0\",\"floorId\":212,\"floorName\":\"32\",\"id\":213,\"params\":{},\"roomArea\":\"32平方米\",\"roomName\":\"3232\",\"roomType\":\"210\",\"subject\":\"理学院\",\"updateBy\":\"\",\"updateTime\":\"2024-04-13 10:16:02\"}','{\"msg\":\"操作成功\",\"code\":200}',0,NULL,'2024-04-13 10:16:01',81),(298,'学校管理',1,'com.ruoyi.autoee.controller.ASchoolController.add()','POST',1,'admin','研发部门','/autoee/school','127.0.0.1','内网IP','{\"campusArea\":\"120万平方米\",\"createTime\":\"2024-04-13 10:26:29\",\"id\":214,\"location\":\"辽宁沈阳\",\"params\":{},\"schoolName\":\"沈阳大学\",\"schoolType\":\"220\",\"updateTime\":\"2024-04-13 10:26:29\"}','{\"msg\":\"操作成功\",\"code\":200}',0,NULL,'2024-04-13 10:26:29',88),(299,'学校管理',5,'com.ruoyi.autoee.controller.ASchoolController.export()','POST',1,'admin','研发部门','/autoee/school/export','127.0.0.1','内网IP','{\"pageSize\":\"10\",\"pageNum\":\"1\"}',NULL,0,NULL,'2024-04-13 10:26:44',186),(300,'建筑物管理',1,'com.ruoyi.autoee.controller.ABuildingController.add()','POST',1,'admin','研发部门','/autoee/building','127.0.0.1','内网IP','{\"buildingArea\":\"100平方米\",\"buildingName\":\"K11教学楼\",\"buildingType\":\"210\",\"createTime\":\"2024-04-13 10:27:29\",\"id\":213,\"location\":\"辽宁沈阳\",\"params\":{},\"schoolId\":214,\"updateTime\":\"2024-04-13 10:27:29\"}','{\"msg\":\"操作成功\",\"code\":200}',0,NULL,'2024-04-13 10:27:28',83),(301,'建筑物管理',2,'com.ruoyi.autoee.controller.ABuildingController.edit()','PUT',1,'admin','研发部门','/autoee/building','127.0.0.1','内网IP','{\"buildingArea\":\"100平方米\",\"buildingName\":\"K11教学楼\",\"buildingType\":\"210\",\"createBy\":\"\",\"createTime\":\"2024-04-13 10:27:29\",\"delFlag\":\"0\",\"id\":213,\"location\":\"辽宁沈阳阜新\",\"params\":{},\"schoolId\":214,\"schoolName\":\"沈阳大学\",\"updateBy\":\"\",\"updateTime\":\"2024-04-13 10:27:47\"}','{\"msg\":\"操作成功\",\"code\":200}',0,NULL,'2024-04-13 10:27:47',94),(302,'楼层管理',1,'com.ruoyi.autoee.controller.AFloorController.add()','POST',1,'admin','研发部门','/autoee/floor','127.0.0.1','内网IP','{\"buildingId\":213,\"createTime\":\"2024-04-13 10:28:14\",\"floorArea\":\"222平方米\",\"floorName\":\"教学楼2楼\",\"id\":214,\"params\":{},\"roomCount\":6,\"updateTime\":\"2024-04-13 10:28:14\"}','{\"msg\":\"操作成功\",\"code\":200}',0,NULL,'2024-04-13 10:28:14',69),(303,'房间管理',1,'com.ruoyi.autoee.controller.ARoomController.add()','POST',1,'admin','研发部门','/autoee/room','127.0.0.1','内网IP','{\"buildingId\":214,\"createTime\":\"2024-04-13 10:28:49\",\"floorId\":214,\"id\":214,\"params\":{},\"roomArea\":\"100平方米\",\"roomName\":\"教室201\",\"roomType\":\"210\",\"subject\":\"计算机专业\",\"updateTime\":\"2024-04-13 10:28:49\"}','{\"msg\":\"操作成功\",\"code\":200}',0,NULL,'2024-04-13 10:28:49',75),(304,'房间管理',5,'com.ruoyi.autoee.controller.ARoomController.export()','POST',1,'admin','研发部门','/autoee/room/export','127.0.0.1','内网IP','{\"pageSize\":\"10\",\"pageNum\":\"1\"}',NULL,0,NULL,'2024-04-13 10:28:54',208),(305,'菜单管理',2,'com.ruoyi.web.controller.system.SysMenuController.edit()','PUT',1,'admin','研发部门','/system/menu','127.0.0.1','内网IP','{\"children\":[],\"createTime\":\"2023-12-08 11:34:11\",\"icon\":\"button\",\"isCache\":\"0\",\"isFrame\":\"1\",\"menuId\":2000,\"menuName\":\"高校建筑面积指标\",\"menuType\":\"M\",\"orderNum\":0,\"params\":{},\"parentId\":0,\"path\":\"/test\",\"perms\":\"\",\"status\":\"0\",\"updateBy\":\"admin\",\"visible\":\"0\"}','{\"msg\":\"操作成功\",\"code\":200}',0,NULL,'2024-04-13 11:37:02',126);
/*!40000 ALTER TABLE `sys_oper_log` ENABLE KEYS */;
UNLOCK TABLES;

--
-- Table structure for table `sys_post`
--

DROP TABLE IF EXISTS `sys_post`;
/*!40101 SET @saved_cs_client     = @@character_set_client */;
/*!50503 SET character_set_client = utf8mb4 */;
CREATE TABLE `sys_post` (
  `post_id` bigint NOT NULL AUTO_INCREMENT COMMENT '岗位ID',
  `post_code` varchar(64) COLLATE utf8mb4_general_ci NOT NULL COMMENT '岗位编码',
  `post_name` varchar(50) COLLATE utf8mb4_general_ci NOT NULL COMMENT '岗位名称',
  `post_sort` int NOT NULL COMMENT '显示顺序',
  `status` char(1) COLLATE utf8mb4_general_ci NOT NULL COMMENT '状态（0正常 1停用）',
  `create_by` varchar(64) COLLATE utf8mb4_general_ci DEFAULT '' COMMENT '创建者',
  `create_time` datetime DEFAULT NULL COMMENT '创建时间',
  `update_by` varchar(64) COLLATE utf8mb4_general_ci DEFAULT '' COMMENT '更新者',
  `update_time` datetime DEFAULT NULL COMMENT '更新时间',
  `remark` varchar(500) COLLATE utf8mb4_general_ci DEFAULT NULL COMMENT '备注',
  PRIMARY KEY (`post_id`)
) ENGINE=InnoDB AUTO_INCREMENT=5 DEFAULT CHARSET=utf8mb4 COLLATE=utf8mb4_general_ci COMMENT='岗位信息表';
/*!40101 SET character_set_client = @saved_cs_client */;

--
-- Dumping data for table `sys_post`
--

LOCK TABLES `sys_post` WRITE;
/*!40000 ALTER TABLE `sys_post` DISABLE KEYS */;
INSERT INTO `sys_post` VALUES (1,'ceo','董事长',1,'0','admin','2023-12-08 10:16:27','',NULL,''),(2,'se','项目经理',2,'0','admin','2023-12-08 10:16:27','',NULL,''),(3,'hr','人力资源',3,'0','admin','2023-12-08 10:16:27','',NULL,''),(4,'user','普通员工',4,'0','admin','2023-12-08 10:16:27','',NULL,'');
/*!40000 ALTER TABLE `sys_post` ENABLE KEYS */;
UNLOCK TABLES;

--
-- Table structure for table `sys_role`
--

DROP TABLE IF EXISTS `sys_role`;
/*!40101 SET @saved_cs_client     = @@character_set_client */;
/*!50503 SET character_set_client = utf8mb4 */;
CREATE TABLE `sys_role` (
  `role_id` bigint NOT NULL AUTO_INCREMENT COMMENT '角色ID',
  `role_name` varchar(30) COLLATE utf8mb4_general_ci NOT NULL COMMENT '角色名称',
  `role_key` varchar(100) COLLATE utf8mb4_general_ci NOT NULL COMMENT '角色权限字符串',
  `role_sort` int NOT NULL COMMENT '显示顺序',
  `data_scope` char(1) COLLATE utf8mb4_general_ci DEFAULT '1' COMMENT '数据范围（1：全部数据权限 2：自定数据权限 3：本部门数据权限 4：本部门及以下数据权限）',
  `menu_check_strictly` tinyint(1) DEFAULT '1' COMMENT '菜单树选择项是否关联显示',
  `dept_check_strictly` tinyint(1) DEFAULT '1' COMMENT '部门树选择项是否关联显示',
  `status` char(1) COLLATE utf8mb4_general_ci NOT NULL COMMENT '角色状态（0正常 1停用）',
  `del_flag` char(1) COLLATE utf8mb4_general_ci DEFAULT '0' COMMENT '删除标志（0代表存在 2代表删除）',
  `create_by` varchar(64) COLLATE utf8mb4_general_ci DEFAULT '' COMMENT '创建者',
  `create_time` datetime DEFAULT NULL COMMENT '创建时间',
  `update_by` varchar(64) COLLATE utf8mb4_general_ci DEFAULT '' COMMENT '更新者',
  `update_time` datetime DEFAULT NULL COMMENT '更新时间',
  `remark` varchar(500) COLLATE utf8mb4_general_ci DEFAULT NULL COMMENT '备注',
  PRIMARY KEY (`role_id`)
) ENGINE=InnoDB AUTO_INCREMENT=100 DEFAULT CHARSET=utf8mb4 COLLATE=utf8mb4_general_ci COMMENT='角色信息表';
/*!40101 SET character_set_client = @saved_cs_client */;

--
-- Dumping data for table `sys_role`
--

LOCK TABLES `sys_role` WRITE;
/*!40000 ALTER TABLE `sys_role` DISABLE KEYS */;
INSERT INTO `sys_role` VALUES (1,'超级管理员','admin',1,'1',1,1,'0','0','admin','2023-12-08 10:16:28','',NULL,'超级管理员'),(2,'普通角色','common',2,'2',1,1,'0','0','admin','2023-12-08 10:16:28','',NULL,'普通角色');
/*!40000 ALTER TABLE `sys_role` ENABLE KEYS */;
UNLOCK TABLES;

--
-- Table structure for table `sys_role_dept`
--

DROP TABLE IF EXISTS `sys_role_dept`;
/*!40101 SET @saved_cs_client     = @@character_set_client */;
/*!50503 SET character_set_client = utf8mb4 */;
CREATE TABLE `sys_role_dept` (
  `role_id` bigint NOT NULL COMMENT '角色ID',
  `dept_id` bigint NOT NULL COMMENT '部门ID',
  PRIMARY KEY (`role_id`,`dept_id`)
) ENGINE=InnoDB DEFAULT CHARSET=utf8mb4 COLLATE=utf8mb4_general_ci COMMENT='角色和部门关联表';
/*!40101 SET character_set_client = @saved_cs_client */;

--
-- Dumping data for table `sys_role_dept`
--

LOCK TABLES `sys_role_dept` WRITE;
/*!40000 ALTER TABLE `sys_role_dept` DISABLE KEYS */;
INSERT INTO `sys_role_dept` VALUES (2,100),(2,101),(2,105);
/*!40000 ALTER TABLE `sys_role_dept` ENABLE KEYS */;
UNLOCK TABLES;

--
-- Table structure for table `sys_role_menu`
--

DROP TABLE IF EXISTS `sys_role_menu`;
/*!40101 SET @saved_cs_client     = @@character_set_client */;
/*!50503 SET character_set_client = utf8mb4 */;
CREATE TABLE `sys_role_menu` (
  `role_id` bigint NOT NULL COMMENT '角色ID',
  `menu_id` bigint NOT NULL COMMENT '菜单ID',
  PRIMARY KEY (`role_id`,`menu_id`)
) ENGINE=InnoDB DEFAULT CHARSET=utf8mb4 COLLATE=utf8mb4_general_ci COMMENT='角色和菜单关联表';
/*!40101 SET character_set_client = @saved_cs_client */;

--
-- Dumping data for table `sys_role_menu`
--

LOCK TABLES `sys_role_menu` WRITE;
/*!40000 ALTER TABLE `sys_role_menu` DISABLE KEYS */;
INSERT INTO `sys_role_menu` VALUES (2,1),(2,2),(2,3),(2,4),(2,100),(2,101),(2,102),(2,103),(2,104),(2,105),(2,106),(2,107),(2,108),(2,109),(2,110),(2,111),(2,112),(2,113),(2,114),(2,115),(2,116),(2,117),(2,500),(2,501),(2,1000),(2,1001),(2,1002),(2,1003),(2,1004),(2,1005),(2,1006),(2,1007),(2,1008),(2,1009),(2,1010),(2,1011),(2,1012),(2,1013),(2,1014),(2,1015),(2,1016),(2,1017),(2,1018),(2,1019),(2,1020),(2,1021),(2,1022),(2,1023),(2,1024),(2,1025),(2,1026),(2,1027),(2,1028),(2,1029),(2,1030),(2,1031),(2,1032),(2,1033),(2,1034),(2,1035),(2,1036),(2,1037),(2,1038),(2,1039),(2,1040),(2,1041),(2,1042),(2,1043),(2,1044),(2,1045),(2,1046),(2,1047),(2,1048),(2,1049),(2,1050),(2,1051),(2,1052),(2,1053),(2,1054),(2,1055),(2,1056),(2,1057),(2,1058),(2,1059),(2,1060);
/*!40000 ALTER TABLE `sys_role_menu` ENABLE KEYS */;
UNLOCK TABLES;

--
-- Table structure for table `sys_user`
--

DROP TABLE IF EXISTS `sys_user`;
/*!40101 SET @saved_cs_client     = @@character_set_client */;
/*!50503 SET character_set_client = utf8mb4 */;
CREATE TABLE `sys_user` (
  `user_id` bigint NOT NULL AUTO_INCREMENT COMMENT '用户ID',
  `dept_id` bigint DEFAULT NULL COMMENT '部门ID',
  `user_name` varchar(30) COLLATE utf8mb4_general_ci NOT NULL COMMENT '用户账号',
  `nick_name` varchar(30) COLLATE utf8mb4_general_ci NOT NULL COMMENT '用户昵称',
  `user_type` varchar(2) COLLATE utf8mb4_general_ci DEFAULT '00' COMMENT '用户类型（00系统用户）',
  `email` varchar(50) COLLATE utf8mb4_general_ci DEFAULT '' COMMENT '用户邮箱',
  `phonenumber` varchar(11) COLLATE utf8mb4_general_ci DEFAULT '' COMMENT '手机号码',
  `sex` char(1) COLLATE utf8mb4_general_ci DEFAULT '0' COMMENT '用户性别（0男 1女 2未知）',
  `avatar` varchar(100) COLLATE utf8mb4_general_ci DEFAULT '' COMMENT '头像地址',
  `password` varchar(100) COLLATE utf8mb4_general_ci DEFAULT '' COMMENT '密码',
  `status` char(1) COLLATE utf8mb4_general_ci DEFAULT '0' COMMENT '帐号状态（0正常 1停用）',
  `del_flag` char(1) COLLATE utf8mb4_general_ci DEFAULT '0' COMMENT '删除标志（0代表存在 2代表删除）',
  `login_ip` varchar(128) COLLATE utf8mb4_general_ci DEFAULT '' COMMENT '最后登录IP',
  `login_date` datetime DEFAULT NULL COMMENT '最后登录时间',
  `create_by` varchar(64) COLLATE utf8mb4_general_ci DEFAULT '' COMMENT '创建者',
  `create_time` datetime DEFAULT NULL COMMENT '创建时间',
  `update_by` varchar(64) COLLATE utf8mb4_general_ci DEFAULT '' COMMENT '更新者',
  `update_time` datetime DEFAULT NULL COMMENT '更新时间',
  `remark` varchar(500) COLLATE utf8mb4_general_ci DEFAULT NULL COMMENT '备注',
  PRIMARY KEY (`user_id`)
) ENGINE=InnoDB AUTO_INCREMENT=100 DEFAULT CHARSET=utf8mb4 COLLATE=utf8mb4_general_ci COMMENT='用户信息表';
/*!40101 SET character_set_client = @saved_cs_client */;

--
-- Dumping data for table `sys_user`
--

LOCK TABLES `sys_user` WRITE;
/*!40000 ALTER TABLE `sys_user` DISABLE KEYS */;
INSERT INTO `sys_user` VALUES (1,103,'admin','若依','00','ry@163.com','15888888888','1','','$2a$10$7JB720yubVSZvUI0rEqK/.VqGOZTH.ulu33dHOiBE8ByOhJIrdAu2','0','0','127.0.0.1','2024-04-13 11:36:26','admin','2023-12-08 10:16:27','','2024-04-13 11:36:25','管理员'),(2,105,'ry','若依','00','ry@qq.com','15666666666','1','','$2a$10$7JB720yubVSZvUI0rEqK/.VqGOZTH.ulu33dHOiBE8ByOhJIrdAu2','0','0','127.0.0.1','2023-12-08 10:16:27','admin','2023-12-08 10:16:27','',NULL,'测试员');
/*!40000 ALTER TABLE `sys_user` ENABLE KEYS */;
UNLOCK TABLES;

--
-- Table structure for table `sys_user_post`
--

DROP TABLE IF EXISTS `sys_user_post`;
/*!40101 SET @saved_cs_client     = @@character_set_client */;
/*!50503 SET character_set_client = utf8mb4 */;
CREATE TABLE `sys_user_post` (
  `user_id` bigint NOT NULL COMMENT '用户ID',
  `post_id` bigint NOT NULL COMMENT '岗位ID',
  PRIMARY KEY (`user_id`,`post_id`)
) ENGINE=InnoDB DEFAULT CHARSET=utf8mb4 COLLATE=utf8mb4_general_ci COMMENT='用户与岗位关联表';
/*!40101 SET character_set_client = @saved_cs_client */;

--
-- Dumping data for table `sys_user_post`
--

LOCK TABLES `sys_user_post` WRITE;
/*!40000 ALTER TABLE `sys_user_post` DISABLE KEYS */;
INSERT INTO `sys_user_post` VALUES (1,1),(2,2);
/*!40000 ALTER TABLE `sys_user_post` ENABLE KEYS */;
UNLOCK TABLES;

--
-- Table structure for table `sys_user_role`
--

DROP TABLE IF EXISTS `sys_user_role`;
/*!40101 SET @saved_cs_client     = @@character_set_client */;
/*!50503 SET character_set_client = utf8mb4 */;
CREATE TABLE `sys_user_role` (
  `user_id` bigint NOT NULL COMMENT '用户ID',
  `role_id` bigint NOT NULL COMMENT '角色ID',
  PRIMARY KEY (`user_id`,`role_id`)
) ENGINE=InnoDB DEFAULT CHARSET=utf8mb4 COLLATE=utf8mb4_general_ci COMMENT='用户和角色关联表';
/*!40101 SET character_set_client = @saved_cs_client */;

--
-- Dumping data for table `sys_user_role`
--

LOCK TABLES `sys_user_role` WRITE;
/*!40000 ALTER TABLE `sys_user_role` DISABLE KEYS */;
INSERT INTO `sys_user_role` VALUES (1,1),(2,2);
/*!40000 ALTER TABLE `sys_user_role` ENABLE KEYS */;
UNLOCK TABLES;
/*!40103 SET TIME_ZONE=@OLD_TIME_ZONE */;

/*!40101 SET SQL_MODE=@OLD_SQL_MODE */;
/*!40014 SET FOREIGN_KEY_CHECKS=@OLD_FOREIGN_KEY_CHECKS */;
/*!40014 SET UNIQUE_CHECKS=@OLD_UNIQUE_CHECKS */;
/*!40101 SET CHARACTER_SET_CLIENT=@OLD_CHARACTER_SET_CLIENT */;
/*!40101 SET CHARACTER_SET_RESULTS=@OLD_CHARACTER_SET_RESULTS */;
/*!40101 SET COLLATION_CONNECTION=@OLD_COLLATION_CONNECTION */;
/*!40111 SET SQL_NOTES=@OLD_SQL_NOTES */;

-- Dump completed on 2024-04-13 11:41:15
