-- MySQL dump 10.13  Distrib 8.0.15, for macos10.14 (x86_64)
--
-- Host: localhost    Database: company_loan
-- ------------------------------------------------------
-- Server version	8.0.15

/*!40101 SET @OLD_CHARACTER_SET_CLIENT=@@CHARACTER_SET_CLIENT */;
/*!40101 SET @OLD_CHARACTER_SET_RESULTS=@@CHARACTER_SET_RESULTS */;
/*!40101 SET @OLD_COLLATION_CONNECTION=@@COLLATION_CONNECTION */;
 SET NAMES utf8 ;
/*!40103 SET @OLD_TIME_ZONE=@@TIME_ZONE */;
/*!40103 SET TIME_ZONE='+00:00' */;
/*!40014 SET @OLD_UNIQUE_CHECKS=@@UNIQUE_CHECKS, UNIQUE_CHECKS=0 */;
/*!40014 SET @OLD_FOREIGN_KEY_CHECKS=@@FOREIGN_KEY_CHECKS, FOREIGN_KEY_CHECKS=0 */;
/*!40101 SET @OLD_SQL_MODE=@@SQL_MODE, SQL_MODE='NO_AUTO_VALUE_ON_ZERO' */;
/*!40111 SET @OLD_SQL_NOTES=@@SQL_NOTES, SQL_NOTES=0 */;

--
-- Table structure for table `data_company_loan`
--

DROP TABLE IF EXISTS `data_company_loan`;
/*!40101 SET @saved_cs_client     = @@character_set_client */;
 SET character_set_client = utf8mb4 ;
CREATE TABLE `data_company_loan` (
  `company_id` bigint(20) NOT NULL AUTO_INCREMENT COMMENT 'ä¼ä¸šid',
  `mzt_user_id` varchar(32) NOT NULL COMMENT 'é—½æ”¿é€šç”¨æˆ·ID',
  `company_name` varchar(128) NOT NULL COMMENT 'ä¼ä¸šåç§°',
  `company_credit_code` varchar(32) DEFAULT NULL COMMENT 'ç»Ÿä¸€ç¤¾ä¼šä¿¡ç”¨ä»£ç ',
  `company_address` varchar(256) DEFAULT '' COMMENT 'ä¼ä¸šåœ°å€',
  `company_province` varchar(30) DEFAULT '' COMMENT 'çœä»½',
  `company_city` varchar(30) DEFAULT '' COMMENT 'å¸‚',
  `company_area` varchar(30) DEFAULT '' COMMENT 'åŒºæˆ–å¿',
  `company_type` varchar(128) DEFAULT '' COMMENT 'ä¼ä¸šåˆ’å‹',
  `company_industry` varchar(128) DEFAULT '' COMMENT 'æ‰€åœ¨è¡Œä¸š',
  `company_business` varchar(1024) DEFAULT '' COMMENT 'ä¸»è¥ä¸šåŠ¡',
  `loan_band` varchar(64) DEFAULT '' COMMENT 'æ„å‘é“¶è¡Œï¼ˆé€—å·éš”å¼€ï¼‰',
  `loan_amount` decimal(12,2) NOT NULL COMMENT 'è´·æ¬¾é‡‘é¢',
  `loan_first` char(1) DEFAULT '0' COMMENT 'æ˜¯å¦é¦–æ¬¡è´·æ¬¾ï¼ˆ0æ˜¯ 1ä¸æ˜¯ï¼‰',
  `loan_purpose` varchar(64) DEFAULT '' COMMENT 'è´·æ¬¾ç”¨é€”',
  `remark` varchar(512) DEFAULT '' COMMENT 'å¤‡æ³¨è¯´æ˜',
  `contact_name` varchar(16) DEFAULT '' COMMENT 'è”ç³»äººå§“å',
  `contact_phone` varchar(16) DEFAULT '' COMMENT 'è”ç³»äººæ‰‹æœº',
  `del_flag` char(1) DEFAULT '0' COMMENT 'åˆ é™¤æ ‡å¿—ï¼ˆ0ä»£è¡¨å­˜åœ¨ 2ä»£è¡¨åˆ é™¤ï¼‰',
  `create_time` datetime DEFAULT NULL COMMENT 'åˆ›å»ºæ—¶é—´',
  `update_time` datetime DEFAULT NULL COMMENT 'æ›´æ–°æ—¶é—´',
  PRIMARY KEY (`company_id`)
) ENGINE=InnoDB AUTO_INCREMENT=14 DEFAULT CHARSET=utf8 COMMENT='ä¼ä¸šè´·æ¬¾ä¿¡æ¯è¡¨';
/*!40101 SET character_set_client = @saved_cs_client */;

--
-- Dumping data for table `data_company_loan`
--

LOCK TABLES `data_company_loan` WRITE;
/*!40000 ALTER TABLE `data_company_loan` DISABLE KEYS */;
-- INSERT INTO `data_company_loan` VALUES (10,'123','æ ‘è›™å¤§æ•°æ®æœ‰é™å…¬å¸','91350111MA8RE8BT17','','','','æœ‰é™è´£ä»»å…¬å¸(è‡ªç„¶äººæŠ•èµ„æˆ–æ§è‚¡)','äº’è”ç½‘ç”Ÿäº§æœåŠ¡å¹³å°','ä¸€èˆ¬é¡¹ç›®ï¼šå¤§æ•°æ®æœåŠ¡ï¼›è½¯ä»¶å¼€å‘ï¼›è®¡ç®—æœºè½¯ç¡¬ä»¶åŠè¾…åŠ©è®¾å¤‡æ‰¹å‘ï¼›è®¡ç®—æœºè½¯ç¡¬ä»¶åŠè¾…åŠ©è®¾å¤‡é›¶å”®ï¼›ä¿¡æ¯å’¨è¯¢æœåŠ¡ï¼ˆä¸å«è®¸å¯ç±»ä¿¡æ¯å’¨è¯¢æœåŠ¡ï¼‰ï¼›çº¿ä¸‹æ•°æ®å¤„ç†æœåŠ¡ï¼›äº’è”ç½‘æ•°æ®æœåŠ¡ï¼›äººå·¥æ™ºèƒ½å…¬å…±æ•°æ®å¹³å°ï¼›æ•°æ®å¤„ç†æœåŠ¡ï¼›æ•°æ®å¤„ç†å’Œå­˜å‚¨æ”¯æŒæœåŠ¡ï¼›åŒºå—é“¾æŠ€æœ¯ç›¸å…³è½¯ä»¶å’ŒæœåŠ¡ï¼›ç”Ÿç‰©è´¨èƒ½èµ„æºæ•°æ®åº“ä¿¡æ¯ç³»ç»Ÿå¹³å°ï¼›ç‰©è”ç½‘æŠ€æœ¯ç ”å‘ï¼›äº’è”ç½‘é”€å”®ï¼ˆé™¤é”€å”®éœ€è¦è®¸å¯çš„å•†å“ï¼‰ï¼›ä¿¡æ¯ç³»ç»Ÿé›†æˆæœåŠ¡ï¼ˆé™¤ä¾æ³•é¡»ç»æ‰¹å‡†çš„é¡¹ç›®å¤–ï¼Œå‡­è¥ä¸šæ‰§ç…§ä¾æ³•è‡ªä¸»å¼€å±•ç»è¥æ´»åŠ¨ï¼‰nè®¸å¯é¡¹ç›®ï¼šå‡ºç‰ˆç‰©æ‰¹å‘ï¼›å‡ºç‰ˆç‰©é›¶å”®ï¼›å‡ºç‰ˆç‰©äº’è”ç½‘é”€å”®ï¼ˆä¾æ³•é¡»ç»æ‰¹å‡†çš„é¡¹ç›®ï¼Œç»ç›¸å…³éƒ¨é—¨æ‰¹å‡†åæ–¹å¯å¼€å±•ç»è¥æ´»åŠ¨ï¼Œå…·ä½“ç»è¥é¡¹ç›®ä»¥ç›¸å…³éƒ¨é—¨æ‰¹å‡†æ–‡ä»¶æˆ–è®¸å¯è¯ä»¶ä¸ºå‡†ï¼‰','1,2',1000.00,'0','æµ‹è¯•','','å¼ ä¸‰','13655988863','0','2021-07-22 11:06:15',NULL),(11,'123','æ™‹æ±Ÿäº¤å‘ç§‘æŠ€æœ‰é™å…¬å¸','91350582MA8RFY385R','','','','æœ‰é™è´£ä»»å…¬å¸(è‡ªç„¶äººæŠ•èµ„æˆ–æ§è‚¡)','å·¥ç¨‹å’ŒæŠ€æœ¯ç ”ç©¶å’Œè¯•éªŒå‘å±•','ä¸€èˆ¬é¡¹ç›®ï¼šå·¥ç¨‹å’ŒæŠ€æœ¯ç ”ç©¶å’Œè¯•éªŒå‘å±•ï¼›ç ¼ç»“æ„æ„ä»¶é”€å”®ï¼›å»ºç­‘è£…é¥°ææ–™é”€å”®ï¼›å»ºç­‘ææ–™é”€å”®ï¼›å»ºç­‘ç Œå—é”€å”®ï¼›æ°´æ³¥åˆ¶å“é”€å”®ï¼›å»ºç­‘ç”¨é’¢ç­‹äº§å“é”€å”®ï¼›é‡‘å±åˆ¶å“é”€å”®ï¼›ä¿¡æ¯å’¨è¯¢æœåŠ¡ï¼ˆä¸å«è®¸å¯ç±»ä¿¡æ¯å’¨è¯¢æœåŠ¡ï¼‰ï¼ˆé™¤ä¾æ³•é¡»ç»æ‰¹å‡†çš„é¡¹ç›®å¤–ï¼Œå‡­è¥ä¸šæ‰§ç…§ä¾æ³•è‡ªä¸»å¼€å±•ç»è¥æ´»åŠ¨ï¼‰nè®¸å¯é¡¹ç›®ï¼šå»ºè®¾å·¥ç¨‹è®¾è®¡ï¼ˆä¾æ³•é¡»ç»æ‰¹å‡†çš„é¡¹ç›®ï¼Œç»ç›¸å…³éƒ¨é—¨æ‰¹å‡†åæ–¹å¯å¼€å±•ç»è¥æ´»åŠ¨ï¼Œå…·ä½“ç»è¥é¡¹ç›®ä»¥ç›¸å…³éƒ¨é—¨æ‰¹å‡†æ–‡ä»¶æˆ–è®¸å¯è¯ä»¶ä¸ºå‡†ï¼‰','1,2',100.00,'0','100','','å¼ ä¸‰','13655988863','0','2021-07-22 11:12:01',NULL),(12,'123','å¦é—¨æ’è¨€æ¥ è´¸æ˜“æœ‰é™å…¬å¸','91350212MA333TTA77','','','','æœ‰é™è´£ä»»å…¬å¸(è‡ªç„¶äººç‹¬èµ„)','è´¸æ˜“ä»£ç†','è´¸æ˜“ä»£ç†ï¼›çººç»‡å“ã€é’ˆç»‡å“åŠåŸæ–™æ‰¹å‘ï¼›æœè£…æ‰¹å‘ï¼›é‹å¸½æ‰¹å‘ï¼›åŒ–å¦†å“åŠå«ç”Ÿç”¨å“æ‰¹å‘ï¼›å¨æˆ¿ã€å«ç”Ÿé—´ç”¨å…·åŠæ—¥ç”¨æ‚è´§æ‰¹å‘ï¼›ç¯å…·ã€è£…é¥°ç‰©å“æ‰¹å‘ï¼›å®¶ç”¨ç”µå™¨æ‰¹å‘ï¼›å…¶ä»–å®¶åº­ç”¨å“æ‰¹å‘ï¼›æ–‡å…·ç”¨å“æ‰¹å‘ï¼›å…¶ä»–æ–‡åŒ–ç”¨å“æ‰¹å‘ï¼›äº”é‡‘äº§å“æ‰¹å‘ï¼›ç”µæ°”è®¾å¤‡æ‰¹å‘ï¼›è®¡ç®—æœºã€è½¯ä»¶åŠè¾…åŠ©è®¾å¤‡æ‰¹å‘ï¼›å…¶ä»–æœºæ¢°è®¾å¤‡åŠç”µå­äº§å“æ‰¹å‘ï¼›çººç»‡å“åŠé’ˆç»‡å“é›¶å”®ï¼›æœè£…é›¶å”®ï¼›é‹å¸½é›¶å”®ï¼›åŒ–å¦†å“åŠå«ç”Ÿç”¨å“é›¶å”®ï¼›é’Ÿè¡¨ã€çœ¼é•œé›¶å”®ï¼›ç®±ã€åŒ…é›¶å”®ï¼›å¨æˆ¿ç”¨å…·åŠæ—¥ç”¨æ‚å“é›¶å”®ï¼›å…¶ä»–æ—¥ç”¨å“é›¶å”®ï¼›æ–‡å…·ç”¨å“é›¶å”®ï¼›å…¶ä»–æ–‡åŒ–ç”¨å“é›¶å”®ï¼›å®¶ç”¨è§†å¬è®¾å¤‡é›¶å”®ï¼›æ—¥ç”¨å®¶ç”µè®¾å¤‡é›¶å”®ï¼›è®¡ç®—æœºã€è½¯ä»¶åŠè¾…åŠ©è®¾å¤‡é›¶å”®ï¼›é€šä¿¡è®¾å¤‡é›¶å”®ï¼›å…¶ä»–ç”µå­äº§å“é›¶å”®ï¼›äº”é‡‘é›¶å”®ï¼›ç¯å…·é›¶å”®ï¼›æ¶‚æ–™é›¶å”®ã€‚','1,3',1000.00,'0','1000','','å¼ ä¸‰','18805955908','0','2021-07-22 11:28:15',NULL);
/*!40000 ALTER TABLE `data_company_loan` ENABLE KEYS */;
UNLOCK TABLES;

--
-- Table structure for table `gen_table`
--

DROP TABLE IF EXISTS `gen_table`;
/*!40101 SET @saved_cs_client     = @@character_set_client */;
 SET character_set_client = utf8mb4 ;
CREATE TABLE `gen_table` (
  `table_id` bigint(20) NOT NULL AUTO_INCREMENT COMMENT 'ç¼–å·',
  `table_name` varchar(200) DEFAULT '' COMMENT 'è¡¨åç§°',
  `table_comment` varchar(500) DEFAULT '' COMMENT 'è¡¨æè¿°',
  `sub_table_name` varchar(64) DEFAULT NULL COMMENT 'å…³è”å­è¡¨çš„è¡¨å',
  `sub_table_fk_name` varchar(64) DEFAULT NULL COMMENT 'å­è¡¨å…³è”çš„å¤–é”®å',
  `class_name` varchar(100) DEFAULT '' COMMENT 'å®ä½“ç±»åç§°',
  `tpl_category` varchar(200) DEFAULT 'crud' COMMENT 'ä½¿ç”¨çš„æ¨¡æ¿ï¼ˆcrudå•è¡¨æ“ä½œ treeæ ‘è¡¨æ“ä½œï¼‰',
  `package_name` varchar(100) DEFAULT NULL COMMENT 'ç”ŸæˆåŒ…è·¯å¾„',
  `module_name` varchar(30) DEFAULT NULL COMMENT 'ç”Ÿæˆæ¨¡å—å',
  `business_name` varchar(30) DEFAULT NULL COMMENT 'ç”Ÿæˆä¸šåŠ¡å',
  `function_name` varchar(50) DEFAULT NULL COMMENT 'ç”ŸæˆåŠŸèƒ½å',
  `function_author` varchar(50) DEFAULT NULL COMMENT 'ç”ŸæˆåŠŸèƒ½ä½œè€…',
  `gen_type` char(1) DEFAULT '0' COMMENT 'ç”Ÿæˆä»£ç æ–¹å¼ï¼ˆ0zipå‹ç¼©åŒ… 1è‡ªå®šä¹‰è·¯å¾„ï¼‰',
  `gen_path` varchar(200) DEFAULT '/' COMMENT 'ç”Ÿæˆè·¯å¾„ï¼ˆä¸å¡«é»˜è®¤é¡¹ç›®è·¯å¾„ï¼‰',
  `options` varchar(1000) DEFAULT NULL COMMENT 'å…¶å®ƒç”Ÿæˆé€‰é¡¹',
  `create_by` varchar(64) DEFAULT '' COMMENT 'åˆ›å»ºè€…',
  `create_time` datetime DEFAULT NULL COMMENT 'åˆ›å»ºæ—¶é—´',
  `update_by` varchar(64) DEFAULT '' COMMENT 'æ›´æ–°è€…',
  `update_time` datetime DEFAULT NULL COMMENT 'æ›´æ–°æ—¶é—´',
  `remark` varchar(500) DEFAULT NULL COMMENT 'å¤‡æ³¨',
  PRIMARY KEY (`table_id`)
) ENGINE=InnoDB AUTO_INCREMENT=4 DEFAULT CHARSET=utf8 COMMENT='ä»£ç ç”Ÿæˆä¸šåŠ¡è¡¨';
/*!40101 SET character_set_client = @saved_cs_client */;

--
-- Dumping data for table `gen_table`
--

LOCK TABLES `gen_table` WRITE;
/*!40000 ALTER TABLE `gen_table` DISABLE KEYS */;
INSERT INTO `gen_table` VALUES (1,'sys_dept','éƒ¨é—¨è¡¨',NULL,NULL,'SysDept','crud','com.ruoyi.system','system','dept','éƒ¨é—¨','ruoyi','0','/',NULL,'admin','2021-07-12 20:48:37','',NULL,NULL),(3,'data_company_loan','ä¼ä¸šè´·æ¬¾ä¿¡æ¯è¡¨',NULL,NULL,'DataCompanyLoan','crud','com.ruoyi.system','system','loan','ä¼ä¸šè´·æ¬¾ä¿¡æ¯','genius','0','/',NULL,'admin','2021-07-13 11:22:22','',NULL,NULL);
/*!40000 ALTER TABLE `gen_table` ENABLE KEYS */;
UNLOCK TABLES;

--
-- Table structure for table `gen_table_column`
--

DROP TABLE IF EXISTS `gen_table_column`;
/*!40101 SET @saved_cs_client     = @@character_set_client */;
 SET character_set_client = utf8mb4 ;
CREATE TABLE `gen_table_column` (
  `column_id` bigint(20) NOT NULL AUTO_INCREMENT COMMENT 'ç¼–å·',
  `table_id` varchar(64) DEFAULT NULL COMMENT 'å½’å±è¡¨ç¼–å·',
  `column_name` varchar(200) DEFAULT NULL COMMENT 'åˆ—åç§°',
  `column_comment` varchar(500) DEFAULT NULL COMMENT 'åˆ—æè¿°',
  `column_type` varchar(100) DEFAULT NULL COMMENT 'åˆ—ç±»å‹',
  `java_type` varchar(500) DEFAULT NULL COMMENT 'JAVAç±»å‹',
  `java_field` varchar(200) DEFAULT NULL COMMENT 'JAVAå­—æ®µå',
  `is_pk` char(1) DEFAULT NULL COMMENT 'æ˜¯å¦ä¸»é”®ï¼ˆ1æ˜¯ï¼‰',
  `is_increment` char(1) DEFAULT NULL COMMENT 'æ˜¯å¦è‡ªå¢ï¼ˆ1æ˜¯ï¼‰',
  `is_required` char(1) DEFAULT NULL COMMENT 'æ˜¯å¦å¿…å¡«ï¼ˆ1æ˜¯ï¼‰',
  `is_insert` char(1) DEFAULT NULL COMMENT 'æ˜¯å¦ä¸ºæ’å…¥å­—æ®µï¼ˆ1æ˜¯ï¼‰',
  `is_edit` char(1) DEFAULT NULL COMMENT 'æ˜¯å¦ç¼–è¾‘å­—æ®µï¼ˆ1æ˜¯ï¼‰',
  `is_list` char(1) DEFAULT NULL COMMENT 'æ˜¯å¦åˆ—è¡¨å­—æ®µï¼ˆ1æ˜¯ï¼‰',
  `is_query` char(1) DEFAULT NULL COMMENT 'æ˜¯å¦æŸ¥è¯¢å­—æ®µï¼ˆ1æ˜¯ï¼‰',
  `query_type` varchar(200) DEFAULT 'EQ' COMMENT 'æŸ¥è¯¢æ–¹å¼ï¼ˆç­‰äºã€ä¸ç­‰äºã€å¤§äºã€å°äºã€èŒƒå›´ï¼‰',
  `html_type` varchar(200) DEFAULT NULL COMMENT 'æ˜¾ç¤ºç±»å‹ï¼ˆæ–‡æœ¬æ¡†ã€æ–‡æœ¬åŸŸã€ä¸‹æ‹‰æ¡†ã€å¤é€‰æ¡†ã€å•é€‰æ¡†ã€æ—¥æœŸæ§ä»¶ï¼‰',
  `dict_type` varchar(200) DEFAULT '' COMMENT 'å­—å…¸ç±»å‹',
  `sort` int(11) DEFAULT NULL COMMENT 'æ’åº',
  `create_by` varchar(64) DEFAULT '' COMMENT 'åˆ›å»ºè€…',
  `create_time` datetime DEFAULT NULL COMMENT 'åˆ›å»ºæ—¶é—´',
  `update_by` varchar(64) DEFAULT '' COMMENT 'æ›´æ–°è€…',
  `update_time` datetime DEFAULT NULL COMMENT 'æ›´æ–°æ—¶é—´',
  PRIMARY KEY (`column_id`)
) ENGINE=InnoDB AUTO_INCREMENT=55 DEFAULT CHARSET=utf8 COMMENT='ä»£ç ç”Ÿæˆä¸šåŠ¡è¡¨å­—æ®µ';
/*!40101 SET character_set_client = @saved_cs_client */;

--
-- Dumping data for table `gen_table_column`
--

LOCK TABLES `gen_table_column` WRITE;
/*!40000 ALTER TABLE `gen_table_column` DISABLE KEYS */;
INSERT INTO `gen_table_column` VALUES (1,'1','dept_id','éƒ¨é—¨id','bigint(20)','Long','deptId','1','1',NULL,'1',NULL,NULL,NULL,'EQ','input','',1,'admin','2021-07-12 20:48:37','',NULL),(2,'1','parent_id','çˆ¶éƒ¨é—¨id','bigint(20)','Long','parentId','0','0',NULL,'1','1','1','1','EQ','input','',2,'admin','2021-07-12 20:48:37','',NULL),(3,'1','ancestors','ç¥–çº§åˆ—è¡¨','varchar(50)','String','ancestors','0','0',NULL,'1','1','1','1','EQ','input','',3,'admin','2021-07-12 20:48:37','',NULL),(4,'1','dept_name','éƒ¨é—¨åç§°','varchar(30)','String','deptName','0','0',NULL,'1','1','1','1','LIKE','input','',4,'admin','2021-07-12 20:48:37','',NULL),(5,'1','order_num','æ˜¾ç¤ºé¡ºåº','int(4)','Integer','orderNum','0','0',NULL,'1','1','1','1','EQ','input','',5,'admin','2021-07-12 20:48:37','',NULL),(6,'1','leader','è´Ÿè´£äºº','varchar(20)','String','leader','0','0',NULL,'1','1','1','1','EQ','input','',6,'admin','2021-07-12 20:48:37','',NULL),(7,'1','phone','è”ç³»ç”µè¯','varchar(11)','String','phone','0','0',NULL,'1','1','1','1','EQ','input','',7,'admin','2021-07-12 20:48:37','',NULL),(8,'1','email','é‚®ç®±','varchar(50)','String','email','0','0',NULL,'1','1','1','1','EQ','input','',8,'admin','2021-07-12 20:48:37','',NULL),(9,'1','status','éƒ¨é—¨çŠ¶æ€ï¼ˆ0æ­£å¸¸ 1åœç”¨ï¼‰','char(1)','String','status','0','0',NULL,'1','1','1','1','EQ','radio','',9,'admin','2021-07-12 20:48:37','',NULL),(10,'1','del_flag','åˆ é™¤æ ‡å¿—ï¼ˆ0ä»£è¡¨å­˜åœ¨ 2ä»£è¡¨åˆ é™¤ï¼‰','char(1)','String','delFlag','0','0',NULL,'1',NULL,NULL,NULL,'EQ','input','',10,'admin','2021-07-12 20:48:37','',NULL),(11,'1','create_by','åˆ›å»ºè€…','varchar(64)','String','createBy','0','0',NULL,'1',NULL,NULL,NULL,'EQ','input','',11,'admin','2021-07-12 20:48:37','',NULL),(12,'1','create_time','åˆ›å»ºæ—¶é—´','datetime','Date','createTime','0','0',NULL,'1',NULL,NULL,NULL,'EQ','datetime','',12,'admin','2021-07-12 20:48:37','',NULL),(13,'1','update_by','æ›´æ–°è€…','varchar(64)','String','updateBy','0','0',NULL,'1','1',NULL,NULL,'EQ','input','',13,'admin','2021-07-12 20:48:37','',NULL),(14,'1','update_time','æ›´æ–°æ—¶é—´','datetime','Date','updateTime','0','0',NULL,'1','1',NULL,NULL,'EQ','datetime','',14,'admin','2021-07-12 20:48:37','',NULL),(35,'3','company_id','ä¼ä¸šid','bigint(20)','Long','companyId','1','1',NULL,'1',NULL,NULL,NULL,'EQ','input','',1,'admin','2021-07-13 11:22:22','',NULL),(36,'3','mzt_user_id','é—½æ”¿é€šç”¨æˆ·ID','varchar(20)','String','mztUserId','0','0','1','1','1','1','1','EQ','input','',2,'admin','2021-07-13 11:22:22','',NULL),(37,'3','company_name','ä¼ä¸šåç§°','varchar(64)','String','companyName','0','0','1','1','1','1','1','LIKE','input','',3,'admin','2021-07-13 11:22:22','',NULL),(38,'3','company_credit_code','ç»Ÿä¸€ç¤¾ä¼šä¿¡ç”¨ä»£ç ','varchar(32)','String','companyCreditCode','0','0','1','1','1','1','1','EQ','input','',4,'admin','2021-07-13 11:22:22','',NULL),(39,'3','company_province','çœä»½','varchar(30)','String','companyProvince','0','0',NULL,'1','1','1','1','EQ','input','',5,'admin','2021-07-13 11:22:22','',NULL),(40,'3','company_city','å¸‚','varchar(30)','String','companyCity','0','0',NULL,'1','1','1','1','EQ','input','',6,'admin','2021-07-13 11:22:22','',NULL),(41,'3','company_area','åŒºæˆ–å¿','varchar(30)','String','companyArea','0','0',NULL,'1','1','1','1','EQ','input','',7,'admin','2021-07-13 11:22:22','',NULL),(42,'3','company_type','ä¼ä¸šåˆ’å‹','varchar(32)','String','companyType','0','0',NULL,'1','1','1','1','EQ','select','',8,'admin','2021-07-13 11:22:22','',NULL),(43,'3','company_industry','æ‰€åœ¨è¡Œä¸š','varchar(64)','String','companyIndustry','0','0',NULL,'1','1','1','1','EQ','input','',9,'admin','2021-07-13 11:22:22','',NULL),(44,'3','company_business','ä¸»è¥ä¸šåŠ¡','varchar(128)','String','companyBusiness','0','0',NULL,'1','1','1','1','EQ','input','',10,'admin','2021-07-13 11:22:22','',NULL),(45,'3','loan_band','æ„å‘é“¶è¡Œï¼ˆé€—å·éš”å¼€ï¼‰','varchar(64)','String','loanBand','0','0',NULL,'1','1','1','1','EQ','input','',11,'admin','2021-07-13 11:22:22','',NULL),(46,'3','loan_amount','è´·æ¬¾é‡‘é¢','decimal(18,2)','BigDecimal','loanAmount','0','0','1','1','1','1','1','EQ','input','',12,'admin','2021-07-13 11:22:22','',NULL),(47,'3','loan_first','æ˜¯å¦é¦–æ¬¡è´·æ¬¾ï¼ˆ0æ˜¯ 1ä¸æ˜¯ï¼‰','char(1)','String','loanFirst','0','0',NULL,'1','1','1','1','EQ','input','',13,'admin','2021-07-13 11:22:22','',NULL),(48,'3','loan_purpose','è´·æ¬¾ç”¨é€”','varchar(64)','String','loanPurpose','0','0',NULL,'1','1','1','1','EQ','input','',14,'admin','2021-07-13 11:22:22','',NULL),(49,'3','remark','å¤‡æ³¨è¯´æ˜','varchar(128)','String','remark','0','0',NULL,'1','1','1',NULL,'EQ','input','',15,'admin','2021-07-13 11:22:22','',NULL),(50,'3','contact_name','è”ç³»äººå§“å','varchar(16)','String','contactName','0','0',NULL,'1','1','1','1','LIKE','input','',16,'admin','2021-07-13 11:22:22','',NULL),(51,'3','contact_phone','è”ç³»äººæ‰‹æœº','varchar(16)','String','contactPhone','0','0',NULL,'1','1','1','1','EQ','input','',17,'admin','2021-07-13 11:22:22','',NULL),(52,'3','del_flag','åˆ é™¤æ ‡å¿—ï¼ˆ0ä»£è¡¨å­˜åœ¨ 2ä»£è¡¨åˆ é™¤ï¼‰','char(1)','String','delFlag','0','0',NULL,'1',NULL,NULL,NULL,'EQ','input','',18,'admin','2021-07-13 11:22:22','',NULL),(53,'3','create_time','åˆ›å»ºæ—¶é—´','datetime','Date','createTime','0','0',NULL,'1',NULL,NULL,NULL,'EQ','datetime','',19,'admin','2021-07-13 11:22:22','',NULL),(54,'3','update_time','æ›´æ–°æ—¶é—´','datetime','Date','updateTime','0','0',NULL,'1','1',NULL,NULL,'EQ','datetime','',20,'admin','2021-07-13 11:22:22','',NULL);
/*!40000 ALTER TABLE `gen_table_column` ENABLE KEYS */;
UNLOCK TABLES;

--
-- Table structure for table `QRTZ_BLOB_TRIGGERS`
--

DROP TABLE IF EXISTS `QRTZ_BLOB_TRIGGERS`;
/*!40101 SET @saved_cs_client     = @@character_set_client */;
 SET character_set_client = utf8mb4 ;
CREATE TABLE `QRTZ_BLOB_TRIGGERS` (
  `sched_name` varchar(120) NOT NULL,
  `trigger_name` varchar(200) NOT NULL,
  `trigger_group` varchar(200) NOT NULL,
  `blob_data` blob,
  PRIMARY KEY (`sched_name`,`trigger_name`,`trigger_group`),
  CONSTRAINT `qrtz_blob_triggers_ibfk_1` FOREIGN KEY (`sched_name`, `trigger_name`, `trigger_group`) REFERENCES `qrtz_triggers` (`sched_name`, `trigger_name`, `trigger_group`)
) ENGINE=InnoDB DEFAULT CHARSET=utf8;
/*!40101 SET character_set_client = @saved_cs_client */;

--
-- Dumping data for table `QRTZ_BLOB_TRIGGERS`
--

LOCK TABLES `QRTZ_BLOB_TRIGGERS` WRITE;
/*!40000 ALTER TABLE `QRTZ_BLOB_TRIGGERS` DISABLE KEYS */;
/*!40000 ALTER TABLE `QRTZ_BLOB_TRIGGERS` ENABLE KEYS */;
UNLOCK TABLES;

--
-- Table structure for table `QRTZ_CALENDARS`
--

DROP TABLE IF EXISTS `QRTZ_CALENDARS`;
/*!40101 SET @saved_cs_client     = @@character_set_client */;
 SET character_set_client = utf8mb4 ;
CREATE TABLE `QRTZ_CALENDARS` (
  `sched_name` varchar(120) NOT NULL,
  `calendar_name` varchar(200) NOT NULL,
  `calendar` blob NOT NULL,
  PRIMARY KEY (`sched_name`,`calendar_name`)
) ENGINE=InnoDB DEFAULT CHARSET=utf8;
/*!40101 SET character_set_client = @saved_cs_client */;

--
-- Dumping data for table `QRTZ_CALENDARS`
--

LOCK TABLES `QRTZ_CALENDARS` WRITE;
/*!40000 ALTER TABLE `QRTZ_CALENDARS` DISABLE KEYS */;
/*!40000 ALTER TABLE `QRTZ_CALENDARS` ENABLE KEYS */;
UNLOCK TABLES;

--
-- Table structure for table `QRTZ_CRON_TRIGGERS`
--

DROP TABLE IF EXISTS `QRTZ_CRON_TRIGGERS`;
/*!40101 SET @saved_cs_client     = @@character_set_client */;
 SET character_set_client = utf8mb4 ;
CREATE TABLE `QRTZ_CRON_TRIGGERS` (
  `sched_name` varchar(120) NOT NULL,
  `trigger_name` varchar(200) NOT NULL,
  `trigger_group` varchar(200) NOT NULL,
  `cron_expression` varchar(200) NOT NULL,
  `time_zone_id` varchar(80) DEFAULT NULL,
  PRIMARY KEY (`sched_name`,`trigger_name`,`trigger_group`),
  CONSTRAINT `qrtz_cron_triggers_ibfk_1` FOREIGN KEY (`sched_name`, `trigger_name`, `trigger_group`) REFERENCES `qrtz_triggers` (`sched_name`, `trigger_name`, `trigger_group`)
) ENGINE=InnoDB DEFAULT CHARSET=utf8;
/*!40101 SET character_set_client = @saved_cs_client */;

--
-- Dumping data for table `QRTZ_CRON_TRIGGERS`
--

LOCK TABLES `QRTZ_CRON_TRIGGERS` WRITE;
/*!40000 ALTER TABLE `QRTZ_CRON_TRIGGERS` DISABLE KEYS */;
INSERT INTO `QRTZ_CRON_TRIGGERS` VALUES ('RuoyiScheduler','TASK_CLASS_NAME1','DEFAULT','0/10 * * * * ?','Asia/Shanghai'),('RuoyiScheduler','TASK_CLASS_NAME2','DEFAULT','0/15 * * * * ?','Asia/Shanghai'),('RuoyiScheduler','TASK_CLASS_NAME3','DEFAULT','0/20 * * * * ?','Asia/Shanghai');
/*!40000 ALTER TABLE `QRTZ_CRON_TRIGGERS` ENABLE KEYS */;
UNLOCK TABLES;

--
-- Table structure for table `QRTZ_FIRED_TRIGGERS`
--

DROP TABLE IF EXISTS `QRTZ_FIRED_TRIGGERS`;
/*!40101 SET @saved_cs_client     = @@character_set_client */;
 SET character_set_client = utf8mb4 ;
CREATE TABLE `QRTZ_FIRED_TRIGGERS` (
  `sched_name` varchar(120) NOT NULL,
  `entry_id` varchar(95) NOT NULL,
  `trigger_name` varchar(200) NOT NULL,
  `trigger_group` varchar(200) NOT NULL,
  `instance_name` varchar(200) NOT NULL,
  `fired_time` bigint(13) NOT NULL,
  `sched_time` bigint(13) NOT NULL,
  `priority` int(11) NOT NULL,
  `state` varchar(16) NOT NULL,
  `job_name` varchar(200) DEFAULT NULL,
  `job_group` varchar(200) DEFAULT NULL,
  `is_nonconcurrent` varchar(1) DEFAULT NULL,
  `requests_recovery` varchar(1) DEFAULT NULL,
  PRIMARY KEY (`sched_name`,`entry_id`)
) ENGINE=InnoDB DEFAULT CHARSET=utf8;
/*!40101 SET character_set_client = @saved_cs_client */;

--
-- Dumping data for table `QRTZ_FIRED_TRIGGERS`
--

LOCK TABLES `QRTZ_FIRED_TRIGGERS` WRITE;
/*!40000 ALTER TABLE `QRTZ_FIRED_TRIGGERS` DISABLE KEYS */;
/*!40000 ALTER TABLE `QRTZ_FIRED_TRIGGERS` ENABLE KEYS */;
UNLOCK TABLES;

--
-- Table structure for table `QRTZ_JOB_DETAILS`
--

DROP TABLE IF EXISTS `QRTZ_JOB_DETAILS`;
/*!40101 SET @saved_cs_client     = @@character_set_client */;
 SET character_set_client = utf8mb4 ;
CREATE TABLE `QRTZ_JOB_DETAILS` (
  `sched_name` varchar(120) NOT NULL,
  `job_name` varchar(200) NOT NULL,
  `job_group` varchar(200) NOT NULL,
  `description` varchar(250) DEFAULT NULL,
  `job_class_name` varchar(250) NOT NULL,
  `is_durable` varchar(1) NOT NULL,
  `is_nonconcurrent` varchar(1) NOT NULL,
  `is_update_data` varchar(1) NOT NULL,
  `requests_recovery` varchar(1) NOT NULL,
  `job_data` blob,
  PRIMARY KEY (`sched_name`,`job_name`,`job_group`)
) ENGINE=InnoDB DEFAULT CHARSET=utf8;
/*!40101 SET character_set_client = @saved_cs_client */;

--
-- Dumping data for table `QRTZ_JOB_DETAILS`
--

LOCK TABLES `QRTZ_JOB_DETAILS` WRITE;
/*!40000 ALTER TABLE `QRTZ_JOB_DETAILS` DISABLE KEYS */;
INSERT INTO `QRTZ_JOB_DETAILS` VALUES ('RuoyiScheduler','TASK_CLASS_NAME1','DEFAULT',NULL,'com.ruoyi.quartz.util.QuartzDisallowConcurrentExecution','0','1','0','0',_binary 'ï¿½\ï¿½\0sr\0org.quartz.JobDataMapï¿½ï¿½ï¿½è¿©ï¿½\ï¿½\0\0xr\0&org.quartz.utils.StringKeyDirtyFlagMapï¿½\ï¿½\ï¿½ï¿½\ï¿½](\0Z\0allowsTransientDataxr\0org.quartz.utils.DirtyFlagMap\ï¿½.ï¿½(v\n\ï¿½\0Z\0dirtyL\0mapt\0Ljava/util/Map;xpsr\0java.util.HashMap\ï¿½ï¿½\ï¿½`\ï¿½\0F\0\nloadFactorI\0	thresholdxp?@\0\0\0\0\0w\0\0\0\0\0\0t\0TASK_PROPERTIESsr\0com.ruoyi.quartz.domain.SysJob\0\0\0\0\0\0\0\0L\0\nconcurrentt\0Ljava/lang/String;L\0cronExpressionq\0~\0	L\0invokeTargetq\0~\0	L\0jobGroupq\0~\0	L\0jobIdt\0Ljava/lang/Long;L\0jobNameq\0~\0	L\0\rmisfirePolicyq\0~\0	L\0statusq\0~\0	xr\0\'com.ruoyi.common.core.domain.BaseEntity\0\0\0\0\0\0\0\0L\0createByq\0~\0	L\0\ncreateTimet\0Ljava/util/Date;L\0paramsq\0~\0L\0remarkq\0~\0	L\0searchValueq\0~\0	L\0updateByq\0~\0	L\0\nupdateTimeq\0~\0xpt\0adminsr\0java.util.Datehjï¿½KYt\0\0xpw\0\0zï¿½J\ï¿½\ï¿½xpt\0\0pppt\01t\00/10 * * * * ?t\0ryTask.ryNoParamst\0DEFAULTsr\0java.lang.Long;ï¿½\ï¿½Ì#\ï¿½\0J\0valuexr\0java.lang.Numberï¿½ï¿½ï¿½ï¿½\ï¿½ï¿½\0\0xp\0\0\0\0\0\0\0t\0ç³»ç»Ÿé»˜è®¤ï¼ˆæ— å‚ï¼‰t\03t\01x\0'),('RuoyiScheduler','TASK_CLASS_NAME2','DEFAULT',NULL,'com.ruoyi.quartz.util.QuartzDisallowConcurrentExecution','0','1','0','0',_binary 'ï¿½\ï¿½\0sr\0org.quartz.JobDataMapï¿½ï¿½ï¿½è¿©ï¿½\ï¿½\0\0xr\0&org.quartz.utils.StringKeyDirtyFlagMapï¿½\ï¿½\ï¿½ï¿½\ï¿½](\0Z\0allowsTransientDataxr\0org.quartz.utils.DirtyFlagMap\ï¿½.ï¿½(v\n\ï¿½\0Z\0dirtyL\0mapt\0Ljava/util/Map;xpsr\0java.util.HashMap\ï¿½ï¿½\ï¿½`\ï¿½\0F\0\nloadFactorI\0	thresholdxp?@\0\0\0\0\0w\0\0\0\0\0\0t\0TASK_PROPERTIESsr\0com.ruoyi.quartz.domain.SysJob\0\0\0\0\0\0\0\0L\0\nconcurrentt\0Ljava/lang/String;L\0cronExpressionq\0~\0	L\0invokeTargetq\0~\0	L\0jobGroupq\0~\0	L\0jobIdt\0Ljava/lang/Long;L\0jobNameq\0~\0	L\0\rmisfirePolicyq\0~\0	L\0statusq\0~\0	xr\0\'com.ruoyi.common.core.domain.BaseEntity\0\0\0\0\0\0\0\0L\0createByq\0~\0	L\0\ncreateTimet\0Ljava/util/Date;L\0paramsq\0~\0L\0remarkq\0~\0	L\0searchValueq\0~\0	L\0updateByq\0~\0	L\0\nupdateTimeq\0~\0xpt\0adminsr\0java.util.Datehjï¿½KYt\0\0xpw\0\0zï¿½J\ï¿½\ï¿½xpt\0\0pppt\01t\00/15 * * * * ?t\0ryTask.ryParams(\'ry\')t\0DEFAULTsr\0java.lang.Long;ï¿½\ï¿½Ì#\ï¿½\0J\0valuexr\0java.lang.Numberï¿½ï¿½ï¿½ï¿½\ï¿½ï¿½\0\0xp\0\0\0\0\0\0\0t\0ç³»ç»Ÿé»˜è®¤ï¼ˆæœ‰å‚ï¼‰t\03t\01x\0'),('RuoyiScheduler','TASK_CLASS_NAME3','DEFAULT',NULL,'com.ruoyi.quartz.util.QuartzDisallowConcurrentExecution','0','1','0','0',_binary 'ï¿½\ï¿½\0sr\0org.quartz.JobDataMapï¿½ï¿½ï¿½è¿©ï¿½\ï¿½\0\0xr\0&org.quartz.utils.StringKeyDirtyFlagMapï¿½\ï¿½\ï¿½ï¿½\ï¿½](\0Z\0allowsTransientDataxr\0org.quartz.utils.DirtyFlagMap\ï¿½.ï¿½(v\n\ï¿½\0Z\0dirtyL\0mapt\0Ljava/util/Map;xpsr\0java.util.HashMap\ï¿½ï¿½\ï¿½`\ï¿½\0F\0\nloadFactorI\0	thresholdxp?@\0\0\0\0\0w\0\0\0\0\0\0t\0TASK_PROPERTIESsr\0com.ruoyi.quartz.domain.SysJob\0\0\0\0\0\0\0\0L\0\nconcurrentt\0Ljava/lang/String;L\0cronExpressionq\0~\0	L\0invokeTargetq\0~\0	L\0jobGroupq\0~\0	L\0jobIdt\0Ljava/lang/Long;L\0jobNameq\0~\0	L\0\rmisfirePolicyq\0~\0	L\0statusq\0~\0	xr\0\'com.ruoyi.common.core.domain.BaseEntity\0\0\0\0\0\0\0\0L\0createByq\0~\0	L\0\ncreateTimet\0Ljava/util/Date;L\0paramsq\0~\0L\0remarkq\0~\0	L\0searchValueq\0~\0	L\0updateByq\0~\0	L\0\nupdateTimeq\0~\0xpt\0adminsr\0java.util.Datehjï¿½KYt\0\0xpw\0\0zï¿½J\ï¿½\ï¿½xpt\0\0pppt\01t\00/20 * * * * ?t\08ryTask.ryMultipleParams(\'ry\', true, 2000L, 316.50D, 100)t\0DEFAULTsr\0java.lang.Long;ï¿½\ï¿½Ì#\ï¿½\0J\0valuexr\0java.lang.Numberï¿½ï¿½ï¿½ï¿½\ï¿½ï¿½\0\0xp\0\0\0\0\0\0\0t\0ç³»ç»Ÿé»˜è®¤ï¼ˆå¤šå‚ï¼‰t\03t\01x\0');
/*!40000 ALTER TABLE `QRTZ_JOB_DETAILS` ENABLE KEYS */;
UNLOCK TABLES;

--
-- Table structure for table `QRTZ_LOCKS`
--

DROP TABLE IF EXISTS `QRTZ_LOCKS`;
/*!40101 SET @saved_cs_client     = @@character_set_client */;
 SET character_set_client = utf8mb4 ;
CREATE TABLE `QRTZ_LOCKS` (
  `sched_name` varchar(120) NOT NULL,
  `lock_name` varchar(40) NOT NULL,
  PRIMARY KEY (`sched_name`,`lock_name`)
) ENGINE=InnoDB DEFAULT CHARSET=utf8;
/*!40101 SET character_set_client = @saved_cs_client */;

--
-- Dumping data for table `QRTZ_LOCKS`
--

LOCK TABLES `QRTZ_LOCKS` WRITE;
/*!40000 ALTER TABLE `QRTZ_LOCKS` DISABLE KEYS */;
INSERT INTO `QRTZ_LOCKS` VALUES ('RuoyiScheduler','STATE_ACCESS'),('RuoyiScheduler','TRIGGER_ACCESS');
/*!40000 ALTER TABLE `QRTZ_LOCKS` ENABLE KEYS */;
UNLOCK TABLES;

--
-- Table structure for table `QRTZ_PAUSED_TRIGGER_GRPS`
--

DROP TABLE IF EXISTS `QRTZ_PAUSED_TRIGGER_GRPS`;
/*!40101 SET @saved_cs_client     = @@character_set_client */;
 SET character_set_client = utf8mb4 ;
CREATE TABLE `QRTZ_PAUSED_TRIGGER_GRPS` (
  `sched_name` varchar(120) NOT NULL,
  `trigger_group` varchar(200) NOT NULL,
  PRIMARY KEY (`sched_name`,`trigger_group`)
) ENGINE=InnoDB DEFAULT CHARSET=utf8;
/*!40101 SET character_set_client = @saved_cs_client */;

--
-- Dumping data for table `QRTZ_PAUSED_TRIGGER_GRPS`
--

LOCK TABLES `QRTZ_PAUSED_TRIGGER_GRPS` WRITE;
/*!40000 ALTER TABLE `QRTZ_PAUSED_TRIGGER_GRPS` DISABLE KEYS */;
/*!40000 ALTER TABLE `QRTZ_PAUSED_TRIGGER_GRPS` ENABLE KEYS */;
UNLOCK TABLES;

--
-- Table structure for table `QRTZ_SCHEDULER_STATE`
--

DROP TABLE IF EXISTS `QRTZ_SCHEDULER_STATE`;
/*!40101 SET @saved_cs_client     = @@character_set_client */;
 SET character_set_client = utf8mb4 ;
CREATE TABLE `QRTZ_SCHEDULER_STATE` (
  `sched_name` varchar(120) NOT NULL,
  `instance_name` varchar(200) NOT NULL,
  `last_checkin_time` bigint(13) NOT NULL,
  `checkin_interval` bigint(13) NOT NULL,
  PRIMARY KEY (`sched_name`,`instance_name`)
) ENGINE=InnoDB DEFAULT CHARSET=utf8;
/*!40101 SET character_set_client = @saved_cs_client */;

--
-- Dumping data for table `QRTZ_SCHEDULER_STATE`
--

LOCK TABLES `QRTZ_SCHEDULER_STATE` WRITE;
/*!40000 ALTER TABLE `QRTZ_SCHEDULER_STATE` DISABLE KEYS */;
INSERT INTO `QRTZ_SCHEDULER_STATE` VALUES ('RuoyiScheduler','geniusmartdeMacBook-Pro.local1626941628667',1626941811767,15000);
/*!40000 ALTER TABLE `QRTZ_SCHEDULER_STATE` ENABLE KEYS */;
UNLOCK TABLES;

--
-- Table structure for table `QRTZ_SIMPLE_TRIGGERS`
--

DROP TABLE IF EXISTS `QRTZ_SIMPLE_TRIGGERS`;
/*!40101 SET @saved_cs_client     = @@character_set_client */;
 SET character_set_client = utf8mb4 ;
CREATE TABLE `QRTZ_SIMPLE_TRIGGERS` (
  `sched_name` varchar(120) NOT NULL,
  `trigger_name` varchar(200) NOT NULL,
  `trigger_group` varchar(200) NOT NULL,
  `repeat_count` bigint(7) NOT NULL,
  `repeat_interval` bigint(12) NOT NULL,
  `times_triggered` bigint(10) NOT NULL,
  PRIMARY KEY (`sched_name`,`trigger_name`,`trigger_group`),
  CONSTRAINT `qrtz_simple_triggers_ibfk_1` FOREIGN KEY (`sched_name`, `trigger_name`, `trigger_group`) REFERENCES `qrtz_triggers` (`sched_name`, `trigger_name`, `trigger_group`)
) ENGINE=InnoDB DEFAULT CHARSET=utf8;
/*!40101 SET character_set_client = @saved_cs_client */;

--
-- Dumping data for table `QRTZ_SIMPLE_TRIGGERS`
--

LOCK TABLES `QRTZ_SIMPLE_TRIGGERS` WRITE;
/*!40000 ALTER TABLE `QRTZ_SIMPLE_TRIGGERS` DISABLE KEYS */;
/*!40000 ALTER TABLE `QRTZ_SIMPLE_TRIGGERS` ENABLE KEYS */;
UNLOCK TABLES;

--
-- Table structure for table `QRTZ_SIMPROP_TRIGGERS`
--

DROP TABLE IF EXISTS `QRTZ_SIMPROP_TRIGGERS`;
/*!40101 SET @saved_cs_client     = @@character_set_client */;
 SET character_set_client = utf8mb4 ;
CREATE TABLE `QRTZ_SIMPROP_TRIGGERS` (
  `sched_name` varchar(120) NOT NULL,
  `trigger_name` varchar(200) NOT NULL,
  `trigger_group` varchar(200) NOT NULL,
  `str_prop_1` varchar(512) DEFAULT NULL,
  `str_prop_2` varchar(512) DEFAULT NULL,
  `str_prop_3` varchar(512) DEFAULT NULL,
  `int_prop_1` int(11) DEFAULT NULL,
  `int_prop_2` int(11) DEFAULT NULL,
  `long_prop_1` bigint(20) DEFAULT NULL,
  `long_prop_2` bigint(20) DEFAULT NULL,
  `dec_prop_1` decimal(13,4) DEFAULT NULL,
  `dec_prop_2` decimal(13,4) DEFAULT NULL,
  `bool_prop_1` varchar(1) DEFAULT NULL,
  `bool_prop_2` varchar(1) DEFAULT NULL,
  PRIMARY KEY (`sched_name`,`trigger_name`,`trigger_group`),
  CONSTRAINT `qrtz_simprop_triggers_ibfk_1` FOREIGN KEY (`sched_name`, `trigger_name`, `trigger_group`) REFERENCES `qrtz_triggers` (`sched_name`, `trigger_name`, `trigger_group`)
) ENGINE=InnoDB DEFAULT CHARSET=utf8;
/*!40101 SET character_set_client = @saved_cs_client */;

--
-- Dumping data for table `QRTZ_SIMPROP_TRIGGERS`
--

LOCK TABLES `QRTZ_SIMPROP_TRIGGERS` WRITE;
/*!40000 ALTER TABLE `QRTZ_SIMPROP_TRIGGERS` DISABLE KEYS */;
/*!40000 ALTER TABLE `QRTZ_SIMPROP_TRIGGERS` ENABLE KEYS */;
UNLOCK TABLES;

--
-- Table structure for table `QRTZ_TRIGGERS`
--

DROP TABLE IF EXISTS `QRTZ_TRIGGERS`;
/*!40101 SET @saved_cs_client     = @@character_set_client */;
 SET character_set_client = utf8mb4 ;
CREATE TABLE `QRTZ_TRIGGERS` (
  `sched_name` varchar(120) NOT NULL,
  `trigger_name` varchar(200) NOT NULL,
  `trigger_group` varchar(200) NOT NULL,
  `job_name` varchar(200) NOT NULL,
  `job_group` varchar(200) NOT NULL,
  `description` varchar(250) DEFAULT NULL,
  `next_fire_time` bigint(13) DEFAULT NULL,
  `prev_fire_time` bigint(13) DEFAULT NULL,
  `priority` int(11) DEFAULT NULL,
  `trigger_state` varchar(16) NOT NULL,
  `trigger_type` varchar(8) NOT NULL,
  `start_time` bigint(13) NOT NULL,
  `end_time` bigint(13) DEFAULT NULL,
  `calendar_name` varchar(200) DEFAULT NULL,
  `misfire_instr` smallint(2) DEFAULT NULL,
  `job_data` blob,
  PRIMARY KEY (`sched_name`,`trigger_name`,`trigger_group`),
  KEY `sched_name` (`sched_name`,`job_name`,`job_group`),
  CONSTRAINT `qrtz_triggers_ibfk_1` FOREIGN KEY (`sched_name`, `job_name`, `job_group`) REFERENCES `qrtz_job_details` (`sched_name`, `job_name`, `job_group`)
) ENGINE=InnoDB DEFAULT CHARSET=utf8;
/*!40101 SET character_set_client = @saved_cs_client */;

--
-- Dumping data for table `QRTZ_TRIGGERS`
--

LOCK TABLES `QRTZ_TRIGGERS` WRITE;
/*!40000 ALTER TABLE `QRTZ_TRIGGERS` DISABLE KEYS */;
INSERT INTO `QRTZ_TRIGGERS` VALUES ('RuoyiScheduler','TASK_CLASS_NAME1','DEFAULT','TASK_CLASS_NAME1','DEFAULT',NULL,1626941630000,-1,5,'PAUSED','CRON',1626941628000,0,NULL,2,''),('RuoyiScheduler','TASK_CLASS_NAME2','DEFAULT','TASK_CLASS_NAME2','DEFAULT',NULL,1626941640000,-1,5,'PAUSED','CRON',1626941628000,0,NULL,2,''),('RuoyiScheduler','TASK_CLASS_NAME3','DEFAULT','TASK_CLASS_NAME3','DEFAULT',NULL,1626941640000,-1,5,'PAUSED','CRON',1626941628000,0,NULL,2,'');
/*!40000 ALTER TABLE `QRTZ_TRIGGERS` ENABLE KEYS */;
UNLOCK TABLES;

--
-- Table structure for table `sys_config`
--

DROP TABLE IF EXISTS `sys_config`;
/*!40101 SET @saved_cs_client     = @@character_set_client */;
 SET character_set_client = utf8mb4 ;
CREATE TABLE `sys_config` (
  `config_id` int(5) NOT NULL AUTO_INCREMENT COMMENT 'å‚æ•°ä¸»é”®',
  `config_name` varchar(100) DEFAULT '' COMMENT 'å‚æ•°åç§°',
  `config_key` varchar(100) DEFAULT '' COMMENT 'å‚æ•°é”®å',
  `config_value` varchar(500) DEFAULT '' COMMENT 'å‚æ•°é”®å€¼',
  `config_type` char(1) DEFAULT 'N' COMMENT 'ç³»ç»Ÿå†…ç½®ï¼ˆYæ˜¯ Nå¦ï¼‰',
  `create_by` varchar(64) DEFAULT '' COMMENT 'åˆ›å»ºè€…',
  `create_time` datetime DEFAULT NULL COMMENT 'åˆ›å»ºæ—¶é—´',
  `update_by` varchar(64) DEFAULT '' COMMENT 'æ›´æ–°è€…',
  `update_time` datetime DEFAULT NULL COMMENT 'æ›´æ–°æ—¶é—´',
  `remark` varchar(500) DEFAULT NULL COMMENT 'å¤‡æ³¨',
  PRIMARY KEY (`config_id`)
) ENGINE=InnoDB AUTO_INCREMENT=100 DEFAULT CHARSET=utf8 COMMENT='å‚æ•°é…ç½®è¡¨';
/*!40101 SET character_set_client = @saved_cs_client */;

--
-- Dumping data for table `sys_config`
--

LOCK TABLES `sys_config` WRITE;
/*!40000 ALTER TABLE `sys_config` DISABLE KEYS */;
INSERT INTO `sys_config` VALUES (1,'ä¸»æ¡†æ¶é¡µ-é»˜è®¤çš®è‚¤æ ·å¼åç§°','sys.index.skinName','skin-blue','Y','admin','2021-07-12 18:37:11','',NULL,'è“è‰² skin-blueã€ç»¿è‰² skin-greenã€ç´«è‰² skin-purpleã€çº¢è‰² skin-redã€é»„è‰² skin-yellow'),(2,'ç”¨æˆ·ç®¡ç†-è´¦å·åˆå§‹å¯†ç ','sys.user.initPassword','123456','Y','admin','2021-07-12 18:37:11','',NULL,'åˆå§‹åŒ–å¯†ç  123456'),(3,'ä¸»æ¡†æ¶é¡µ-ä¾§è¾¹æ ä¸»é¢˜','sys.index.sideTheme','theme-dark','Y','admin','2021-07-12 18:37:11','',NULL,'æ·±è‰²ä¸»é¢˜theme-darkï¼Œæµ…è‰²ä¸»é¢˜theme-light');
/*!40000 ALTER TABLE `sys_config` ENABLE KEYS */;
UNLOCK TABLES;

--
-- Table structure for table `sys_dept`
--

DROP TABLE IF EXISTS `sys_dept`;
/*!40101 SET @saved_cs_client     = @@character_set_client */;
 SET character_set_client = utf8mb4 ;
CREATE TABLE `sys_dept` (
  `dept_id` bigint(20) NOT NULL AUTO_INCREMENT COMMENT 'éƒ¨é—¨id',
  `parent_id` bigint(20) DEFAULT '0' COMMENT 'çˆ¶éƒ¨é—¨id',
  `ancestors` varchar(50) DEFAULT '' COMMENT 'ç¥–çº§åˆ—è¡¨',
  `dept_name` varchar(30) DEFAULT '' COMMENT 'éƒ¨é—¨åç§°',
  `order_num` int(4) DEFAULT '0' COMMENT 'æ˜¾ç¤ºé¡ºåº',
  `leader` varchar(20) DEFAULT NULL COMMENT 'è´Ÿè´£äºº',
  `phone` varchar(11) DEFAULT NULL COMMENT 'è”ç³»ç”µè¯',
  `email` varchar(50) DEFAULT NULL COMMENT 'é‚®ç®±',
  `status` char(1) DEFAULT '0' COMMENT 'éƒ¨é—¨çŠ¶æ€ï¼ˆ0æ­£å¸¸ 1åœç”¨ï¼‰',
  `del_flag` char(1) DEFAULT '0' COMMENT 'åˆ é™¤æ ‡å¿—ï¼ˆ0ä»£è¡¨å­˜åœ¨ 2ä»£è¡¨åˆ é™¤ï¼‰',
  `create_by` varchar(64) DEFAULT '' COMMENT 'åˆ›å»ºè€…',
  `create_time` datetime DEFAULT NULL COMMENT 'åˆ›å»ºæ—¶é—´',
  `update_by` varchar(64) DEFAULT '' COMMENT 'æ›´æ–°è€…',
  `update_time` datetime DEFAULT NULL COMMENT 'æ›´æ–°æ—¶é—´',
  PRIMARY KEY (`dept_id`)
) ENGINE=InnoDB AUTO_INCREMENT=200 DEFAULT CHARSET=utf8 COMMENT='éƒ¨é—¨è¡¨';
/*!40101 SET character_set_client = @saved_cs_client */;

--
-- Dumping data for table `sys_dept`
--

LOCK TABLES `sys_dept` WRITE;
/*!40000 ALTER TABLE `sys_dept` DISABLE KEYS */;
INSERT INTO `sys_dept` VALUES (100,0,'0','è‹¥ä¾ç§‘æŠ€',0,'è‹¥ä¾','15888888888','ry@qq.com','0','0','admin','2021-07-12 18:37:11','',NULL),(101,100,'0,100','æ·±åœ³æ€»å…¬å¸',1,'è‹¥ä¾','15888888888','ry@qq.com','0','0','admin','2021-07-12 18:37:11','',NULL),(102,100,'0,100','é•¿æ²™åˆ†å…¬å¸',2,'è‹¥ä¾','15888888888','ry@qq.com','0','0','admin','2021-07-12 18:37:11','',NULL),(103,101,'0,100,101','ç ”å‘éƒ¨é—¨',1,'è‹¥ä¾','15888888888','ry@qq.com','0','0','admin','2021-07-12 18:37:11','',NULL),(104,101,'0,100,101','å¸‚åœºéƒ¨é—¨',2,'è‹¥ä¾','15888888888','ry@qq.com','0','0','admin','2021-07-12 18:37:11','',NULL),(105,101,'0,100,101','æµ‹è¯•éƒ¨é—¨',3,'è‹¥ä¾','15888888888','ry@qq.com','0','0','admin','2021-07-12 18:37:11','',NULL),(106,101,'0,100,101','è´¢åŠ¡éƒ¨é—¨',4,'è‹¥ä¾','15888888888','ry@qq.com','0','0','admin','2021-07-12 18:37:11','',NULL),(107,101,'0,100,101','è¿ç»´éƒ¨é—¨',5,'è‹¥ä¾','15888888888','ry@qq.com','0','0','admin','2021-07-12 18:37:11','',NULL),(108,102,'0,100,102','å¸‚åœºéƒ¨é—¨',1,'è‹¥ä¾','15888888888','ry@qq.com','0','0','admin','2021-07-12 18:37:11','',NULL),(109,102,'0,100,102','è´¢åŠ¡éƒ¨é—¨',2,'è‹¥ä¾','15888888888','ry@qq.com','0','0','admin','2021-07-12 18:37:11','',NULL);
/*!40000 ALTER TABLE `sys_dept` ENABLE KEYS */;
UNLOCK TABLES;

--
-- Table structure for table `sys_dict_data`
--

DROP TABLE IF EXISTS `sys_dict_data`;
/*!40101 SET @saved_cs_client     = @@character_set_client */;
 SET character_set_client = utf8mb4 ;
CREATE TABLE `sys_dict_data` (
  `dict_code` bigint(20) NOT NULL AUTO_INCREMENT COMMENT 'å­—å…¸ç¼–ç ',
  `dict_sort` int(4) DEFAULT '0' COMMENT 'å­—å…¸æ’åº',
  `dict_label` varchar(100) DEFAULT '' COMMENT 'å­—å…¸æ ‡ç­¾',
  `dict_value` varchar(100) DEFAULT '' COMMENT 'å­—å…¸é”®å€¼',
  `dict_type` varchar(100) DEFAULT '' COMMENT 'å­—å…¸ç±»å‹',
  `css_class` varchar(100) DEFAULT NULL COMMENT 'æ ·å¼å±æ€§ï¼ˆå…¶ä»–æ ·å¼æ‰©å±•ï¼‰',
  `list_class` varchar(100) DEFAULT NULL COMMENT 'è¡¨æ ¼å›æ˜¾æ ·å¼',
  `is_default` char(1) DEFAULT 'N' COMMENT 'æ˜¯å¦é»˜è®¤ï¼ˆYæ˜¯ Nå¦ï¼‰',
  `status` char(1) DEFAULT '0' COMMENT 'çŠ¶æ€ï¼ˆ0æ­£å¸¸ 1åœç”¨ï¼‰',
  `create_by` varchar(64) DEFAULT '' COMMENT 'åˆ›å»ºè€…',
  `create_time` datetime DEFAULT NULL COMMENT 'åˆ›å»ºæ—¶é—´',
  `update_by` varchar(64) DEFAULT '' COMMENT 'æ›´æ–°è€…',
  `update_time` datetime DEFAULT NULL COMMENT 'æ›´æ–°æ—¶é—´',
  `remark` varchar(500) DEFAULT NULL COMMENT 'å¤‡æ³¨',
  PRIMARY KEY (`dict_code`)
) ENGINE=InnoDB AUTO_INCREMENT=173 DEFAULT CHARSET=utf8 COMMENT='å­—å…¸æ•°æ®è¡¨';
/*!40101 SET character_set_client = @saved_cs_client */;

--
-- Dumping data for table `sys_dict_data`
--

LOCK TABLES `sys_dict_data` WRITE;
/*!40000 ALTER TABLE `sys_dict_data` DISABLE KEYS */;
INSERT INTO `sys_dict_data` VALUES (1,1,'ç”·','0','sys_user_sex','','','Y','0','admin','2021-07-12 18:37:11','',NULL,'æ€§åˆ«ç”·'),(2,2,'å¥³','1','sys_user_sex','','','N','0','admin','2021-07-12 18:37:11','',NULL,'æ€§åˆ«å¥³'),(3,3,'æœªçŸ¥','2','sys_user_sex','','','N','0','admin','2021-07-12 18:37:11','',NULL,'æ€§åˆ«æœªçŸ¥'),(4,1,'æ˜¾ç¤º','0','sys_show_hide','','primary','Y','0','admin','2021-07-12 18:37:11','',NULL,'æ˜¾ç¤ºèœå•'),(5,2,'éšè—','1','sys_show_hide','','danger','N','0','admin','2021-07-12 18:37:11','',NULL,'éšè—èœå•'),(6,1,'æ­£å¸¸','0','sys_normal_disable','','primary','Y','0','admin','2021-07-12 18:37:11','',NULL,'æ­£å¸¸çŠ¶æ€'),(7,2,'åœç”¨','1','sys_normal_disable','','danger','N','0','admin','2021-07-12 18:37:11','',NULL,'åœç”¨çŠ¶æ€'),(8,1,'æ­£å¸¸','0','sys_job_status','','primary','Y','0','admin','2021-07-12 18:37:11','',NULL,'æ­£å¸¸çŠ¶æ€'),(9,2,'æš‚åœ','1','sys_job_status','','danger','N','0','admin','2021-07-12 18:37:11','',NULL,'åœç”¨çŠ¶æ€'),(10,1,'é»˜è®¤','DEFAULT','sys_job_group','','','Y','0','admin','2021-07-12 18:37:11','',NULL,'é»˜è®¤åˆ†ç»„'),(11,2,'ç³»ç»Ÿ','SYSTEM','sys_job_group','','','N','0','admin','2021-07-12 18:37:11','',NULL,'ç³»ç»Ÿåˆ†ç»„'),(12,1,'æ˜¯','Y','sys_yes_no','','primary','Y','0','admin','2021-07-12 18:37:11','',NULL,'ç³»ç»Ÿé»˜è®¤æ˜¯'),(13,2,'å¦','N','sys_yes_no','','danger','N','0','admin','2021-07-12 18:37:11','',NULL,'ç³»ç»Ÿé»˜è®¤å¦'),(14,1,'é€šçŸ¥','1','sys_notice_type','','warning','Y','0','admin','2021-07-12 18:37:11','',NULL,'é€šçŸ¥'),(15,2,'å…¬å‘Š','2','sys_notice_type','','success','N','0','admin','2021-07-12 18:37:11','',NULL,'å…¬å‘Š'),(16,1,'æ­£å¸¸','0','sys_notice_status','','primary','Y','0','admin','2021-07-12 18:37:11','',NULL,'æ­£å¸¸çŠ¶æ€'),(17,2,'å…³é—­','1','sys_notice_status','','danger','N','0','admin','2021-07-12 18:37:11','',NULL,'å…³é—­çŠ¶æ€'),(18,1,'æ–°å¢','1','sys_oper_type','','info','N','0','admin','2021-07-12 18:37:11','',NULL,'æ–°å¢æ“ä½œ'),(19,2,'ä¿®æ”¹','2','sys_oper_type','','info','N','0','admin','2021-07-12 18:37:11','',NULL,'ä¿®æ”¹æ“ä½œ'),(20,3,'åˆ é™¤','3','sys_oper_type','','danger','N','0','admin','2021-07-12 18:37:11','',NULL,'åˆ é™¤æ“ä½œ'),(21,4,'æˆæƒ','4','sys_oper_type','','primary','N','0','admin','2021-07-12 18:37:11','',NULL,'æˆæƒæ“ä½œ'),(22,5,'å¯¼å‡º','5','sys_oper_type','','warning','N','0','admin','2021-07-12 18:37:11','',NULL,'å¯¼å‡ºæ“ä½œ'),(23,6,'å¯¼å…¥','6','sys_oper_type','','warning','N','0','admin','2021-07-12 18:37:11','',NULL,'å¯¼å…¥æ“ä½œ'),(24,7,'å¼ºé€€','7','sys_oper_type','','danger','N','0','admin','2021-07-12 18:37:11','',NULL,'å¼ºé€€æ“ä½œ'),(25,8,'ç”Ÿæˆä»£ç ','8','sys_oper_type','','warning','N','0','admin','2021-07-12 18:37:11','',NULL,'ç”Ÿæˆæ“ä½œ'),(26,9,'æ¸…ç©ºæ•°æ®','9','sys_oper_type','','danger','N','0','admin','2021-07-12 18:37:11','',NULL,'æ¸…ç©ºæ“ä½œ'),(27,1,'æˆåŠŸ','0','sys_common_status','','primary','N','0','admin','2021-07-12 18:37:11','',NULL,'æ­£å¸¸çŠ¶æ€'),(28,2,'å¤±è´¥','1','sys_common_status','','danger','N','0','admin','2021-07-12 18:37:11','',NULL,'åœç”¨çŠ¶æ€'),(135,1,'å†œä¸šå‘å±•é“¶è¡Œæ³‰å·åˆ†è¡Œ','1','sys_user_band',NULL,'default','N','0','','2021-07-22 16:13:52','',NULL,NULL),(136,2,'å·¥å•†é“¶è¡Œæ³‰å·åˆ†è¡Œ','2','sys_user_band',NULL,'default','N','0','','2021-07-22 16:13:52','',NULL,NULL),(137,3,'å†œä¸šé“¶è¡Œæ³‰å·åˆ†è¡Œ','3','sys_user_band',NULL,'default','N','0','','2021-07-22 16:13:52','',NULL,NULL),(138,4,'ä¸­å›½é“¶è¡Œæ³‰å·åˆ†è¡Œ','4','sys_user_band',NULL,'default','N','0','','2021-07-22 16:13:52','',NULL,NULL),(139,5,'å»ºè®¾é“¶è¡Œæ³‰å·åˆ†è¡Œ','5','sys_user_band',NULL,'default','N','0','','2021-07-22 16:13:52','',NULL,NULL),(140,6,'å…´ä¸šé“¶è¡Œæ³‰å·åˆ†è¡Œ','6','sys_user_band',NULL,'default','N','0','','2021-07-22 16:13:52','',NULL,NULL),(141,7,'ä¸­ä¿¡é“¶è¡Œæ³‰å·åˆ†è¡Œ','7','sys_user_band',NULL,'default','N','0','','2021-07-22 16:13:52','',NULL,NULL),(142,8,'æ‹›å•†é“¶è¡Œæ³‰å·åˆ†è¡Œ','8','sys_user_band',NULL,'default','N','0','','2021-07-22 16:13:52','',NULL,NULL),(143,9,'æ°‘ç”Ÿé“¶è¡Œæ³‰å·åˆ†è¡Œ','9','sys_user_band',NULL,'default','N','0','','2021-07-22 16:13:52','',NULL,NULL),(144,10,'äº¤é€šé“¶è¡Œæ³‰å·åˆ†è¡Œ','10','sys_user_band',NULL,'default','N','0','','2021-07-22 16:13:52','',NULL,NULL),(145,11,'é‚®å‚¨é“¶è¡Œæ³‰å·åˆ†è¡Œ','11','sys_user_band',NULL,'default','N','0','','2021-07-22 16:13:52','',NULL,NULL),(146,12,'å¹³å®‰é“¶è¡Œæ³‰å·åˆ†è¡Œ','12','sys_user_band',NULL,'default','N','0','','2021-07-22 16:13:52','',NULL,NULL),(147,13,'å…‰å¤§é“¶è¡Œæ³‰å·åˆ†è¡Œ','13','sys_user_band',NULL,'default','N','0','','2021-07-22 16:13:52','',NULL,NULL),(148,14,'åå¤é“¶è¡Œæ³‰å·åˆ†è¡Œ','14','sys_user_band',NULL,'default','N','0','','2021-07-22 16:13:52','',NULL,NULL),(149,15,'æµ·å³¡é“¶è¡Œæ³‰å·åˆ†è¡Œ','15','sys_user_band',NULL,'default','N','0','','2021-07-22 16:13:52','',NULL,NULL),(150,16,'æµ¦å‘é“¶è¡Œæ³‰å·åˆ†è¡Œ','16','sys_user_band',NULL,'default','N','0','','2021-07-22 16:13:52','',NULL,NULL),(151,17,'å¦é—¨é“¶è¡Œæ³‰å·åˆ†è¡Œ','17','sys_user_band',NULL,'default','N','0','','2021-07-22 16:13:52','',NULL,NULL),(152,18,'é¦–éƒ½é“¶è¡Œæ³‰å·åˆ†è¡Œ','18','sys_user_band',NULL,'default','N','0','','2021-07-22 16:13:52','',NULL,NULL),(153,19,'å¦é—¨å›½é™…é“¶è¡Œæ³‰å·åˆ†è¡Œ','19','sys_user_band',NULL,'default','N','0','','2021-07-22 16:13:52','',NULL,NULL),(154,20,'æ’ä¸°é“¶è¡Œæ³‰å·åˆ†è¡Œ','20','sys_user_band',NULL,'default','N','0','','2021-07-22 16:13:52','',NULL,NULL),(155,21,'å¹¿å‘é“¶è¡Œæ³‰å·åˆ†è¡Œ','21','sys_user_band',NULL,'default','N','0','','2021-07-22 16:13:52','',NULL,NULL),(156,22,'æ¸¤æµ·é“¶è¡Œæ³‰å·åˆ†è¡Œ','22','sys_user_band',NULL,'default','N','0','','2021-07-22 16:13:52','',NULL,NULL),(157,23,'æ³‰å·é“¶è¡Œ','23','sys_user_band',NULL,'default','N','0','','2021-07-22 16:13:52','',NULL,NULL),(158,24,'æ³‰å·å†œå•†è¡Œ','24','sys_user_band',NULL,'default','N','0','','2021-07-22 16:13:52','',NULL,NULL),(159,25,'æ™‹æ±Ÿå†œå•†è¡Œ','25','sys_user_band',NULL,'default','N','0','','2021-07-22 16:13:52','',NULL,NULL),(160,26,'çŸ³ç‹®å†œå•†è¡Œ','26','sys_user_band',NULL,'default','N','0','','2021-07-22 16:13:52','',NULL,NULL),(161,27,'å—å®‰å†œå•†è¡Œ','27','sys_user_band',NULL,'default','N','0','','2021-07-22 16:13:52','',NULL,NULL),(162,28,'å®‰æºªå†œå•†è¡Œ','28','sys_user_band',NULL,'default','N','0','','2021-07-22 16:13:52','',NULL,NULL),(163,29,'æƒ å®‰å†œä¿¡ç¤¾','29','sys_user_band',NULL,'default','N','0','','2021-07-22 16:13:52','',NULL,NULL),(164,30,'æ°¸æ˜¥å†œä¿¡ç¤¾','30','sys_user_band',NULL,'default','N','0','','2021-07-22 16:13:52','',NULL,NULL),(165,31,'å¾·åŒ–å†œä¿¡ç¤¾','31','sys_user_band',NULL,'default','N','0','','2021-07-22 16:13:52','',NULL,NULL),(166,32,'å®‰æºªæ°‘ç”Ÿæ‘é•‡é“¶è¡Œ','32','sys_user_band',NULL,'default','N','0','','2021-07-22 16:13:52','',NULL,NULL),(167,33,'æƒ å®‰ä¸­æˆæ‘é•‡é“¶è¡Œ','33','sys_user_band',NULL,'default','N','0','','2021-07-22 16:13:52','',NULL,NULL),(168,34,'å—å®‰æ±‡é€šæ‘é•‡é“¶è¡Œ','34','sys_user_band',NULL,'default','N','0','','2021-07-22 16:13:52','',NULL,NULL),(169,35,'çŸ³ç‹®æ¸å†œå•†æ‘é•‡é“¶è¡Œ','35','sys_user_band',NULL,'default','N','0','','2021-07-22 16:13:52','',NULL,NULL),(170,36,'å°å•†æŠ•èµ„åŒºæ™‹å†œå•†æ‘é•‡é“¶è¡Œ','36','sys_user_band',NULL,'default','N','0','','2021-07-22 16:13:52','',NULL,NULL),(171,37,'æ°¸æ˜¥æ¼³å†œå•†æ‘é•‡é“¶è¡Œ','37','sys_user_band',NULL,'default','N','0','','2021-07-22 16:13:52','',NULL,NULL),(172,38,'å¾·åŒ–æˆåŠŸæ‘é•‡é“¶è¡Œ','38','sys_user_band',NULL,'default','N','0','','2021-07-22 16:13:52','',NULL,NULL);
/*!40000 ALTER TABLE `sys_dict_data` ENABLE KEYS */;
UNLOCK TABLES;

--
-- Table structure for table `sys_dict_type`
--

DROP TABLE IF EXISTS `sys_dict_type`;
/*!40101 SET @saved_cs_client     = @@character_set_client */;
 SET character_set_client = utf8mb4 ;
CREATE TABLE `sys_dict_type` (
  `dict_id` bigint(20) NOT NULL AUTO_INCREMENT COMMENT 'å­—å…¸ä¸»é”®',
  `dict_name` varchar(100) DEFAULT '' COMMENT 'å­—å…¸åç§°',
  `dict_type` varchar(100) DEFAULT '' COMMENT 'å­—å…¸ç±»å‹',
  `status` char(1) DEFAULT '0' COMMENT 'çŠ¶æ€ï¼ˆ0æ­£å¸¸ 1åœç”¨ï¼‰',
  `create_by` varchar(64) DEFAULT '' COMMENT 'åˆ›å»ºè€…',
  `create_time` datetime DEFAULT NULL COMMENT 'åˆ›å»ºæ—¶é—´',
  `update_by` varchar(64) DEFAULT '' COMMENT 'æ›´æ–°è€…',
  `update_time` datetime DEFAULT NULL COMMENT 'æ›´æ–°æ—¶é—´',
  `remark` varchar(500) DEFAULT NULL COMMENT 'å¤‡æ³¨',
  PRIMARY KEY (`dict_id`),
  UNIQUE KEY `dict_type` (`dict_type`)
) ENGINE=InnoDB AUTO_INCREMENT=101 DEFAULT CHARSET=utf8 COMMENT='å­—å…¸ç±»å‹è¡¨';
/*!40101 SET character_set_client = @saved_cs_client */;

--
-- Dumping data for table `sys_dict_type`
--

LOCK TABLES `sys_dict_type` WRITE;
/*!40000 ALTER TABLE `sys_dict_type` DISABLE KEYS */;
INSERT INTO `sys_dict_type` VALUES (1,'ç”¨æˆ·æ€§åˆ«','sys_user_sex','0','admin','2021-07-12 18:37:11','',NULL,'ç”¨æˆ·æ€§åˆ«åˆ—è¡¨'),(2,'èœå•çŠ¶æ€','sys_show_hide','0','admin','2021-07-12 18:37:11','',NULL,'èœå•çŠ¶æ€åˆ—è¡¨'),(3,'ç³»ç»Ÿå¼€å…³','sys_normal_disable','0','admin','2021-07-12 18:37:11','',NULL,'ç³»ç»Ÿå¼€å…³åˆ—è¡¨'),(4,'ä»»åŠ¡çŠ¶æ€','sys_job_status','0','admin','2021-07-12 18:37:11','',NULL,'ä»»åŠ¡çŠ¶æ€åˆ—è¡¨'),(5,'ä»»åŠ¡åˆ†ç»„','sys_job_group','0','admin','2021-07-12 18:37:11','',NULL,'ä»»åŠ¡åˆ†ç»„åˆ—è¡¨'),(6,'ç³»ç»Ÿæ˜¯å¦','sys_yes_no','0','admin','2021-07-12 18:37:11','',NULL,'ç³»ç»Ÿæ˜¯å¦åˆ—è¡¨'),(7,'é€šçŸ¥ç±»å‹','sys_notice_type','0','admin','2021-07-12 18:37:11','',NULL,'é€šçŸ¥ç±»å‹åˆ—è¡¨'),(8,'é€šçŸ¥çŠ¶æ€','sys_notice_status','0','admin','2021-07-12 18:37:11','',NULL,'é€šçŸ¥çŠ¶æ€åˆ—è¡¨'),(9,'æ“ä½œç±»å‹','sys_oper_type','0','admin','2021-07-12 18:37:11','',NULL,'æ“ä½œç±»å‹åˆ—è¡¨'),(10,'ç³»ç»ŸçŠ¶æ€','sys_common_status','0','admin','2021-07-12 18:37:11','',NULL,'ç™»å½•çŠ¶æ€åˆ—è¡¨'),(100,'è´·æ¬¾é“¶è¡Œ','sys_user_band','0','admin','2021-07-18 16:53:24','',NULL,NULL);
/*!40000 ALTER TABLE `sys_dict_type` ENABLE KEYS */;
UNLOCK TABLES;

--
-- Table structure for table `sys_job`
--

DROP TABLE IF EXISTS `sys_job`;
/*!40101 SET @saved_cs_client     = @@character_set_client */;
 SET character_set_client = utf8mb4 ;
CREATE TABLE `sys_job` (
  `job_id` bigint(20) NOT NULL AUTO_INCREMENT COMMENT 'ä»»åŠ¡ID',
  `job_name` varchar(64) NOT NULL DEFAULT '' COMMENT 'ä»»åŠ¡åç§°',
  `job_group` varchar(64) NOT NULL DEFAULT 'DEFAULT' COMMENT 'ä»»åŠ¡ç»„å',
  `invoke_target` varchar(500) NOT NULL COMMENT 'è°ƒç”¨ç›®æ ‡å­—ç¬¦ä¸²',
  `cron_expression` varchar(255) DEFAULT '' COMMENT 'cronæ‰§è¡Œè¡¨è¾¾å¼',
  `misfire_policy` varchar(20) DEFAULT '3' COMMENT 'è®¡åˆ’æ‰§è¡Œé”™è¯¯ç­–ç•¥ï¼ˆ1ç«‹å³æ‰§è¡Œ 2æ‰§è¡Œä¸€æ¬¡ 3æ”¾å¼ƒæ‰§è¡Œï¼‰',
  `concurrent` char(1) DEFAULT '1' COMMENT 'æ˜¯å¦å¹¶å‘æ‰§è¡Œï¼ˆ0å…è®¸ 1ç¦æ­¢ï¼‰',
  `status` char(1) DEFAULT '0' COMMENT 'çŠ¶æ€ï¼ˆ0æ­£å¸¸ 1æš‚åœï¼‰',
  `create_by` varchar(64) DEFAULT '' COMMENT 'åˆ›å»ºè€…',
  `create_time` datetime DEFAULT NULL COMMENT 'åˆ›å»ºæ—¶é—´',
  `update_by` varchar(64) DEFAULT '' COMMENT 'æ›´æ–°è€…',
  `update_time` datetime DEFAULT NULL COMMENT 'æ›´æ–°æ—¶é—´',
  `remark` varchar(500) DEFAULT '' COMMENT 'å¤‡æ³¨ä¿¡æ¯',
  PRIMARY KEY (`job_id`,`job_name`,`job_group`)
) ENGINE=InnoDB AUTO_INCREMENT=100 DEFAULT CHARSET=utf8 COMMENT='å®šæ—¶ä»»åŠ¡è°ƒåº¦è¡¨';
/*!40101 SET character_set_client = @saved_cs_client */;

--
-- Dumping data for table `sys_job`
--

LOCK TABLES `sys_job` WRITE;
/*!40000 ALTER TABLE `sys_job` DISABLE KEYS */;
INSERT INTO `sys_job` VALUES (1,'ç³»ç»Ÿé»˜è®¤ï¼ˆæ— å‚ï¼‰','DEFAULT','ryTask.ryNoParams','0/10 * * * * ?','3','1','1','admin','2021-07-12 18:37:11','',NULL,''),(2,'ç³»ç»Ÿé»˜è®¤ï¼ˆæœ‰å‚ï¼‰','DEFAULT','ryTask.ryParams(\'ry\')','0/15 * * * * ?','3','1','1','admin','2021-07-12 18:37:11','',NULL,''),(3,'ç³»ç»Ÿé»˜è®¤ï¼ˆå¤šå‚ï¼‰','DEFAULT','ryTask.ryMultipleParams(\'ry\', true, 2000L, 316.50D, 100)','0/20 * * * * ?','3','1','1','admin','2021-07-12 18:37:11','',NULL,'');
/*!40000 ALTER TABLE `sys_job` ENABLE KEYS */;
UNLOCK TABLES;

--
-- Table structure for table `sys_job_log`
--

DROP TABLE IF EXISTS `sys_job_log`;
/*!40101 SET @saved_cs_client     = @@character_set_client */;
 SET character_set_client = utf8mb4 ;
CREATE TABLE `sys_job_log` (
  `job_log_id` bigint(20) NOT NULL AUTO_INCREMENT COMMENT 'ä»»åŠ¡æ—¥å¿—ID',
  `job_name` varchar(64) NOT NULL COMMENT 'ä»»åŠ¡åç§°',
  `job_group` varchar(64) NOT NULL COMMENT 'ä»»åŠ¡ç»„å',
  `invoke_target` varchar(500) NOT NULL COMMENT 'è°ƒç”¨ç›®æ ‡å­—ç¬¦ä¸²',
  `job_message` varchar(500) DEFAULT NULL COMMENT 'æ—¥å¿—ä¿¡æ¯',
  `status` char(1) DEFAULT '0' COMMENT 'æ‰§è¡ŒçŠ¶æ€ï¼ˆ0æ­£å¸¸ 1å¤±è´¥ï¼‰',
  `exception_info` varchar(2000) DEFAULT '' COMMENT 'å¼‚å¸¸ä¿¡æ¯',
  `create_time` datetime DEFAULT NULL COMMENT 'åˆ›å»ºæ—¶é—´',
  PRIMARY KEY (`job_log_id`)
) ENGINE=InnoDB DEFAULT CHARSET=utf8 COMMENT='å®šæ—¶ä»»åŠ¡è°ƒåº¦æ—¥å¿—è¡¨';
/*!40101 SET character_set_client = @saved_cs_client */;

--
-- Dumping data for table `sys_job_log`
--

LOCK TABLES `sys_job_log` WRITE;
/*!40000 ALTER TABLE `sys_job_log` DISABLE KEYS */;
/*!40000 ALTER TABLE `sys_job_log` ENABLE KEYS */;
UNLOCK TABLES;

--
-- Table structure for table `sys_logininfor`
--

DROP TABLE IF EXISTS `sys_logininfor`;
/*!40101 SET @saved_cs_client     = @@character_set_client */;
 SET character_set_client = utf8mb4 ;
CREATE TABLE `sys_logininfor` (
  `info_id` bigint(20) NOT NULL AUTO_INCREMENT COMMENT 'è®¿é—®ID',
  `user_name` varchar(50) DEFAULT '' COMMENT 'ç”¨æˆ·è´¦å·',
  `ipaddr` varchar(128) DEFAULT '' COMMENT 'ç™»å½•IPåœ°å€',
  `login_location` varchar(255) DEFAULT '' COMMENT 'ç™»å½•åœ°ç‚¹',
  `browser` varchar(50) DEFAULT '' COMMENT 'æµè§ˆå™¨ç±»å‹',
  `os` varchar(50) DEFAULT '' COMMENT 'æ“ä½œç³»ç»Ÿ',
  `status` char(1) DEFAULT '0' COMMENT 'ç™»å½•çŠ¶æ€ï¼ˆ0æˆåŠŸ 1å¤±è´¥ï¼‰',
  `msg` varchar(255) DEFAULT '' COMMENT 'æç¤ºæ¶ˆæ¯',
  `login_time` datetime DEFAULT NULL COMMENT 'è®¿é—®æ—¶é—´',
  PRIMARY KEY (`info_id`)
) ENGINE=InnoDB AUTO_INCREMENT=134 DEFAULT CHARSET=utf8 COMMENT='ç³»ç»Ÿè®¿é—®è®°å½•';
/*!40101 SET character_set_client = @saved_cs_client */;

--
-- Dumping data for table `sys_logininfor`
--

LOCK TABLES `sys_logininfor` WRITE;
/*!40000 ALTER TABLE `sys_logininfor` DISABLE KEYS */;
INSERT INTO `sys_logininfor` VALUES (100,'admin','127.0.0.1','å†…ç½‘IP','Chrome 9','Mac OS X','0','ç™»å½•æˆåŠŸ','2021-07-12 20:30:35'),(101,'admin','127.0.0.1','å†…ç½‘IP','Chrome 9','Mac OS X','0','é€€å‡ºæˆåŠŸ','2021-07-12 20:30:50'),(102,'admin','127.0.0.1','å†…ç½‘IP','Chrome 9','Mac OS X','1','éªŒè¯ç å·²å¤±æ•ˆ','2021-07-12 20:36:34'),(103,'admin','127.0.0.1','å†…ç½‘IP','Chrome 9','Mac OS X','1','éªŒè¯ç é”™è¯¯','2021-07-12 20:36:39'),(104,'admin','127.0.0.1','å†…ç½‘IP','Chrome 9','Mac OS X','0','ç™»å½•æˆåŠŸ','2021-07-12 20:36:43'),(105,'admin','127.0.0.1','å†…ç½‘IP','Chrome 9','Mac OS X','0','é€€å‡ºæˆåŠŸ','2021-07-12 20:44:05'),(106,'admin','127.0.0.1','å†…ç½‘IP','Chrome 9','Mac OS X','0','ç™»å½•æˆåŠŸ','2021-07-12 20:44:12'),(107,'admin','127.0.0.1','å†…ç½‘IP','Chrome 9','Mac OS X','0','ç™»å½•æˆåŠŸ','2021-07-13 07:37:35'),(108,'admin','127.0.0.1','å†…ç½‘IP','Chrome 9','Mac OS X','0','é€€å‡ºæˆåŠŸ','2021-07-13 07:40:09'),(109,'admin','127.0.0.1','å†…ç½‘IP','Chrome 9','Mac OS X','0','ç™»å½•æˆåŠŸ','2021-07-13 07:40:20'),(110,'admin','127.0.0.1','å†…ç½‘IP','Chrome 9','Mac OS X','0','é€€å‡ºæˆåŠŸ','2021-07-13 07:44:22'),(111,'admin','127.0.0.1','å†…ç½‘IP','Chrome 9','Mac OS X','1','éªŒè¯ç å·²å¤±æ•ˆ','2021-07-13 07:48:08'),(112,'admin','127.0.0.1','å†…ç½‘IP','Chrome 9','Mac OS X','1','éªŒè¯ç å·²å¤±æ•ˆ','2021-07-13 08:48:24'),(113,'admin','127.0.0.1','å†…ç½‘IP','Chrome 9','Mac OS X','0','ç™»å½•æˆåŠŸ','2021-07-13 08:48:30'),(114,'admin','127.0.0.1','å†…ç½‘IP','Chrome 9','Mac OS X','1','éªŒè¯ç é”™è¯¯','2021-07-13 11:02:08'),(115,'admin','127.0.0.1','å†…ç½‘IP','Chrome 9','Mac OS X','0','ç™»å½•æˆåŠŸ','2021-07-13 11:02:15'),(116,'admin','127.0.0.1','å†…ç½‘IP','Chrome 9','Mac OS X','0','é€€å‡ºæˆåŠŸ','2021-07-13 11:42:32'),(117,'admin','127.0.0.1','å†…ç½‘IP','Chrome 9','Mac OS X','1','éªŒè¯ç å·²å¤±æ•ˆ','2021-07-13 11:55:05'),(118,'admin','127.0.0.1','å†…ç½‘IP','Chrome 9','Mac OS X','1','éªŒè¯ç é”™è¯¯','2021-07-13 11:55:09'),(119,'admin','127.0.0.1','å†…ç½‘IP','Chrome 9','Mac OS X','0','ç™»å½•æˆåŠŸ','2021-07-13 11:55:12'),(120,'admin','127.0.0.1','å†…ç½‘IP','Chrome 9','Mac OS X','0','ç™»å½•æˆåŠŸ','2021-07-13 16:07:41'),(121,'admin','127.0.0.1','å†…ç½‘IP','Chrome 9','Mac OS X','1','éªŒè¯ç é”™è¯¯','2021-07-13 17:00:43'),(122,'admin','127.0.0.1','å†…ç½‘IP','Chrome 9','Mac OS X','1','éªŒè¯ç é”™è¯¯','2021-07-13 17:00:46'),(123,'admin','127.0.0.1','å†…ç½‘IP','Chrome 9','Mac OS X','0','ç™»å½•æˆåŠŸ','2021-07-13 17:00:50'),(124,'admin','127.0.0.1','å†…ç½‘IP','Chrome 9','Mac OS X','0','ç™»å½•æˆåŠŸ','2021-07-13 17:50:16'),(125,'admin','127.0.0.1','å†…ç½‘IP','Chrome 9','Mac OS X','0','ç™»å½•æˆåŠŸ','2021-07-15 15:30:04'),(126,'admin','127.0.0.1','å†…ç½‘IP','Chrome 9','Mac OS X','0','é€€å‡ºæˆåŠŸ','2021-07-15 15:33:01'),(127,'admin','127.0.0.1','å†…ç½‘IP','Chrome 9','Mac OS X','0','ç™»å½•æˆåŠŸ','2021-07-15 15:34:22'),(128,'admin','127.0.0.1','å†…ç½‘IP','Chrome 9','Mac OS X','0','ç™»å½•æˆåŠŸ','2021-07-15 17:00:15'),(129,'admin','127.0.0.1','å†…ç½‘IP','Chrome 9','Mac OS X','0','ç™»å½•æˆåŠŸ','2021-07-18 16:28:05'),(130,'admin','127.0.0.1','å†…ç½‘IP','Chrome 9','Mac OS X','0','ç™»å½•æˆåŠŸ','2021-07-19 15:02:55'),(131,'admin','127.0.0.1','å†…ç½‘IP','Chrome 9','Mac OS X','0','ç™»å½•æˆåŠŸ','2021-07-20 16:40:52'),(132,'admin','127.0.0.1','å†…ç½‘IP','Chrome 9','Mac OS X','0','ç™»å½•æˆåŠŸ','2021-07-21 15:57:47'),(133,'admin','127.0.0.1','å†…ç½‘IP','Chrome 9','Mac OS X','0','ç™»å½•æˆåŠŸ','2021-07-22 15:55:44');
/*!40000 ALTER TABLE `sys_logininfor` ENABLE KEYS */;
UNLOCK TABLES;

--
-- Table structure for table `sys_menu`
--

DROP TABLE IF EXISTS `sys_menu`;
/*!40101 SET @saved_cs_client     = @@character_set_client */;
 SET character_set_client = utf8mb4 ;
CREATE TABLE `sys_menu` (
  `menu_id` bigint(20) NOT NULL AUTO_INCREMENT COMMENT 'èœå•ID',
  `menu_name` varchar(50) NOT NULL COMMENT 'èœå•åç§°',
  `parent_id` bigint(20) DEFAULT '0' COMMENT 'çˆ¶èœå•ID',
  `order_num` int(4) DEFAULT '0' COMMENT 'æ˜¾ç¤ºé¡ºåº',
  `path` varchar(200) DEFAULT '' COMMENT 'è·¯ç”±åœ°å€',
  `component` varchar(255) DEFAULT NULL COMMENT 'ç»„ä»¶è·¯å¾„',
  `is_frame` int(1) DEFAULT '1' COMMENT 'æ˜¯å¦ä¸ºå¤–é“¾ï¼ˆ0æ˜¯ 1å¦ï¼‰',
  `is_cache` int(1) DEFAULT '0' COMMENT 'æ˜¯å¦ç¼“å­˜ï¼ˆ0ç¼“å­˜ 1ä¸ç¼“å­˜ï¼‰',
  `menu_type` char(1) DEFAULT '' COMMENT 'èœå•ç±»å‹ï¼ˆMç›®å½• Cèœå• FæŒ‰é’®ï¼‰',
  `visible` char(1) DEFAULT '0' COMMENT 'èœå•çŠ¶æ€ï¼ˆ0æ˜¾ç¤º 1éšè—ï¼‰',
  `status` char(1) DEFAULT '0' COMMENT 'èœå•çŠ¶æ€ï¼ˆ0æ­£å¸¸ 1åœç”¨ï¼‰',
  `perms` varchar(100) DEFAULT NULL COMMENT 'æƒé™æ ‡è¯†',
  `icon` varchar(100) DEFAULT '#' COMMENT 'èœå•å›¾æ ‡',
  `create_by` varchar(64) DEFAULT '' COMMENT 'åˆ›å»ºè€…',
  `create_time` datetime DEFAULT NULL COMMENT 'åˆ›å»ºæ—¶é—´',
  `update_by` varchar(64) DEFAULT '' COMMENT 'æ›´æ–°è€…',
  `update_time` datetime DEFAULT NULL COMMENT 'æ›´æ–°æ—¶é—´',
  `remark` varchar(500) DEFAULT '' COMMENT 'å¤‡æ³¨',
  PRIMARY KEY (`menu_id`)
) ENGINE=InnoDB AUTO_INCREMENT=2012 DEFAULT CHARSET=utf8 COMMENT='èœå•æƒé™è¡¨';
/*!40101 SET character_set_client = @saved_cs_client */;

--
-- Dumping data for table `sys_menu`
--

LOCK TABLES `sys_menu` WRITE;
/*!40000 ALTER TABLE `sys_menu` DISABLE KEYS */;
INSERT INTO `sys_menu` VALUES (1,'ç³»ç»Ÿç®¡ç†',0,1,'system',NULL,1,0,'M','0','0','','system','admin','2021-07-12 18:37:11','',NULL,'ç³»ç»Ÿç®¡ç†ç›®å½•'),(2,'ç³»ç»Ÿç›‘æ§',0,2,'monitor',NULL,1,0,'M','0','0','','monitor','admin','2021-07-12 18:37:11','',NULL,'ç³»ç»Ÿç›‘æ§ç›®å½•'),(3,'ç³»ç»Ÿå·¥å…·',0,3,'tool',NULL,1,0,'M','0','0','','tool','admin','2021-07-12 18:37:11','',NULL,'ç³»ç»Ÿå·¥å…·ç›®å½•'),(4,'è‹¥ä¾å®˜ç½‘',0,4,'http://ruoyi.vip',NULL,0,0,'M','0','0','','guide','admin','2021-07-12 18:37:11','',NULL,'è‹¥ä¾å®˜ç½‘åœ°å€'),(100,'ç”¨æˆ·ç®¡ç†',1,1,'user','system/user/index',1,0,'C','0','0','system:user:list','user','admin','2021-07-12 18:37:11','',NULL,'ç”¨æˆ·ç®¡ç†èœå•'),(101,'è§’è‰²ç®¡ç†',1,2,'role','system/role/index',1,0,'C','0','0','system:role:list','peoples','admin','2021-07-12 18:37:11','',NULL,'è§’è‰²ç®¡ç†èœå•'),(102,'èœå•ç®¡ç†',1,3,'menu','system/menu/index',1,0,'C','0','0','system:menu:list','tree-table','admin','2021-07-12 18:37:11','',NULL,'èœå•ç®¡ç†èœå•'),(103,'éƒ¨é—¨ç®¡ç†',1,4,'dept','system/dept/index',1,0,'C','0','0','system:dept:list','tree','admin','2021-07-12 18:37:11','',NULL,'éƒ¨é—¨ç®¡ç†èœå•'),(104,'å²—ä½ç®¡ç†',1,5,'post','system/post/index',1,0,'C','0','0','system:post:list','post','admin','2021-07-12 18:37:11','',NULL,'å²—ä½ç®¡ç†èœå•'),(105,'å­—å…¸ç®¡ç†',1,6,'dict','system/dict/index',1,0,'C','0','0','system:dict:list','dict','admin','2021-07-12 18:37:11','',NULL,'å­—å…¸ç®¡ç†èœå•'),(106,'å‚æ•°è®¾ç½®',1,7,'config','system/config/index',1,0,'C','0','0','system:config:list','edit','admin','2021-07-12 18:37:11','',NULL,'å‚æ•°è®¾ç½®èœå•'),(107,'é€šçŸ¥å…¬å‘Š',1,8,'notice','system/notice/index',1,0,'C','0','0','system:notice:list','message','admin','2021-07-12 18:37:11','',NULL,'é€šçŸ¥å…¬å‘Šèœå•'),(108,'æ—¥å¿—ç®¡ç†',1,9,'log','',1,0,'M','0','0','','log','admin','2021-07-12 18:37:11','',NULL,'æ—¥å¿—ç®¡ç†èœå•'),(109,'åœ¨çº¿ç”¨æˆ·',2,1,'online','monitor/online/index',1,0,'C','0','0','monitor:online:list','online','admin','2021-07-12 18:37:11','',NULL,'åœ¨çº¿ç”¨æˆ·èœå•'),(110,'å®šæ—¶ä»»åŠ¡',2,2,'job','monitor/job/index',1,0,'C','0','0','monitor:job:list','job','admin','2021-07-12 18:37:11','',NULL,'å®šæ—¶ä»»åŠ¡èœå•'),(111,'æ•°æ®ç›‘æ§',2,3,'druid','monitor/druid/index',1,0,'C','0','0','monitor:druid:list','druid','admin','2021-07-12 18:37:11','',NULL,'æ•°æ®ç›‘æ§èœå•'),(112,'æœåŠ¡ç›‘æ§',2,4,'server','monitor/server/index',1,0,'C','0','0','monitor:server:list','server','admin','2021-07-12 18:37:11','',NULL,'æœåŠ¡ç›‘æ§èœå•'),(113,'ç¼“å­˜ç›‘æ§',2,5,'cache','monitor/cache/index',1,0,'C','0','0','monitor:cache:list','redis','admin','2021-07-12 18:37:11','',NULL,'ç¼“å­˜ç›‘æ§èœå•'),(114,'è¡¨å•æ„å»º',3,1,'build','tool/build/index',1,0,'C','0','0','tool:build:list','build','admin','2021-07-12 18:37:11','',NULL,'è¡¨å•æ„å»ºèœå•'),(115,'ä»£ç ç”Ÿæˆ',3,2,'gen','tool/gen/index',1,0,'C','0','0','tool:gen:list','code','admin','2021-07-12 18:37:11','',NULL,'ä»£ç ç”Ÿæˆèœå•'),(116,'ç³»ç»Ÿæ¥å£',3,3,'swagger','tool/swagger/index',1,0,'C','0','0','tool:swagger:list','swagger','admin','2021-07-12 18:37:11','',NULL,'ç³»ç»Ÿæ¥å£èœå•'),(500,'æ“ä½œæ—¥å¿—',108,1,'operlog','monitor/operlog/index',1,0,'C','0','0','monitor:operlog:list','form','admin','2021-07-12 18:37:11','',NULL,'æ“ä½œæ—¥å¿—èœå•'),(501,'ç™»å½•æ—¥å¿—',108,2,'logininfor','monitor/logininfor/index',1,0,'C','0','0','monitor:logininfor:list','logininfor','admin','2021-07-12 18:37:11','',NULL,'ç™»å½•æ—¥å¿—èœå•'),(1001,'ç”¨æˆ·æŸ¥è¯¢',100,1,'','',1,0,'F','0','0','system:user:query','#','admin','2021-07-12 18:37:11','',NULL,''),(1002,'ç”¨æˆ·æ–°å¢',100,2,'','',1,0,'F','0','0','system:user:add','#','admin','2021-07-12 18:37:11','',NULL,''),(1003,'ç”¨æˆ·ä¿®æ”¹',100,3,'','',1,0,'F','0','0','system:user:edit','#','admin','2021-07-12 18:37:11','',NULL,''),(1004,'ç”¨æˆ·åˆ é™¤',100,4,'','',1,0,'F','0','0','system:user:remove','#','admin','2021-07-12 18:37:11','',NULL,''),(1005,'ç”¨æˆ·å¯¼å‡º',100,5,'','',1,0,'F','0','0','system:user:export','#','admin','2021-07-12 18:37:11','',NULL,''),(1006,'ç”¨æˆ·å¯¼å…¥',100,6,'','',1,0,'F','0','0','system:user:import','#','admin','2021-07-12 18:37:11','',NULL,''),(1007,'é‡ç½®å¯†ç ',100,7,'','',1,0,'F','0','0','system:user:resetPwd','#','admin','2021-07-12 18:37:11','',NULL,''),(1008,'è§’è‰²æŸ¥è¯¢',101,1,'','',1,0,'F','0','0','system:role:query','#','admin','2021-07-12 18:37:11','',NULL,''),(1009,'è§’è‰²æ–°å¢',101,2,'','',1,0,'F','0','0','system:role:add','#','admin','2021-07-12 18:37:11','',NULL,''),(1010,'è§’è‰²ä¿®æ”¹',101,3,'','',1,0,'F','0','0','system:role:edit','#','admin','2021-07-12 18:37:11','',NULL,''),(1011,'è§’è‰²åˆ é™¤',101,4,'','',1,0,'F','0','0','system:role:remove','#','admin','2021-07-12 18:37:11','',NULL,''),(1012,'è§’è‰²å¯¼å‡º',101,5,'','',1,0,'F','0','0','system:role:export','#','admin','2021-07-12 18:37:11','',NULL,''),(1013,'èœå•æŸ¥è¯¢',102,1,'','',1,0,'F','0','0','system:menu:query','#','admin','2021-07-12 18:37:11','',NULL,''),(1014,'èœå•æ–°å¢',102,2,'','',1,0,'F','0','0','system:menu:add','#','admin','2021-07-12 18:37:11','',NULL,''),(1015,'èœå•ä¿®æ”¹',102,3,'','',1,0,'F','0','0','system:menu:edit','#','admin','2021-07-12 18:37:11','',NULL,''),(1016,'èœå•åˆ é™¤',102,4,'','',1,0,'F','0','0','system:menu:remove','#','admin','2021-07-12 18:37:11','',NULL,''),(1017,'éƒ¨é—¨æŸ¥è¯¢',103,1,'','',1,0,'F','0','0','system:dept:query','#','admin','2021-07-12 18:37:11','',NULL,''),(1018,'éƒ¨é—¨æ–°å¢',103,2,'','',1,0,'F','0','0','system:dept:add','#','admin','2021-07-12 18:37:11','',NULL,''),(1019,'éƒ¨é—¨ä¿®æ”¹',103,3,'','',1,0,'F','0','0','system:dept:edit','#','admin','2021-07-12 18:37:11','',NULL,''),(1020,'éƒ¨é—¨åˆ é™¤',103,4,'','',1,0,'F','0','0','system:dept:remove','#','admin','2021-07-12 18:37:11','',NULL,''),(1021,'å²—ä½æŸ¥è¯¢',104,1,'','',1,0,'F','0','0','system:post:query','#','admin','2021-07-12 18:37:11','',NULL,''),(1022,'å²—ä½æ–°å¢',104,2,'','',1,0,'F','0','0','system:post:add','#','admin','2021-07-12 18:37:11','',NULL,''),(1023,'å²—ä½ä¿®æ”¹',104,3,'','',1,0,'F','0','0','system:post:edit','#','admin','2021-07-12 18:37:11','',NULL,''),(1024,'å²—ä½åˆ é™¤',104,4,'','',1,0,'F','0','0','system:post:remove','#','admin','2021-07-12 18:37:11','',NULL,''),(1025,'å²—ä½å¯¼å‡º',104,5,'','',1,0,'F','0','0','system:post:export','#','admin','2021-07-12 18:37:11','',NULL,''),(1026,'å­—å…¸æŸ¥è¯¢',105,1,'#','',1,0,'F','0','0','system:dict:query','#','admin','2021-07-12 18:37:11','',NULL,''),(1027,'å­—å…¸æ–°å¢',105,2,'#','',1,0,'F','0','0','system:dict:add','#','admin','2021-07-12 18:37:11','',NULL,''),(1028,'å­—å…¸ä¿®æ”¹',105,3,'#','',1,0,'F','0','0','system:dict:edit','#','admin','2021-07-12 18:37:11','',NULL,''),(1029,'å­—å…¸åˆ é™¤',105,4,'#','',1,0,'F','0','0','system:dict:remove','#','admin','2021-07-12 18:37:11','',NULL,''),(1030,'å­—å…¸å¯¼å‡º',105,5,'#','',1,0,'F','0','0','system:dict:export','#','admin','2021-07-12 18:37:11','',NULL,''),(1031,'å‚æ•°æŸ¥è¯¢',106,1,'#','',1,0,'F','0','0','system:config:query','#','admin','2021-07-12 18:37:11','',NULL,''),(1032,'å‚æ•°æ–°å¢',106,2,'#','',1,0,'F','0','0','system:config:add','#','admin','2021-07-12 18:37:11','',NULL,''),(1033,'å‚æ•°ä¿®æ”¹',106,3,'#','',1,0,'F','0','0','system:config:edit','#','admin','2021-07-12 18:37:11','',NULL,''),(1034,'å‚æ•°åˆ é™¤',106,4,'#','',1,0,'F','0','0','system:config:remove','#','admin','2021-07-12 18:37:11','',NULL,''),(1035,'å‚æ•°å¯¼å‡º',106,5,'#','',1,0,'F','0','0','system:config:export','#','admin','2021-07-12 18:37:11','',NULL,''),(1036,'å…¬å‘ŠæŸ¥è¯¢',107,1,'#','',1,0,'F','0','0','system:notice:query','#','admin','2021-07-12 18:37:11','',NULL,''),(1037,'å…¬å‘Šæ–°å¢',107,2,'#','',1,0,'F','0','0','system:notice:add','#','admin','2021-07-12 18:37:11','',NULL,''),(1038,'å…¬å‘Šä¿®æ”¹',107,3,'#','',1,0,'F','0','0','system:notice:edit','#','admin','2021-07-12 18:37:11','',NULL,''),(1039,'å…¬å‘Šåˆ é™¤',107,4,'#','',1,0,'F','0','0','system:notice:remove','#','admin','2021-07-12 18:37:11','',NULL,''),(1040,'æ“ä½œæŸ¥è¯¢',500,1,'#','',1,0,'F','0','0','monitor:operlog:query','#','admin','2021-07-12 18:37:11','',NULL,''),(1041,'æ“ä½œåˆ é™¤',500,2,'#','',1,0,'F','0','0','monitor:operlog:remove','#','admin','2021-07-12 18:37:11','',NULL,''),(1042,'æ—¥å¿—å¯¼å‡º',500,4,'#','',1,0,'F','0','0','monitor:operlog:export','#','admin','2021-07-12 18:37:11','',NULL,''),(1043,'ç™»å½•æŸ¥è¯¢',501,1,'#','',1,0,'F','0','0','monitor:logininfor:query','#','admin','2021-07-12 18:37:11','',NULL,''),(1044,'ç™»å½•åˆ é™¤',501,2,'#','',1,0,'F','0','0','monitor:logininfor:remove','#','admin','2021-07-12 18:37:11','',NULL,''),(1045,'æ—¥å¿—å¯¼å‡º',501,3,'#','',1,0,'F','0','0','monitor:logininfor:export','#','admin','2021-07-12 18:37:11','',NULL,''),(1046,'åœ¨çº¿æŸ¥è¯¢',109,1,'#','',1,0,'F','0','0','monitor:online:query','#','admin','2021-07-12 18:37:11','',NULL,''),(1047,'æ‰¹é‡å¼ºé€€',109,2,'#','',1,0,'F','0','0','monitor:online:batchLogout','#','admin','2021-07-12 18:37:11','',NULL,''),(1048,'å•æ¡å¼ºé€€',109,3,'#','',1,0,'F','0','0','monitor:online:forceLogout','#','admin','2021-07-12 18:37:11','',NULL,''),(1049,'ä»»åŠ¡æŸ¥è¯¢',110,1,'#','',1,0,'F','0','0','monitor:job:query','#','admin','2021-07-12 18:37:11','',NULL,''),(1050,'ä»»åŠ¡æ–°å¢',110,2,'#','',1,0,'F','0','0','monitor:job:add','#','admin','2021-07-12 18:37:11','',NULL,''),(1051,'ä»»åŠ¡ä¿®æ”¹',110,3,'#','',1,0,'F','0','0','monitor:job:edit','#','admin','2021-07-12 18:37:11','',NULL,''),(1052,'ä»»åŠ¡åˆ é™¤',110,4,'#','',1,0,'F','0','0','monitor:job:remove','#','admin','2021-07-12 18:37:11','',NULL,''),(1053,'çŠ¶æ€ä¿®æ”¹',110,5,'#','',1,0,'F','0','0','monitor:job:changeStatus','#','admin','2021-07-12 18:37:11','',NULL,''),(1054,'ä»»åŠ¡å¯¼å‡º',110,7,'#','',1,0,'F','0','0','monitor:job:export','#','admin','2021-07-12 18:37:11','',NULL,''),(1055,'ç”ŸæˆæŸ¥è¯¢',115,1,'#','',1,0,'F','0','0','tool:gen:query','#','admin','2021-07-12 18:37:11','',NULL,''),(1056,'ç”Ÿæˆä¿®æ”¹',115,2,'#','',1,0,'F','0','0','tool:gen:edit','#','admin','2021-07-12 18:37:11','',NULL,''),(1057,'ç”Ÿæˆåˆ é™¤',115,3,'#','',1,0,'F','0','0','tool:gen:remove','#','admin','2021-07-12 18:37:11','',NULL,''),(1058,'å¯¼å…¥ä»£ç ',115,2,'#','',1,0,'F','0','0','tool:gen:import','#','admin','2021-07-12 18:37:11','',NULL,''),(1059,'é¢„è§ˆä»£ç ',115,4,'#','',1,0,'F','0','0','tool:gen:preview','#','admin','2021-07-12 18:37:11','',NULL,''),(1060,'ç”Ÿæˆä»£ç ',115,5,'#','',1,0,'F','0','0','tool:gen:code','#','admin','2021-07-12 18:37:11','',NULL,''),(2006,'ä¼ä¸šè´·æ¬¾ä¿¡æ¯',3,1,'loan','system/loan/index',1,0,'C','0','0','system:loan:list','#','admin','2021-07-13 11:29:52','',NULL,'ä¼ä¸šè´·æ¬¾ä¿¡æ¯èœå•'),(2007,'ä¼ä¸šè´·æ¬¾ä¿¡æ¯æŸ¥è¯¢',2006,1,'#','',1,0,'F','0','0','system:loan:query','#','admin','2021-07-13 11:29:52','',NULL,''),(2008,'ä¼ä¸šè´·æ¬¾ä¿¡æ¯æ–°å¢',2006,2,'#','',1,0,'F','0','0','system:loan:add','#','admin','2021-07-13 11:29:52','',NULL,''),(2009,'ä¼ä¸šè´·æ¬¾ä¿¡æ¯ä¿®æ”¹',2006,3,'#','',1,0,'F','0','0','system:loan:edit','#','admin','2021-07-13 11:29:52','',NULL,''),(2010,'ä¼ä¸šè´·æ¬¾ä¿¡æ¯åˆ é™¤',2006,4,'#','',1,0,'F','0','0','system:loan:remove','#','admin','2021-07-13 11:29:52','',NULL,''),(2011,'ä¼ä¸šè´·æ¬¾ä¿¡æ¯å¯¼å‡º',2006,5,'#','',1,0,'F','0','0','system:loan:export','#','admin','2021-07-13 11:29:52','',NULL,'');
/*!40000 ALTER TABLE `sys_menu` ENABLE KEYS */;
UNLOCK TABLES;

--
-- Table structure for table `sys_notice`
--

DROP TABLE IF EXISTS `sys_notice`;
/*!40101 SET @saved_cs_client     = @@character_set_client */;
 SET character_set_client = utf8mb4 ;
CREATE TABLE `sys_notice` (
  `notice_id` int(4) NOT NULL AUTO_INCREMENT COMMENT 'å…¬å‘ŠID',
  `notice_title` varchar(50) NOT NULL COMMENT 'å…¬å‘Šæ ‡é¢˜',
  `notice_type` char(1) NOT NULL COMMENT 'å…¬å‘Šç±»å‹ï¼ˆ1é€šçŸ¥ 2å…¬å‘Šï¼‰',
  `notice_content` longblob COMMENT 'å…¬å‘Šå†…å®¹',
  `status` char(1) DEFAULT '0' COMMENT 'å…¬å‘ŠçŠ¶æ€ï¼ˆ0æ­£å¸¸ 1å…³é—­ï¼‰',
  `create_by` varchar(64) DEFAULT '' COMMENT 'åˆ›å»ºè€…',
  `create_time` datetime DEFAULT NULL COMMENT 'åˆ›å»ºæ—¶é—´',
  `update_by` varchar(64) DEFAULT '' COMMENT 'æ›´æ–°è€…',
  `update_time` datetime DEFAULT NULL COMMENT 'æ›´æ–°æ—¶é—´',
  `remark` varchar(255) DEFAULT NULL COMMENT 'å¤‡æ³¨',
  PRIMARY KEY (`notice_id`)
) ENGINE=InnoDB AUTO_INCREMENT=10 DEFAULT CHARSET=utf8 COMMENT='é€šçŸ¥å…¬å‘Šè¡¨';
/*!40101 SET character_set_client = @saved_cs_client */;

--
-- Dumping data for table `sys_notice`
--

LOCK TABLES `sys_notice` WRITE;
/*!40000 ALTER TABLE `sys_notice` DISABLE KEYS */;
INSERT INTO `sys_notice` VALUES (1,'æ¸©é¦¨æé†’ï¼š2018-07-01 è‹¥ä¾æ–°ç‰ˆæœ¬å‘å¸ƒå•¦','2',_binary 'æ–°ç‰ˆæœ¬å†…å®¹','0','admin','2021-07-12 18:37:11','',NULL,'ç®¡ç†å‘˜'),(2,'ç»´æŠ¤é€šçŸ¥ï¼š2018-07-01 è‹¥ä¾ç³»ç»Ÿå‡Œæ™¨ç»´æŠ¤','1',_binary 'ç»´æŠ¤å†…å®¹','0','admin','2021-07-12 18:37:11','',NULL,'ç®¡ç†å‘˜');
/*!40000 ALTER TABLE `sys_notice` ENABLE KEYS */;
UNLOCK TABLES;

--
-- Table structure for table `sys_oper_log`
--

DROP TABLE IF EXISTS `sys_oper_log`;
/*!40101 SET @saved_cs_client     = @@character_set_client */;
 SET character_set_client = utf8mb4 ;
CREATE TABLE `sys_oper_log` (
  `oper_id` bigint(20) NOT NULL AUTO_INCREMENT COMMENT 'æ—¥å¿—ä¸»é”®',
  `title` varchar(50) DEFAULT '' COMMENT 'æ¨¡å—æ ‡é¢˜',
  `business_type` int(2) DEFAULT '0' COMMENT 'ä¸šåŠ¡ç±»å‹ï¼ˆ0å…¶å®ƒ 1æ–°å¢ 2ä¿®æ”¹ 3åˆ é™¤ï¼‰',
  `method` varchar(100) DEFAULT '' COMMENT 'æ–¹æ³•åç§°',
  `request_method` varchar(10) DEFAULT '' COMMENT 'è¯·æ±‚æ–¹å¼',
  `operator_type` int(1) DEFAULT '0' COMMENT 'æ“ä½œç±»åˆ«ï¼ˆ0å…¶å®ƒ 1åå°ç”¨æˆ· 2æ‰‹æœºç«¯ç”¨æˆ·ï¼‰',
  `oper_name` varchar(50) DEFAULT '' COMMENT 'æ“ä½œäººå‘˜',
  `dept_name` varchar(50) DEFAULT '' COMMENT 'éƒ¨é—¨åç§°',
  `oper_url` varchar(255) DEFAULT '' COMMENT 'è¯·æ±‚URL',
  `oper_ip` varchar(128) DEFAULT '' COMMENT 'ä¸»æœºåœ°å€',
  `oper_location` varchar(255) DEFAULT '' COMMENT 'æ“ä½œåœ°ç‚¹',
  `oper_param` varchar(2000) DEFAULT '' COMMENT 'è¯·æ±‚å‚æ•°',
  `json_result` varchar(2000) DEFAULT '' COMMENT 'è¿”å›å‚æ•°',
  `status` int(1) DEFAULT '0' COMMENT 'æ“ä½œçŠ¶æ€ï¼ˆ0æ­£å¸¸ 1å¼‚å¸¸ï¼‰',
  `error_msg` varchar(2000) DEFAULT '' COMMENT 'é”™è¯¯æ¶ˆæ¯',
  `oper_time` datetime DEFAULT NULL COMMENT 'æ“ä½œæ—¶é—´',
  PRIMARY KEY (`oper_id`)
) ENGINE=InnoDB AUTO_INCREMENT=184 DEFAULT CHARSET=utf8 COMMENT='æ“ä½œæ—¥å¿—è®°å½•';
/*!40101 SET character_set_client = @saved_cs_client */;

--
-- Dumping data for table `sys_oper_log`
--

LOCK TABLES `sys_oper_log` WRITE;
/*!40000 ALTER TABLE `sys_oper_log` DISABLE KEYS */;
INSERT INTO `sys_oper_log` VALUES (100,'ä»£ç ç”Ÿæˆ',6,'com.ruoyi.generator.controller.GenController.importTableSave()','POST',1,'admin',NULL,'/tool/gen/importTable','127.0.0.1','å†…ç½‘IP','sys_dept','{\"msg\":\"æ“ä½œæˆåŠŸ\",\"code\":200}',0,NULL,'2021-07-12 20:48:37'),(101,'ä»£ç ç”Ÿæˆ',6,'com.ruoyi.generator.controller.GenController.importTableSave()','POST',1,'admin',NULL,'/tool/gen/importTable','127.0.0.1','å†…ç½‘IP','data_company_loan','{\"msg\":\"æ“ä½œæˆåŠŸ\",\"code\":200}',0,NULL,'2021-07-13 08:48:49'),(102,'ä»£ç ç”Ÿæˆ',8,'com.ruoyi.generator.controller.GenController.batchGenCode()','GET',1,'admin',NULL,'/tool/gen/batchGenCode','127.0.0.1','å†…ç½‘IP','{}','null',0,NULL,'2021-07-13 08:54:23'),(103,'ä¼ä¸šè´·æ¬¾ä¿¡æ¯',1,'com.ruoyi.app.controller.DataCompanyLoanController.add()','POST',1,'admin',NULL,'/app/loan','127.0.0.1','å†…ç½‘IP','{\"companyName\":\"11\",\"params\":{},\"loanAmount\":1000,\"companyId\":1,\"createTime\":1626145367084,\"mztUserId\":\"1\",\"companyCreditCode\":\"111\"}','{\"msg\":\"æ“ä½œæˆåŠŸ\",\"code\":200}',0,NULL,'2021-07-13 11:02:47'),(104,'ä¼ä¸šè´·æ¬¾ä¿¡æ¯',2,'com.ruoyi.app.controller.DataCompanyLoanController.edit()','PUT',1,'admin',NULL,'/app/loan','127.0.0.1','å†…ç½‘IP','{\"companyCity\":\"\",\"companyArea\":\"\",\"loanBand\":\"\",\"companyType\":\"\",\"contactName\":\"\",\"companyName\":\"11\",\"companyBusiness\":\"\",\"remark\":\"\",\"updateTime\":1626145381023,\"delFlag\":\"0\",\"params\":{},\"loanAmount\":1000.11,\"companyId\":1,\"createTime\":1626145367000,\"mztUserId\":\"1\",\"loanPurpose\":\"\",\"companyCreditCode\":\"111\",\"contactPhone\":\"\",\"companyProvince\":\"\",\"loanFirst\":\"0\",\"companyIndustry\":\"\"}','{\"msg\":\"æ“ä½œæˆåŠŸ\",\"code\":200}',0,NULL,'2021-07-13 11:03:01'),(105,'ä¼ä¸šè´·æ¬¾ä¿¡æ¯',3,'com.ruoyi.app.controller.DataCompanyLoanController.remove()','DELETE',1,'admin',NULL,'/app/loan/1','127.0.0.1','å†…ç½‘IP','{companyIds=1}','{\"msg\":\"æ“ä½œæˆåŠŸ\",\"code\":200}',0,NULL,'2021-07-13 11:03:08'),(106,'ä»£ç ç”Ÿæˆ',3,'com.ruoyi.generator.controller.GenController.remove()','DELETE',1,'admin',NULL,'/tool/gen/2','127.0.0.1','å†…ç½‘IP','{tableIds=2}','{\"msg\":\"æ“ä½œæˆåŠŸ\",\"code\":200}',0,NULL,'2021-07-13 11:22:17'),(107,'ä»£ç ç”Ÿæˆ',6,'com.ruoyi.generator.controller.GenController.importTableSave()','POST',1,'admin',NULL,'/tool/gen/importTable','127.0.0.1','å†…ç½‘IP','data_company_loan','{\"msg\":\"æ“ä½œæˆåŠŸ\",\"code\":200}',0,NULL,'2021-07-13 11:22:22'),(108,'ä»£ç ç”Ÿæˆ',8,'com.ruoyi.generator.controller.GenController.batchGenCode()','GET',1,'admin',NULL,'/tool/gen/batchGenCode','127.0.0.1','å†…ç½‘IP','{}','null',0,NULL,'2021-07-13 11:23:06'),(109,'èœå•ç®¡ç†',3,'com.ruoyi.web.controller.system.SysMenuController.remove()','DELETE',1,'admin',NULL,'/system/menu/2000','127.0.0.1','å†…ç½‘IP','{menuId=2000}','{\"msg\":\"å­˜åœ¨å­èœå•,ä¸å…è®¸åˆ é™¤\",\"code\":500}',0,NULL,'2021-07-13 11:28:23'),(110,'èœå•ç®¡ç†',3,'com.ruoyi.web.controller.system.SysMenuController.remove()','DELETE',1,'admin',NULL,'/system/menu/2001','127.0.0.1','å†…ç½‘IP','{menuId=2001}','{\"msg\":\"æ“ä½œæˆåŠŸ\",\"code\":200}',0,NULL,'2021-07-13 11:28:36'),(111,'èœå•ç®¡ç†',3,'com.ruoyi.web.controller.system.SysMenuController.remove()','DELETE',1,'admin',NULL,'/system/menu/2002','127.0.0.1','å†…ç½‘IP','{menuId=2002}','{\"msg\":\"æ“ä½œæˆåŠŸ\",\"code\":200}',0,NULL,'2021-07-13 11:28:39'),(112,'èœå•ç®¡ç†',3,'com.ruoyi.web.controller.system.SysMenuController.remove()','DELETE',1,'admin',NULL,'/system/menu/2003','127.0.0.1','å†…ç½‘IP','{menuId=2003}','{\"msg\":\"æ“ä½œæˆåŠŸ\",\"code\":200}',0,NULL,'2021-07-13 11:28:40'),(113,'èœå•ç®¡ç†',3,'com.ruoyi.web.controller.system.SysMenuController.remove()','DELETE',1,'admin',NULL,'/system/menu/2005','127.0.0.1','å†…ç½‘IP','{menuId=2005}','{\"msg\":\"æ“ä½œæˆåŠŸ\",\"code\":200}',0,NULL,'2021-07-13 11:28:45'),(114,'èœå•ç®¡ç†',3,'com.ruoyi.web.controller.system.SysMenuController.remove()','DELETE',1,'admin',NULL,'/system/menu/2004','127.0.0.1','å†…ç½‘IP','{menuId=2004}','{\"msg\":\"æ“ä½œæˆåŠŸ\",\"code\":200}',0,NULL,'2021-07-13 11:28:47'),(115,'èœå•ç®¡ç†',3,'com.ruoyi.web.controller.system.SysMenuController.remove()','DELETE',1,'admin',NULL,'/system/menu/2000','127.0.0.1','å†…ç½‘IP','{menuId=2000}','{\"msg\":\"æ“ä½œæˆåŠŸ\",\"code\":200}',0,NULL,'2021-07-13 11:28:50'),(116,'ä¼ä¸šè´·æ¬¾ä¿¡æ¯',1,'com.ruoyi.web.controller.system.DataCompanyLoanController.add()','POST',1,'admin',NULL,'/system/loan','127.0.0.1','å†…ç½‘IP','{\"companyName\":\"11\",\"params\":{},\"loanAmount\":11,\"companyId\":2,\"createTime\":1626147215094,\"mztUserId\":\"11\",\"companyCreditCode\":\"22\"}','{\"msg\":\"æ“ä½œæˆåŠŸ\",\"code\":200}',0,NULL,'2021-07-13 11:33:35'),(117,'ä¼ä¸šè´·æ¬¾ä¿¡æ¯',1,'com.ruoyi.web.controller.system.DataCompanyLoanController.add()','POST',1,'admin',NULL,'/system/loan','127.0.0.1','å†…ç½‘IP','{\"companyCity\":\"æ³‰å·\",\"companyArea\":\"ä¸°æ³½\",\"loanBand\":\"æ„å‘é“¶è¡Œ\",\"contactName\":\"å¼ å±•\",\"companyName\":\"ä¼ä¸šåç§°\",\"companyBusiness\":\"ä¸»è¥ä¸šåŠ¡\",\"remark\":\"å¤‡æ³¨\",\"params\":{},\"loanAmount\":1000,\"companyId\":3,\"createTime\":1626148627839,\"mztUserId\":\"SDKLJFLA\",\"loanPurpose\":\"è´·æ¬¾ç”¨é€”\",\"companyCreditCode\":\"DASKFJAKSLFJ\",\"contactPhone\":\"18805955908\",\"companyProvince\":\"ç¦å»º\",\"loanFirst\":\"0\",\"companyIndustry\":\"æ‰€åœ¨è¡Œä¸š\"}','{\"msg\":\"æ“ä½œæˆåŠŸ\",\"code\":200}',0,NULL,'2021-07-13 11:57:07'),(118,'ä¼ä¸šè´·æ¬¾ä¿¡æ¯',1,'com.ruoyi.app.controller.AppCompanyLoanController.add()','POST',1,NULL,NULL,'/app/loan/add','127.0.0.1','å†…ç½‘IP','{\"companyCity\":\"æ³‰å·\",\"companyArea\":\"ä¸°æ³½\",\"loanBand\":\"æ„å‘é“¶è¡Œ\",\"contactName\":\"å¼ ä¸‰\",\"companyName\":\"ä¼ä¸šåç§°\",\"companyBusiness\":\"ä¸»è¥ä¸šåŠ¡\",\"remark\":\"å¤‡æ³¨\",\"params\":{},\"loanAmount\":1000,\"companyId\":4,\"createTime\":1626148705134,\"mztUserId\":\"SDKLJFLA\",\"loanPurpose\":\"è´·æ¬¾ç”¨é€”\",\"companyCreditCode\":\"DASKFJAKSLFJ\",\"contactPhone\":\"18805955908\",\"companyProvince\":\"ç¦å»º\",\"loanFirst\":\"0\",\"companyIndustry\":\"æ‰€åœ¨è¡Œä¸š\"}','{\"msg\":\"æ“ä½œæˆåŠŸ\",\"code\":200}',0,NULL,'2021-07-13 11:58:25'),(119,'éƒ¨é—¨ç®¡ç†',1,'com.ruoyi.web.controller.system.SysDeptController.add()','POST',1,'admin',NULL,'/system/dept','127.0.0.1','å†…ç½‘IP','{\"deptName\":\"æ·±åœ³æ€»å…¬å¸\",\"orderNum\":\"0\",\"params\":{},\"parentId\":100,\"children\":[],\"status\":\"0\"}','{\"msg\":\"æ–°å¢éƒ¨é—¨\'æ·±åœ³æ€»å…¬å¸\'å¤±è´¥ï¼Œéƒ¨é—¨åç§°å·²å­˜åœ¨\",\"code\":500}',0,NULL,'2021-07-13 16:08:48'),(120,'éƒ¨é—¨ç®¡ç†',1,'com.ruoyi.web.controller.system.SysDeptController.add()','POST',1,'admin',NULL,'/system/dept','127.0.0.1','å†…ç½‘IP','{\"deptName\":\"æ·±åœ³æ€»å…¬å¸\",\"orderNum\":\"2\",\"params\":{},\"parentId\":100,\"children\":[],\"status\":\"0\"}','{\"msg\":\"æ–°å¢éƒ¨é—¨\'æ·±åœ³æ€»å…¬å¸\'å¤±è´¥ï¼Œéƒ¨é—¨åç§°å·²å­˜åœ¨\",\"code\":500}',0,NULL,'2021-07-13 16:09:13'),(121,'ä¼ä¸šè´·æ¬¾ä¿¡æ¯',1,'com.ruoyi.app.controller.AppCompanyLoanController.add()','POST',1,NULL,NULL,'/app/loan/add','127.0.0.1','å†…ç½‘IP','{\"companyCity\":\"æ³‰å·\",\"companyArea\":\"ä¸°æ³½\",\"loanBand\":\"æ„å‘é“¶è¡Œ\",\"contactName\":\"å¼ ä¸‰\",\"companyName\":\"ä¼ä¸šåç§°\",\"companyBusiness\":\"ä¸»è¥ä¸šåŠ¡\",\"remark\":\"å¤‡æ³¨\",\"params\":{},\"loanAmount\":1000,\"mztUserId\":\"SDKLJFLA\",\"loanPurpose\":\"è´·æ¬¾ç”¨é€”\",\"companyCreditCode\":\"DASKFJAKSLFJ\",\"contactPhone\":\"18805955908\",\"companyProvince\":\"ç¦å»º\",\"loanFirst\":\"0\",\"companyIndustry\":\"æ‰€åœ¨è¡Œä¸š\"}','null',1,'nested exception is org.apache.ibatis.exceptions.TooManyResultsException: Expected one result (or null) to be returned by selectOne(), but found: 2','2021-07-13 16:25:30'),(122,'ä¼ä¸šè´·æ¬¾ä¿¡æ¯',3,'com.ruoyi.web.controller.system.DataCompanyLoanController.remove()','DELETE',1,'admin',NULL,'/system/loan/3','127.0.0.1','å†…ç½‘IP','{companyIds=3}','{\"msg\":\"æ“ä½œæˆåŠŸ\",\"code\":200}',0,NULL,'2021-07-13 16:26:12'),(123,'ä¼ä¸šè´·æ¬¾ä¿¡æ¯',1,'com.ruoyi.app.controller.AppCompanyLoanController.add()','POST',1,NULL,NULL,'/app/loan/add','127.0.0.1','å†…ç½‘IP','{\"companyCity\":\"æ³‰å·\",\"companyArea\":\"ä¸°æ³½\",\"loanBand\":\"æ„å‘é“¶è¡Œ\",\"contactName\":\"å¼ ä¸‰\",\"companyName\":\"ä¼ä¸šåç§°\",\"companyBusiness\":\"ä¸»è¥ä¸šåŠ¡\",\"remark\":\"å¤‡æ³¨\",\"params\":{},\"loanAmount\":1000,\"mztUserId\":\"SDKLJFLA\",\"loanPurpose\":\"è´·æ¬¾ç”¨é€”\",\"companyCreditCode\":\"DASKFJAKSLFJ\",\"contactPhone\":\"18805955908\",\"companyProvince\":\"ç¦å»º\",\"loanFirst\":\"0\",\"companyIndustry\":\"æ‰€åœ¨è¡Œä¸š\"}','{\"msg\":\"æ–°å¢\'ä¼ä¸šåç§°\'å¤±è´¥ï¼Œåç§°å·²å­˜åœ¨\",\"code\":500}',0,NULL,'2021-07-13 16:26:15'),(124,'ä¼ä¸šè´·æ¬¾ä¿¡æ¯',1,'com.ruoyi.app.controller.AppCompanyLoanController.add()','POST',1,NULL,NULL,'/app/loan/add','127.0.0.1','å†…ç½‘IP','{\"companyCity\":\"æ³‰å·\",\"companyArea\":\"ä¸°æ³½\",\"loanBand\":\"æ„å‘é“¶è¡Œ\",\"contactName\":\"å¼ ä¸‰\",\"companyName\":\"ä¼ä¸šåç§°\",\"companyBusiness\":\"ä¸»è¥ä¸šåŠ¡\",\"remark\":\"å¤‡æ³¨\",\"params\":{},\"loanAmount\":1000,\"mztUserId\":\"SDKLJFLA\",\"loanPurpose\":\"è´·æ¬¾ç”¨é€”\",\"companyCreditCode\":\"DASKFJAKSLFJ\",\"contactPhone\":\"18805955908\",\"companyProvince\":\"ç¦å»º\",\"loanFirst\":\"0\",\"companyIndustry\":\"æ‰€åœ¨è¡Œä¸š\"}','{\"msg\":\"æ–°å¢\'ä¼ä¸šåç§°\'å¤±è´¥ï¼Œåç§°å·²å­˜åœ¨\",\"code\":500}',0,NULL,'2021-07-13 16:26:18'),(125,'ä¼ä¸šè´·æ¬¾ä¿¡æ¯',1,'com.ruoyi.app.controller.AppCompanyLoanController.add()','POST',1,NULL,NULL,'/app/loan/add','127.0.0.1','å†…ç½‘IP','{\"companyCity\":\"æ³‰å·\",\"companyArea\":\"ä¸°æ³½\",\"loanBand\":\"æ„å‘é“¶è¡Œ\",\"contactName\":\"å¼ ä¸‰\",\"companyName\":\"ä¼ä¸šåç§°1\",\"companyBusiness\":\"ä¸»è¥ä¸šåŠ¡\",\"remark\":\"å¤‡æ³¨\",\"params\":{},\"loanAmount\":1000,\"companyId\":5,\"createTime\":1626164797017,\"mztUserId\":\"SDKLJFLA\",\"loanPurpose\":\"è´·æ¬¾ç”¨é€”\",\"companyCreditCode\":\"DASKFJAKSLFJ\",\"contactPhone\":\"18805955908\",\"companyProvince\":\"ç¦å»º\",\"loanFirst\":\"0\",\"companyIndustry\":\"æ‰€åœ¨è¡Œä¸š\"}','{\"msg\":\"æ“ä½œæˆåŠŸ\",\"code\":200}',0,NULL,'2021-07-13 16:26:37'),(126,'ä¼ä¸šè´·æ¬¾ä¿¡æ¯',1,'com.ruoyi.app.controller.AppCompanyLoanController.add()','POST',1,NULL,NULL,'/app/loan/add','127.0.0.1','å†…ç½‘IP','{\"companyCity\":\"æ³‰å·\",\"companyArea\":\"ä¸°æ³½\",\"loanBand\":\"æ„å‘é“¶è¡Œ\",\"contactName\":\"å¼ ä¸‰\",\"companyName\":\"ä¼ä¸šåç§°1\",\"companyBusiness\":\"ä¸»è¥ä¸šåŠ¡\",\"remark\":\"å¤‡æ³¨\",\"params\":{},\"loanAmount\":1000,\"mztUserId\":\"SDKLJFLA\",\"loanPurpose\":\"è´·æ¬¾ç”¨é€”\",\"companyCreditCode\":\"DASKFJAKSLFJ\",\"contactPhone\":\"18805955908\",\"companyProvince\":\"ç¦å»º\",\"loanFirst\":\"0\",\"companyIndustry\":\"æ‰€åœ¨è¡Œä¸š\"}','{\"msg\":\"æ–°å¢\'ä¼ä¸šåç§°1\'å¤±è´¥ï¼Œåç§°å·²å­˜åœ¨\",\"code\":500}',0,NULL,'2021-07-13 16:52:01'),(127,'ä¼ä¸šè´·æ¬¾ä¿¡æ¯',1,'com.ruoyi.app.controller.AppCompanyLoanController.add()','POST',1,NULL,NULL,'/app/loan/add','127.0.0.1','å†…ç½‘IP','{\"companyName\":\"å•Šå“ˆå“ˆ\",\"params\":{},\"createTime\":1626166742798}','null',1,'\n### Error updating database.  Cause: java.sql.SQLException: Field \'mzt_user_id\' doesn\'t have a default value\n### The error may exist in file [/Users/geniusmart/RuoYi-Vue/ruoyi-system/target/classes/mapper/system/DataCompanyLoanMapper.xml]\n### The error may involve com.ruoyi.system.mapper.DataCompanyLoanMapper.insertDataCompanyLoan-Inline\n### The error occurred while setting parameters\n### SQL: insert into data_company_loan          ( company_name,                                                                                                                                                                                                                create_time )           values ( ?,                                                                                                                                                                                                                ? )\n### Cause: java.sql.SQLException: Field \'mzt_user_id\' doesn\'t have a default value\n; Field \'mzt_user_id\' doesn\'t have a default value; nested exception is java.sql.SQLException: Field \'mzt_user_id\' doesn\'t have a default value','2021-07-13 16:59:02'),(128,'ä¼ä¸šè´·æ¬¾ä¿¡æ¯',1,'com.ruoyi.app.controller.AppCompanyLoanController.add()','POST',1,NULL,NULL,'/app/loan/add','127.0.0.1','å†…ç½‘IP','{\"companyName\":\"å•Šå“ˆå“ˆ\",\"params\":{},\"loanAmount\":1000,\"companyId\":6,\"createTime\":1626166821141,\"mztUserId\":\"11111\",\"companyCreditCode\":\"2222\"}','{\"msg\":\"æ“ä½œæˆåŠŸ\",\"code\":200}',0,NULL,'2021-07-13 17:00:21'),(129,'ä¼ä¸šè´·æ¬¾ä¿¡æ¯',1,'com.ruoyi.app.controller.AppCompanyLoanController.add()','POST',1,NULL,NULL,'/app/loan/add','127.0.0.1','å†…ç½‘IP','{\"params\":{},\"createTime\":1626167063751}','null',1,'\n### Error updating database.  Cause: java.sql.SQLException: Field \'mzt_user_id\' doesn\'t have a default value\n### The error may exist in file [/Users/geniusmart/RuoYi-Vue/ruoyi-system/target/classes/mapper/system/DataCompanyLoanMapper.xml]\n### The error may involve com.ruoyi.system.mapper.DataCompanyLoanMapper.insertDataCompanyLoan-Inline\n### The error occurred while setting parameters\n### SQL: insert into data_company_loan          ( create_time )           values ( ? )\n### Cause: java.sql.SQLException: Field \'mzt_user_id\' doesn\'t have a default value\n; Field \'mzt_user_id\' doesn\'t have a default value; nested exception is java.sql.SQLException: Field \'mzt_user_id\' doesn\'t have a default value','2021-07-13 17:04:23'),(130,'ä¼ä¸šè´·æ¬¾ä¿¡æ¯',1,'com.ruoyi.app.controller.AppCompanyLoanController.add()','POST',1,NULL,NULL,'/app/loan/add','127.0.0.1','å†…ç½‘IP','{\"companyCity\":\"æ³‰å·\",\"companyArea\":\"ä¸°æ³½\",\"loanBand\":\"æ„å‘é“¶è¡Œ\",\"contactName\":\"å¼ ä¸‰\",\"companyName\":\"ä¼ä¸šåç§°1\",\"companyBusiness\":\"ä¸»è¥ä¸šåŠ¡\",\"remark\":\"å¤‡æ³¨\",\"params\":{},\"loanAmount\":1000,\"mztUserId\":\"SDKLJFLA\",\"loanPurpose\":\"è´·æ¬¾ç”¨é€”\",\"companyCreditCode\":\"DASKFJAKSLFJ\",\"contactPhone\":\"18805955908\",\"companyProvince\":\"ç¦å»º\",\"loanFirst\":\"0\",\"companyIndustry\":\"æ‰€åœ¨è¡Œä¸š\"}','{\"msg\":\"æ–°å¢\'ä¼ä¸šåç§°1\'å¤±è´¥ï¼Œè¯¥ä¼ä¸šåç§°å·²å­˜åœ¨\",\"code\":500}',0,NULL,'2021-07-13 18:01:41'),(131,'ä¼ä¸šè´·æ¬¾ä¿¡æ¯',1,'com.ruoyi.app.controller.AppCompanyLoanController.add()','POST',1,NULL,NULL,'/app/loan/add','127.0.0.1','å†…ç½‘IP','{\"companyCity\":\"æ³‰å·\",\"companyArea\":\"ä¸°æ³½\",\"loanBand\":\"æ„å‘é“¶è¡Œ\",\"contactName\":\"å¼ ä¸‰\",\"companyName\":\"ä¼ä¸šåç§°1\",\"companyBusiness\":\"ä¸»è¥ä¸šåŠ¡\",\"remark\":\"å¤‡æ³¨\",\"params\":{},\"loanAmount\":1000,\"mztUserId\":\"SDKLJFLA\",\"loanPurpose\":\"è´·æ¬¾ç”¨é€”\",\"companyCreditCode\":\"DASKFJAKSLFJ\",\"contactPhone\":\"18805955908\",\"companyProvince\":\"ç¦å»º\",\"loanFirst\":\"0\",\"companyIndustry\":\"æ‰€åœ¨è¡Œä¸š\"}','{\"msg\":\"æ–°å¢\'ä¼ä¸šåç§°1\'å¤±è´¥ï¼Œè¯¥ä¼ä¸šåç§°å·²å­˜åœ¨\",\"code\":500}',0,NULL,'2021-07-15 15:30:10'),(132,'ä¼ä¸šè´·æ¬¾ä¿¡æ¯',1,'com.ruoyi.app.controller.AppCompanyLoanController.add()','POST',1,NULL,NULL,'/app/loan/add','127.0.0.1','å†…ç½‘IP','{\"companyCity\":\"æ³‰å·\",\"companyArea\":\"ä¸°æ³½\",\"loanBand\":\"æ„å‘é“¶è¡Œ\",\"contactName\":\"å¼ ä¸‰\",\"companyName\":\"ä¼ä¸šåç§°1\",\"companyBusiness\":\"ä¸»è¥ä¸šåŠ¡\",\"remark\":\"å¤‡æ³¨\",\"params\":{},\"loanAmount\":1000,\"mztUserId\":\"SDKLJFLA\",\"loanPurpose\":\"è´·æ¬¾ç”¨é€”\",\"companyCreditCode\":\"DASKFJAKSLFJ\",\"contactPhone\":\"18805955908\",\"companyProvince\":\"ç¦å»º\",\"loanFirst\":\"0\",\"companyIndustry\":\"æ‰€åœ¨è¡Œä¸š\"}','{\"msg\":\"æ–°å¢\'ä¼ä¸šåç§°1\'å¤±è´¥ï¼Œè¯¥ä¼ä¸šåç§°å·²å­˜åœ¨\",\"code\":500}',0,NULL,'2021-07-15 15:36:11'),(133,'ä¼ä¸šè´·æ¬¾ä¿¡æ¯',1,'com.ruoyi.app.controller.AppCompanyLoanController.add()','POST',1,NULL,NULL,'/app/loan/add','127.0.0.1','å†…ç½‘IP','{\"companyCity\":\"æ³‰å·\",\"companyArea\":\"ä¸°æ³½\",\"loanBand\":\"æ„å‘é“¶è¡Œ\",\"contactName\":\"å¼ ä¸‰\",\"companyName\":\"ä¼ä¸šåç§°1\",\"companyBusiness\":\"ä¸»è¥ä¸šåŠ¡\",\"remark\":\"å¤‡æ³¨\",\"params\":{},\"loanAmount\":1000,\"mztUserId\":\"SDKLJFLA\",\"loanPurpose\":\"è´·æ¬¾ç”¨é€”\",\"companyCreditCode\":\"DASKFJAKSLFJ\",\"contactPhone\":\"18805955908\",\"companyProvince\":\"ç¦å»º\",\"loanFirst\":\"0\",\"companyIndustry\":\"æ‰€åœ¨è¡Œä¸š\"}','{\"msg\":\"æ–°å¢\'ä¼ä¸šåç§°1\'å¤±è´¥ï¼Œè¯¥ä¼ä¸šåç§°å·²å­˜åœ¨\",\"code\":500}',0,NULL,'2021-07-15 15:37:28'),(134,'ä¼ä¸šè´·æ¬¾ä¿¡æ¯',1,'com.ruoyi.app.controller.AppCompanyLoanController.add()','POST',1,NULL,NULL,'/app/loan/add','127.0.0.1','å†…ç½‘IP','{\"companyCity\":\"æ³‰å·\",\"companyArea\":\"ä¸°æ³½\",\"loanBand\":\"æ„å‘é“¶è¡Œ\",\"contactName\":\"å¼ ä¸‰\",\"companyName\":\"ä¼ä¸šåç§°1\",\"companyBusiness\":\"ä¸»è¥ä¸šåŠ¡\",\"remark\":\"å¤‡æ³¨\",\"params\":{},\"loanAmount\":1000,\"mztUserId\":\"SDKLJFLA\",\"loanPurpose\":\"è´·æ¬¾ç”¨é€”\",\"companyCreditCode\":\"DASKFJAKSLFJ\",\"contactPhone\":\"18805955908\",\"companyProvince\":\"ç¦å»º\",\"loanFirst\":\"0\",\"companyIndustry\":\"æ‰€åœ¨è¡Œä¸š\"}','{\"msg\":\"æ–°å¢\'ä¼ä¸šåç§°1\'å¤±è´¥ï¼Œè¯¥ä¼ä¸šåç§°å·²å­˜åœ¨\",\"code\":500}',0,NULL,'2021-07-15 15:38:09'),(135,'ä¼ä¸šè´·æ¬¾ä¿¡æ¯',1,'com.ruoyi.app.controller.AppCompanyLoanController.add()','POST',1,NULL,NULL,'/app/loan/add','127.0.0.1','å†…ç½‘IP','{\"code\":\"code\",\"loanBand\":\"æ„å‘é“¶è¡Œ\",\"contactName\":\"å¼ ä¸‰\",\"companyName\":\"ä¼ä¸šåç§°1\",\"mztUserId\":\"SDKLJFLA\",\"loanPurpose\":\"è´·æ¬¾ç”¨é€”\",\"contactPhone\":\"18805955908\",\"loanAmount\":1000,\"loanFirst\":\"0\"}','{\"msg\":\"æ–°å¢\'ä¼ä¸šåç§°1\'å¤±è´¥ï¼Œè¯¥ä¼ä¸šåç§°å·²å­˜åœ¨\",\"code\":500}',0,NULL,'2021-07-15 16:57:17'),(136,'ä¼ä¸šè´·æ¬¾ä¿¡æ¯',1,'com.ruoyi.app.controller.AppCompanyLoanController.add()','POST',1,NULL,NULL,'/app/loan/add','127.0.0.1','å†…ç½‘IP','{\"code\":\"code\",\"loanBand\":\"æ„å‘é“¶è¡Œ\",\"contactName\":\"å¼ ä¸‰\",\"companyName\":\"ä¼ä¸šåç§°2\",\"mztUserId\":\"SDKLJFLA\",\"loanPurpose\":\"è´·æ¬¾ç”¨é€”\",\"contactPhone\":\"18805955908\",\"loanAmount\":1000,\"loanFirst\":\"0\"}','null',1,'\n### Error updating database.  Cause: java.sql.SQLException: Field \'company_credit_code\' doesn\'t have a default value\n### The error may exist in file [/Users/geniusmart/RuoYi-Vue/ruoyi-system/target/classes/mapper/system/DataCompanyLoanMapper.xml]\n### The error may involve com.ruoyi.system.mapper.DataCompanyLoanMapper.insertDataCompanyLoan-Inline\n### The error occurred while setting parameters\n### SQL: insert into data_company_loan          ( mzt_user_id,             company_name,                                                                                                        loan_band,             loan_amount,             loan_first,             loan_purpose,                          contact_name,             contact_phone,                          create_time )           values ( ?,             ?,                                                                                                        ?,             ?,             ?,             ?,                          ?,             ?,                          ? )\n### Cause: java.sql.SQLException: Field \'company_credit_code\' doesn\'t have a default value\n; Field \'company_credit_code\' doesn\'t have a default value; nested exception is java.sql.SQLException: Field \'company_credit_code\' doesn\'t have a default value','2021-07-15 16:57:28'),(137,'ä¼ä¸šè´·æ¬¾ä¿¡æ¯',1,'com.ruoyi.app.controller.AppCompanyLoanController.add()','POST',1,NULL,NULL,'/app/loan/add','127.0.0.1','å†…ç½‘IP','{\"code\":\"code\",\"loanBand\":\"æ„å‘é“¶è¡Œ\",\"contactName\":\"å¼ ä¸‰\",\"companyName\":\"ä¼ä¸šåç§°2\",\"mztUserId\":\"SDKLJFLA\",\"loanPurpose\":\"è´·æ¬¾ç”¨é€”\",\"contactPhone\":\"18805955908\",\"loanAmount\":1000,\"loanFirst\":\"0\"}','null',1,'\n### Error updating database.  Cause: java.sql.SQLException: Field \'company_credit_code\' doesn\'t have a default value\n### The error may exist in file [/Users/geniusmart/RuoYi-Vue/ruoyi-system/target/classes/mapper/system/DataCompanyLoanMapper.xml]\n### The error may involve com.ruoyi.system.mapper.DataCompanyLoanMapper.insertDataCompanyLoan-Inline\n### The error occurred while setting parameters\n### SQL: insert into data_company_loan          ( mzt_user_id,             company_name,                                                                                                        loan_band,             loan_amount,             loan_first,             loan_purpose,                          contact_name,             contact_phone,                          create_time )           values ( ?,             ?,                                                                                                        ?,             ?,             ?,             ?,                          ?,             ?,                          ? )\n### Cause: java.sql.SQLException: Field \'company_credit_code\' doesn\'t have a default value\n; Field \'company_credit_code\' doesn\'t have a default value; nested exception is java.sql.SQLException: Field \'company_credit_code\' doesn\'t have a default value','2021-07-15 16:59:34'),(138,'ä¼ä¸šè´·æ¬¾ä¿¡æ¯',1,'com.ruoyi.app.controller.AppCompanyLoanController.add()','POST',1,NULL,NULL,'/app/loan/add','127.0.0.1','å†…ç½‘IP','{\"code\":\"code\",\"loanBand\":\"æ„å‘é“¶è¡Œ\",\"contactName\":\"å¼ ä¸‰\",\"companyName\":\"ä¼ä¸šåç§°2\",\"mztUserId\":\"SDKLJFLA\",\"loanPurpose\":\"è´·æ¬¾ç”¨é€”\",\"contactPhone\":\"18805955908\",\"loanAmount\":1000,\"loanFirst\":\"0\"}','null',1,'\n### Error updating database.  Cause: java.sql.SQLException: Field \'company_credit_code\' doesn\'t have a default value\n### The error may exist in file [/Users/geniusmart/RuoYi-Vue/ruoyi-system/target/classes/mapper/system/DataCompanyLoanMapper.xml]\n### The error may involve com.ruoyi.system.mapper.DataCompanyLoanMapper.insertDataCompanyLoan-Inline\n### The error occurred while setting parameters\n### SQL: insert into data_company_loan          ( mzt_user_id,             company_name,                                                                                                        loan_band,             loan_amount,             loan_first,             loan_purpose,                          contact_name,             contact_phone,                          create_time )           values ( ?,             ?,                                                                                                        ?,             ?,             ?,             ?,                          ?,             ?,                          ? )\n### Cause: java.sql.SQLException: Field \'company_credit_code\' doesn\'t have a default value\n; Field \'company_credit_code\' doesn\'t have a default value; nested exception is java.sql.SQLException: Field \'company_credit_code\' doesn\'t have a default value','2021-07-15 16:59:39'),(139,'ä¼ä¸šè´·æ¬¾ä¿¡æ¯',1,'com.ruoyi.app.controller.AppCompanyLoanController.add()','POST',1,NULL,NULL,'/app/loan/add','127.0.0.1','å†…ç½‘IP','{\"code\":\"code\",\"loanBand\":\"æ„å‘é“¶è¡Œ\",\"contactName\":\"å¼ ä¸‰\",\"companyName\":\"ä¼ä¸šåç§°2\",\"mztUserId\":\"SDKLJFLA\",\"loanPurpose\":\"è´·æ¬¾ç”¨é€”\",\"contactPhone\":\"18805955908\",\"loanAmount\":1000,\"loanFirst\":\"0\"}','{\"msg\":\"æ“ä½œæˆåŠŸ\",\"code\":200}',0,NULL,'2021-07-15 16:59:57'),(140,'ä¼ä¸šè´·æ¬¾ä¿¡æ¯',1,'com.ruoyi.app.controller.AppCompanyLoanController.add()','POST',1,NULL,NULL,'/app/loan/add','127.0.0.1','å†…ç½‘IP','{\"code\":\"çŸ­ä¿¡éªŒè¯ç \",\"loanBand\":\"æ„å‘é“¶è¡Œ\",\"contactName\":\"å¼ ä¸‰\",\"companyName\":\"ä¼ä¸šåç§°2\",\"mztUserId\":\"SDKLJFLA\",\"loanPurpose\":\"è´·æ¬¾ç”¨é€”\",\"contactPhone\":\"18805955908\",\"loanAmount\":1000,\"loanFirst\":\"0\"}','{\"msg\":\"æ–°å¢\'ä¼ä¸šåç§°2\'å¤±è´¥ï¼Œè¯¥ä¼ä¸šåç§°å·²å­˜åœ¨\",\"code\":500}',0,NULL,'2021-07-15 18:13:09'),(141,'ä¼ä¸šè´·æ¬¾ä¿¡æ¯',1,'com.ruoyi.app.controller.AppCompanyLoanController.add()','POST',1,NULL,NULL,'/app/loan/add','127.0.0.1','å†…ç½‘IP','{\"code\":\"çŸ­ä¿¡éªŒè¯ç \",\"loanBand\":\"æ„å‘é“¶è¡Œ\",\"contactName\":\"å¼ ä¸‰\",\"companyName\":\"ä¼ä¸šåç§°2\",\"mztUserId\":\"SDKLJFLA\",\"loanPurpose\":\"è´·æ¬¾ç”¨é€”\",\"contactPhone\":\"18805955908\",\"loanAmount\":1000,\"loanFirst\":\"0\"}','{\"msg\":\"æ–°å¢\'ä¼ä¸šåç§°2\'å¤±è´¥ï¼Œè¯¥ä¼ä¸šåç§°å·²å­˜åœ¨\",\"code\":500}',0,NULL,'2021-07-15 18:24:18'),(142,'ä¼ä¸šè´·æ¬¾ä¿¡æ¯',1,'com.ruoyi.app.controller.AppCompanyLoanController.add()','POST',1,NULL,NULL,'/app/loan/add','127.0.0.1','å†…ç½‘IP','{\"code\":\"çŸ­ä¿¡éªŒè¯ç \",\"loanBand\":\"æ„å‘é“¶è¡Œ\",\"contactName\":\"å¼ ä¸‰\",\"companyName\":\"ä¼ä¸šåç§°2\",\"mztUserId\":\"SDKLJFLA\",\"loanPurpose\":\"è´·æ¬¾ç”¨é€”\",\"contactPhone\":\"18805955908\",\"loanAmount\":1000,\"loanFirst\":\"0\"}','{\"msg\":\"æ–°å¢\'ä¼ä¸šåç§°2\'å¤±è´¥ï¼Œè¯¥ä¼ä¸šåç§°å·²å­˜åœ¨\",\"code\":500}',0,NULL,'2021-07-15 18:24:42'),(143,'ä¼ä¸šè´·æ¬¾ä¿¡æ¯',1,'com.ruoyi.app.controller.AppCompanyLoanController.add()','POST',1,NULL,NULL,'/app/loan/add','127.0.0.1','å†…ç½‘IP','{\"code\":\"çŸ­ä¿¡éªŒè¯ç \",\"loanBand\":\"æ„å‘é“¶è¡Œ\",\"contactName\":\"å¼ ä¸‰\",\"companyName\":\"ä¼ä¸šåç§°2\",\"mztUserId\":\"SDKLJFLA\",\"loanPurpose\":\"è´·æ¬¾ç”¨é€”\",\"contactPhone\":\"18805955908\",\"loanAmount\":1000,\"loanFirst\":\"0\"}','{\"msg\":\"æ–°å¢\'ä¼ä¸šåç§°2\'å¤±è´¥ï¼Œè¯¥ä¼ä¸šåç§°å·²å­˜åœ¨\",\"code\":500}',0,NULL,'2021-07-15 18:25:03'),(144,'ä¼ä¸šè´·æ¬¾ä¿¡æ¯',1,'com.ruoyi.app.controller.AppCompanyLoanController.add()','POST',1,NULL,NULL,'/app/loan/add','127.0.0.1','å†…ç½‘IP','{\"code\":\"çŸ­ä¿¡éªŒè¯ç \",\"loanBand\":\"æ„å‘é“¶è¡Œ\",\"contactName\":\"å¼ ä¸‰\",\"companyName\":\"ä¼ä¸šåç§°2\",\"mztUserId\":\"SDKLJFLA\",\"loanPurpose\":\"è´·æ¬¾ç”¨é€”\",\"contactPhone\":\"18805955908\",\"loanAmount\":1000,\"loanFirst\":\"0\"}','{\"msg\":\"æ–°å¢\'ä¼ä¸šåç§°2\'å¤±è´¥ï¼Œè¯¥ä¼ä¸šåç§°å·²å­˜åœ¨\",\"code\":500}',0,NULL,'2021-07-15 18:25:16'),(145,'ä¼ä¸šè´·æ¬¾ä¿¡æ¯',1,'com.ruoyi.app.controller.AppCompanyLoanController.add()','POST',1,NULL,NULL,'/app/loan/add','127.0.0.1','å†…ç½‘IP','{\"code\":\"çŸ­ä¿¡éªŒè¯ç \",\"loanBand\":\"æ„å‘é“¶è¡Œ\",\"contactName\":\"å¼ ä¸‰\",\"companyName\":\"ä¼ä¸šåç§°2\",\"mztUserId\":\"SDKLJFLA\",\"loanPurpose\":\"è´·æ¬¾ç”¨é€”\",\"contactPhone\":\"18805955908\",\"loanAmount\":1000,\"loanFirst\":\"0\"}','{\"msg\":\"æ–°å¢\'ä¼ä¸šåç§°2\'å¤±è´¥ï¼Œè¯¥ä¼ä¸šåç§°å·²å­˜åœ¨\",\"code\":500}',0,NULL,'2021-07-15 18:25:52'),(146,'ä¼ä¸šè´·æ¬¾ä¿¡æ¯',1,'com.ruoyi.app.controller.AppCompanyLoanController.add()','POST',1,NULL,NULL,'/app/loan/add','127.0.0.1','å†…ç½‘IP','{\"code\":\"çŸ­ä¿¡éªŒè¯ç \",\"loanBand\":\"æ„å‘é“¶è¡Œ\",\"contactName\":\"å¼ ä¸‰\",\"companyName\":\"ä¼ä¸šåç§°3\",\"mztUserId\":\"SDKLJFLA\",\"loanPurpose\":\"è´·æ¬¾ç”¨é€”\",\"contactPhone\":\"18805955908\",\"loanAmount\":1000,\"loanFirst\":\"0\"}','null',1,'éªŒè¯ç é”™è¯¯','2021-07-15 18:26:25'),(147,'ä¼ä¸šè´·æ¬¾ä¿¡æ¯',1,'com.ruoyi.app.controller.AppCompanyLoanController.add()','POST',1,NULL,NULL,'/app/loan/add','127.0.0.1','å†…ç½‘IP','{\"code\":\"çŸ­ä¿¡éªŒè¯ç \",\"loanBand\":\"æ„å‘é“¶è¡Œ\",\"contactName\":\"å¼ ä¸‰\",\"companyName\":\"ä¼ä¸šåç§°3\",\"mztUserId\":\"SDKLJFLA\",\"loanPurpose\":\"è´·æ¬¾ç”¨é€”\",\"contactPhone\":\"18805955908\",\"loanAmount\":1000,\"loanFirst\":\"0\"}','null',1,'éªŒè¯ç é”™è¯¯','2021-07-15 18:26:55'),(148,'ä¼ä¸šè´·æ¬¾ä¿¡æ¯',1,'com.ruoyi.app.controller.AppCompanyLoanController.add()','POST',1,NULL,NULL,'/app/loan/add','127.0.0.1','å†…ç½‘IP','{\"code\":\"888888\",\"loanBand\":\"æ„å‘é“¶è¡Œ\",\"contactName\":\"å¼ ä¸‰\",\"companyName\":\"ä¼ä¸šåç§°3\",\"mztUserId\":\"SDKLJFLA\",\"loanPurpose\":\"è´·æ¬¾ç”¨é€”\",\"contactPhone\":\"18805955908\",\"loanAmount\":1000,\"loanFirst\":\"0\"}','null',1,'éªŒè¯ç é”™è¯¯','2021-07-15 18:28:09'),(149,'ä¼ä¸šè´·æ¬¾ä¿¡æ¯',1,'com.ruoyi.app.controller.AppCompanyLoanController.add()','POST',1,NULL,NULL,'/app/loan/add','127.0.0.1','å†…ç½‘IP','{\"code\":\"888888\",\"loanBand\":\"æ„å‘é“¶è¡Œ\",\"contactName\":\"å¼ ä¸‰\",\"companyName\":\"ä¼ä¸šåç§°3\",\"mztUserId\":\"SDKLJFLA\",\"loanPurpose\":\"è´·æ¬¾ç”¨é€”\",\"contactPhone\":\"18805955908\",\"loanAmount\":1000,\"loanFirst\":\"0\"}','null',1,'éªŒè¯ç é”™è¯¯','2021-07-15 18:29:48'),(150,'ä¼ä¸šè´·æ¬¾ä¿¡æ¯',1,'com.ruoyi.app.controller.AppCompanyLoanController.add()','POST',1,NULL,NULL,'/app/loan/add','127.0.0.1','å†…ç½‘IP','{\"code\":\"888888\",\"loanBand\":\"æ„å‘é“¶è¡Œ\",\"contactName\":\"å¼ ä¸‰\",\"companyName\":\"ä¼ä¸šåç§°3\",\"mztUserId\":\"SDKLJFLA\",\"loanPurpose\":\"è´·æ¬¾ç”¨é€”\",\"contactPhone\":\"18805955908\",\"loanAmount\":1000,\"loanFirst\":\"0\"}','{\"msg\":\"æ“ä½œæˆåŠŸ\",\"code\":200}',0,NULL,'2021-07-15 18:30:09'),(151,'ä¼ä¸šè´·æ¬¾ä¿¡æ¯',1,'com.ruoyi.app.controller.AppCompanyLoanController.add()','POST',1,NULL,NULL,'/app/loan/add','127.0.0.1','å†…ç½‘IP','{\"code\":\"888888\",\"loanBand\":\"æ„å‘é“¶è¡Œ\",\"contactName\":\"å¼ ä¸‰\",\"companyName\":\"ä¼ä¸šåç§°3\",\"mztUserId\":\"SDKLJFLA\",\"loanPurpose\":\"è´·æ¬¾ç”¨é€”\",\"contactPhone\":\"18805955908\",\"loanAmount\":1000,\"loanFirst\":\"0\"}','{\"msg\":\"æ–°å¢\'ä¼ä¸šåç§°3\'å¤±è´¥ï¼Œè¯¥ä¼ä¸šåç§°å·²å­˜åœ¨\",\"code\":500}',0,NULL,'2021-07-15 18:30:12'),(152,'ä¼ä¸šè´·æ¬¾ä¿¡æ¯',1,'com.ruoyi.app.controller.AppCompanyLoanController.add()','POST',1,NULL,NULL,'/app/loan/add','127.0.0.1','å†…ç½‘IP','{\"code\":\"888888\",\"loanBand\":\"æ„å‘é“¶è¡Œ\",\"contactName\":\"å¼ ä¸‰\",\"companyName\":\"ä¼ä¸šåç§°4\",\"mztUserId\":\"SDKLJFLA\",\"loanPurpose\":\"è´·æ¬¾ç”¨é€”\",\"contactPhone\":\"18805955908\",\"loanAmount\":1000,\"loanFirst\":\"0\"}','null',1,'éªŒè¯ç é”™è¯¯','2021-07-15 18:30:18'),(153,'ä¼ä¸šè´·æ¬¾ä¿¡æ¯',1,'com.ruoyi.app.controller.AppCompanyLoanController.add()','POST',1,NULL,NULL,'/app/loan/add','127.0.0.1','å†…ç½‘IP','{\"code\":\"888888\",\"loanBand\":\"æ„å‘é“¶è¡Œ\",\"contactName\":\"å¼ ä¸‰\",\"companyName\":\"ä¼ä¸šåç§°4\",\"mztUserId\":\"SDKLJFLA\",\"loanPurpose\":\"è´·æ¬¾ç”¨é€”\",\"contactPhone\":\"18805955908\",\"loanAmount\":1000,\"loanFirst\":\"0\"}','null',1,'éªŒè¯ç é”™è¯¯','2021-07-15 18:38:36'),(154,'ä¼ä¸šè´·æ¬¾ä¿¡æ¯',1,'com.ruoyi.app.controller.AppCompanyLoanController.add()','POST',1,NULL,NULL,'/app/loan/add','127.0.0.1','å†…ç½‘IP','{\"code\":\"888888\",\"loanBand\":\"æ„å‘é“¶è¡Œ\",\"contactName\":\"å¼ ä¸‰\",\"companyName\":\"ä¼ä¸šåç§°4\",\"mztUserId\":\"SDKLJFLA\",\"loanPurpose\":\"è´·æ¬¾ç”¨é€”\",\"contactPhone\":\"18805955908\",\"loanAmount\":1000,\"loanFirst\":\"0\"}','{\"msg\":\"æ“ä½œæˆåŠŸ\",\"code\":200}',0,NULL,'2021-07-15 18:39:08'),(155,'ä¼ä¸šè´·æ¬¾ä¿¡æ¯',1,'com.ruoyi.app.controller.AppCompanyLoanController.add()','POST',1,NULL,NULL,'/app/loan/add','127.0.0.1','å†…ç½‘IP','{\"code\":\"888888\",\"loanBand\":\"æ„å‘é“¶è¡Œ\",\"contactName\":\"å¼ ä¸‰\",\"companyName\":\"ä¼ä¸šåç§°4\",\"mztUserId\":\"SDKLJFLA\",\"loanPurpose\":\"è´·æ¬¾ç”¨é€”\",\"contactPhone\":\"18805955908\",\"loanAmount\":1000,\"loanFirst\":\"0\"}','{\"msg\":\"æ–°å¢\'ä¼ä¸šåç§°4\'å¤±è´¥ï¼Œè¯¥ä¼ä¸šåç§°å·²å­˜åœ¨\",\"code\":500}',0,NULL,'2021-07-15 18:39:11'),(156,'ä¼ä¸šè´·æ¬¾ä¿¡æ¯',1,'com.ruoyi.app.controller.AppCompanyLoanController.add()','POST',1,NULL,NULL,'/app/loan/add','127.0.0.1','å†…ç½‘IP','{\"code\":\"888888\",\"loanBand\":\"æ„å‘é“¶è¡Œ\",\"contactName\":\"å¼ ä¸‰\",\"companyName\":\"ä¼ä¸šåç§°4\",\"mztUserId\":\"SDKLJFLA\",\"loanPurpose\":\"è´·æ¬¾ç”¨é€”\",\"contactPhone\":\"18805955908\",\"loanAmount\":1000,\"loanFirst\":\"0\"}','{\"msg\":\"æ–°å¢\'ä¼ä¸šåç§°4\'å¤±è´¥ï¼Œè¯¥ä¼ä¸šåç§°å·²å­˜åœ¨\",\"code\":500}',0,NULL,'2021-07-15 18:39:12'),(157,'ä¼ä¸šè´·æ¬¾ä¿¡æ¯',1,'com.ruoyi.app.controller.AppCompanyLoanController.add()','POST',1,NULL,NULL,'/app/loan/add','127.0.0.1','å†…ç½‘IP','{\"code\":\"888881\",\"loanBand\":\"æ„å‘é“¶è¡Œ\",\"contactName\":\"å¼ ä¸‰\",\"companyName\":\"ä¼ä¸šåç§°5\",\"mztUserId\":\"SDKLJFLA\",\"loanPurpose\":\"è´·æ¬¾ç”¨é€”\",\"contactPhone\":\"18805955908\",\"loanAmount\":1000,\"loanFirst\":\"0\"}','null',1,'éªŒè¯ç é”™è¯¯','2021-07-15 18:39:21'),(158,'å­—å…¸ç±»å‹',1,'com.ruoyi.web.controller.system.SysDictTypeController.add()','POST',1,'admin',NULL,'/system/dict/type','127.0.0.1','å†…ç½‘IP','{\"dictName\":\"è´·æ¬¾é“¶è¡Œ\",\"params\":{},\"dictType\":\"sys_user_sex\",\"status\":\"0\"}','{\"msg\":\"æ–°å¢å­—å…¸\'è´·æ¬¾é“¶è¡Œ\'å¤±è´¥ï¼Œå­—å…¸ç±»å‹å·²å­˜åœ¨\",\"code\":500}',0,NULL,'2021-07-18 16:53:14'),(159,'å­—å…¸ç±»å‹',1,'com.ruoyi.web.controller.system.SysDictTypeController.add()','POST',1,'admin',NULL,'/system/dict/type','127.0.0.1','å†…ç½‘IP','{\"createBy\":\"admin\",\"dictName\":\"è´·æ¬¾é“¶è¡Œ\",\"params\":{},\"dictType\":\"sys_user_band\",\"status\":\"0\"}','{\"msg\":\"æ“ä½œæˆåŠŸ\",\"code\":200}',0,NULL,'2021-07-18 16:53:24'),(160,'å­—å…¸æ•°æ®',1,'com.ruoyi.web.controller.system.SysDictDataController.add()','POST',1,'admin',NULL,'/system/dict/data','127.0.0.1','å†…ç½‘IP','{\"dictValue\":\"1\",\"listClass\":\"default\",\"dictSort\":1,\"params\":{},\"dictType\":\"sys_user_band\",\"dictLabel\":\"å†œä¸šå‘å±•é“¶è¡Œæ³‰å·åˆ†è¡Œ\",\"createBy\":\"admin\",\"default\":false,\"status\":\"0\"}','{\"msg\":\"æ“ä½œæˆåŠŸ\",\"code\":200}',0,NULL,'2021-07-18 16:56:47'),(161,'å­—å…¸æ•°æ®',1,'com.ruoyi.web.controller.system.SysDictDataController.add()','POST',1,'admin',NULL,'/system/dict/data','127.0.0.1','å†…ç½‘IP','{\"dictValue\":\"2\",\"listClass\":\"default\",\"dictSort\":2,\"params\":{},\"dictType\":\"sys_user_band\",\"dictLabel\":\"å·¥å•†é“¶è¡Œæ³‰å·åˆ†è¡Œ\",\"createBy\":\"admin\",\"default\":false,\"status\":\"0\"}','{\"msg\":\"æ“ä½œæˆåŠŸ\",\"code\":200}',0,NULL,'2021-07-18 16:57:00'),(162,'å­—å…¸æ•°æ®',1,'com.ruoyi.web.controller.system.SysDictDataController.add()','POST',1,'admin',NULL,'/system/dict/data','127.0.0.1','å†…ç½‘IP','{\"dictValue\":\"3\",\"listClass\":\"default\",\"dictSort\":3,\"params\":{},\"dictType\":\"sys_user_band\",\"dictLabel\":\"å†œä¸šé“¶è¡Œæ³‰å·åˆ†è¡Œ\",\"createBy\":\"admin\",\"default\":false,\"status\":\"0\"}','{\"msg\":\"æ“ä½œæˆåŠŸ\",\"code\":200}',0,NULL,'2021-07-18 16:57:15'),(163,'å­—å…¸æ•°æ®',1,'com.ruoyi.web.controller.system.SysDictDataController.add()','POST',1,'admin',NULL,'/system/dict/data','127.0.0.1','å†…ç½‘IP','{\"dictValue\":\"4\",\"listClass\":\"default\",\"dictSort\":4,\"params\":{},\"dictType\":\"sys_user_band\",\"dictLabel\":\"ä¸­å›½é“¶è¡Œæ³‰å·åˆ†è¡Œ\",\"createBy\":\"admin\",\"default\":false,\"status\":\"0\"}','{\"msg\":\"æ“ä½œæˆåŠŸ\",\"code\":200}',0,NULL,'2021-07-18 16:57:24'),(164,'å­—å…¸æ•°æ®',1,'com.ruoyi.web.controller.system.SysDictDataController.add()','POST',1,'admin',NULL,'/system/dict/data','127.0.0.1','å†…ç½‘IP','{\"dictValue\":\"5\",\"listClass\":\"default\",\"dictSort\":5,\"params\":{},\"dictType\":\"sys_user_band\",\"dictLabel\":\"å»ºè®¾é“¶è¡Œæ³‰å·åˆ†è¡Œ\",\"createBy\":\"admin\",\"default\":false,\"status\":\"0\"}','{\"msg\":\"æ“ä½œæˆåŠŸ\",\"code\":200}',0,NULL,'2021-07-18 16:57:37'),(165,'ä¼ä¸šè´·æ¬¾ä¿¡æ¯',1,'com.ruoyi.app.controller.AppCompanyLoanController.add()','POST',1,NULL,NULL,'/app/loan/add','127.0.0.1','å†…ç½‘IP','{\"code\":\"888888\",\"loanBand\":\"æ„å‘é“¶è¡Œ\",\"contactName\":\"å¼ ä¸‰\",\"companyName\":\"ä¼ä¸šåç§°5\",\"mztUserId\":\"SDKLJFLA\",\"loanPurpose\":\"è´·æ¬¾ç”¨é€”\",\"contactPhone\":\"18805955908\",\"loanAmount\":1000,\"loanFirst\":\"0\"}','null',1,'éªŒè¯ç é”™è¯¯','2021-07-19 16:55:29'),(166,'ä¼ä¸šè´·æ¬¾ä¿¡æ¯',1,'com.ruoyi.app.controller.AppCompanyLoanController.add()','POST',1,NULL,NULL,'/app/loan/add','127.0.0.1','å†…ç½‘IP','{\"code\":\"888888\",\"loanBand\":\"å¤šä¸ªé“¶è¡Œidç”¨é€—å·éš”å¼€\",\"contactName\":\"å¼ ä¸‰\",\"companyName\":\"ä¼ä¸šåç§°5\",\"mztUserId\":\"SDKLJFLA\",\"loanPurpose\":\"è´·æ¬¾ç”¨é€”\",\"contactPhone\":\"18805955908\",\"loanAmount\":1000,\"loanFirst\":\"0\"}','null',1,'éªŒè¯ç é”™è¯¯','2021-07-19 16:56:01'),(167,'ä¼ä¸šè´·æ¬¾ä¿¡æ¯',1,'com.ruoyi.app.controller.AppCompanyLoanController.add()','POST',1,NULL,NULL,'/app/loan/add','127.0.0.1','å†…ç½‘IP','{\"code\":\"888888\",\"loanBand\":\"å¤šä¸ªé“¶è¡Œidç”¨é€—å·éš”å¼€\",\"contactName\":\"å¼ ä¸‰\",\"companyName\":\"ä¼ä¸šåç§°5\",\"mztUserId\":\"SDKLJFLA\",\"loanPurpose\":\"è´·æ¬¾ç”¨é€”\",\"contactPhone\":\"18805955908\",\"loanAmount\":1000,\"loanFirst\":\"0\"}','null',1,'éªŒè¯ç é”™è¯¯','2021-07-20 16:15:16'),(168,'ä¼ä¸šè´·æ¬¾ä¿¡æ¯',1,'com.ruoyi.app.controller.AppCompanyLoanController.add()','POST',1,NULL,NULL,'/app/loan/add','127.0.0.1','å†…ç½‘IP','{\"code\":\"6666\",\"loanBand\":\"2,4\",\"contactName\":\"11\",\"companyName\":\"111\",\"loanPurpose\":\"111\",\"contactPhone\":\"13655988863\",\"loanAmount\":111,\"loanFirst\":\"0\"}','null',1,'éªŒè¯ç é”™è¯¯','2021-07-20 16:21:45'),(169,'ä¼ä¸šè´·æ¬¾ä¿¡æ¯',1,'com.ruoyi.app.controller.AppCompanyLoanController.add()','POST',1,NULL,NULL,'/app/loan/add','127.0.0.1','å†…ç½‘IP','{\"code\":\"111\",\"loanBand\":\"1,2\",\"contactName\":\"11\",\"companyName\":\"111\",\"loanPurpose\":\"11\",\"contactPhone\":\"13655988863\",\"loanAmount\":111,\"loanFirst\":\"0\"}','null',1,'éªŒè¯ç é”™è¯¯','2021-07-20 16:24:25'),(170,'ä¼ä¸šè´·æ¬¾ä¿¡æ¯',1,'com.ruoyi.app.controller.AppCompanyLoanController.add()','POST',1,NULL,NULL,'/app/loan/add','127.0.0.1','å†…ç½‘IP','{\"code\":\"7777\",\"loanBand\":\"1,3\",\"contactName\":\"100\",\"companyName\":\"æ ‘è›™å¤§æ•°æ®æœ‰é™å…¬å¸\",\"mztUserId\":\"123\",\"loanPurpose\":\"100\",\"contactPhone\":\"13655988863\",\"loanAmount\":111,\"loanFirst\":\"0\"}','null',1,'éªŒè¯ç é”™è¯¯','2021-07-22 10:32:44'),(171,'ä¼ä¸šè´·æ¬¾ä¿¡æ¯',1,'com.ruoyi.app.controller.AppCompanyLoanController.add()','POST',1,NULL,NULL,'/app/loan/add','127.0.0.1','å†…ç½‘IP','{\"code\":\"167103\",\"loanBand\":\"1,2\",\"contactName\":\"å¼ ä¸‰\",\"companyName\":\"æ ‘è›™å¤§æ•°æ®æœ‰é™å…¬å¸\",\"mztUserId\":\"123\",\"loanPurpose\":\"æµ‹è¯•\",\"contactPhone\":\"13655988863\",\"loanAmount\":1000,\"loanFirst\":\"0\"}','null',1,'\n### Error updating database.  Cause: com.mysql.cj.jdbc.exceptions.MysqlDataTruncation: Data truncation: Data too long for column \'company_business\' at row 1\n### The error may exist in file [/Users/geniusmart/RuoYi-Vue/ruoyi-system/target/classes/mapper/system/DataCompanyLoanMapper.xml]\n### The error may involve com.ruoyi.system.mapper.DataCompanyLoanMapper.insertDataCompanyLoan-Inline\n### The error occurred while setting parameters\n### SQL: insert into data_company_loan          ( mzt_user_id,             company_name,             company_credit_code,                                                    company_type,             company_industry,             company_business,             loan_band,             loan_amount,             loan_first,             loan_purpose,                          contact_name,             contact_phone,                          create_time )           values ( ?,             ?,             ?,                                                    ?,             ?,             ?,             ?,             ?,             ?,             ?,                          ?,             ?,                          ? )\n### Cause: com.mysql.cj.jdbc.exceptions.MysqlDataTruncation: Data truncation: Data too long for column \'company_business\' at row 1\n; Data truncation: Data too long for column \'company_business\' at row 1; nested exception is com.mysql.cj.jdbc.exceptions.MysqlDataTruncation: Data truncation: Data too long for column \'company_business\' at row 1','2021-07-22 11:01:51'),(172,'ä¼ä¸šè´·æ¬¾ä¿¡æ¯',1,'com.ruoyi.app.controller.AppCompanyLoanController.add()','POST',1,NULL,NULL,'/app/loan/add','127.0.0.1','å†…ç½‘IP','{\"code\":\"167103\",\"loanBand\":\"1,2\",\"contactName\":\"å¼ ä¸‰\",\"companyName\":\"æ ‘è›™å¤§æ•°æ®æœ‰é™å…¬å¸\",\"mztUserId\":\"123\",\"loanPurpose\":\"æµ‹è¯•\",\"contactPhone\":\"13655988863\",\"loanAmount\":1000,\"loanFirst\":\"0\"}','null',1,'éªŒè¯ç é”™è¯¯','2021-07-22 11:06:05'),(173,'ä¼ä¸šè´·æ¬¾ä¿¡æ¯',1,'com.ruoyi.app.controller.AppCompanyLoanController.add()','POST',1,NULL,NULL,'/app/loan/add','127.0.0.1','å†…ç½‘IP','{\"code\":\"700598\",\"loanBand\":\"1,2\",\"contactName\":\"å¼ ä¸‰\",\"companyName\":\"æ ‘è›™å¤§æ•°æ®æœ‰é™å…¬å¸\",\"mztUserId\":\"123\",\"loanPurpose\":\"æµ‹è¯•\",\"contactPhone\":\"13655988863\",\"loanAmount\":1000,\"loanFirst\":\"0\"}','{\"msg\":\"æ“ä½œæˆåŠŸ\",\"code\":200}',0,NULL,'2021-07-22 11:06:15'),(174,'ä¼ä¸šè´·æ¬¾ä¿¡æ¯',1,'com.ruoyi.app.controller.AppCompanyLoanController.add()','POST',1,NULL,NULL,'/app/loan/add','127.0.0.1','å†…ç½‘IP','{\"code\":\"717484\",\"loanBand\":\"1,2\",\"contactName\":\"å¼ ä¸‰\",\"companyName\":\"æ™‹æ±Ÿäº¤å‘ç§‘æŠ€æœ‰é™å…¬å¸\",\"mztUserId\":\"123\",\"loanPurpose\":\"100\",\"contactPhone\":\"13655988863\",\"loanAmount\":100,\"loanFirst\":\"0\"}','{\"msg\":\"æ“ä½œæˆåŠŸ\",\"code\":200}',0,NULL,'2021-07-22 11:12:01'),(175,'ä¼ä¸šè´·æ¬¾ä¿¡æ¯',1,'com.ruoyi.app.controller.AppCompanyLoanController.add()','POST',1,NULL,NULL,'/app/loan/add','192.168.1.94','å†…ç½‘IP','{\"code\":\"613590\",\"loanBand\":\"1,3\",\"contactName\":\"å¼ ä¸‰\",\"companyName\":\"æ ‘è›™å¤§æ•°æ®æœ‰é™å…¬å¸\",\"mztUserId\":\"123\",\"loanPurpose\":\"1000\",\"contactPhone\":\"18805955908\",\"loanAmount\":1000,\"loanFirst\":\"0\"}','{\"msg\":\"æ–°å¢\'æ ‘è›™å¤§æ•°æ®æœ‰é™å…¬å¸\'å¤±è´¥ï¼Œè¯¥ä¼ä¸šåç§°å·²å­˜åœ¨\",\"code\":500}',0,NULL,'2021-07-22 11:27:27'),(176,'ä¼ä¸šè´·æ¬¾ä¿¡æ¯',1,'com.ruoyi.app.controller.AppCompanyLoanController.add()','POST',1,NULL,NULL,'/app/loan/add','192.168.1.94','å†…ç½‘IP','{\"code\":\"613590\",\"loanBand\":\"1,3\",\"contactName\":\"å¼ ä¸‰\",\"companyName\":\"å¦é—¨æ’è¨€æ¥ è´¸æ˜“æœ‰é™å…¬å¸\",\"mztUserId\":\"123\",\"loanPurpose\":\"1000\",\"contactPhone\":\"18805955908\",\"loanAmount\":1000,\"loanFirst\":\"0\"}','{\"msg\":\"æ“ä½œæˆåŠŸ\",\"code\":200}',0,NULL,'2021-07-22 11:28:15'),(177,'ä¼ä¸šè´·æ¬¾ä¿¡æ¯',1,'com.ruoyi.app.controller.AppCompanyLoanController.add()','POST',1,NULL,NULL,'/app/loan/add','127.0.0.1','å†…ç½‘IP','{\"code\":\"830224\",\"loanBand\":\"1,2\",\"contactName\":\"111\",\"companyName\":\"å¤§æ•°æ®\",\"mztUserId\":\"123\",\"loanPurpose\":\"111\",\"contactPhone\":\"13655988863\",\"loanAmount\":111,\"loanFirst\":\"0\"}','{\"msg\":\"æ“ä½œæˆåŠŸ\",\"code\":200}',0,NULL,'2021-07-22 15:21:21'),(178,'å­—å…¸æ•°æ®',1,'com.ruoyi.web.controller.system.SysDictDataController.add()','POST',1,'admin',NULL,'/system/dict/data','127.0.0.1','å†…ç½‘IP','{\"dictValue\":\"æµ‹è¯•\",\"listClass\":\"default\",\"dictSort\":5,\"params\":{},\"dictType\":\"sys_user_band\",\"dictLabel\":\"æµ‹è¯•\",\"createBy\":\"admin\",\"default\":false,\"status\":\"0\"}','{\"msg\":\"æ“ä½œæˆåŠŸ\",\"code\":200}',0,NULL,'2021-07-22 16:03:23'),(179,'å­—å…¸ç±»å‹',3,'com.ruoyi.web.controller.system.SysDictDataController.remove()','DELETE',1,'admin',NULL,'/system/dict/data/105','127.0.0.1','å†…ç½‘IP','{dictCodes=105}','{\"msg\":\"æ“ä½œæˆåŠŸ\",\"code\":200}',0,NULL,'2021-07-22 16:09:54'),(180,'å­—å…¸ç±»å‹',3,'com.ruoyi.web.controller.system.SysDictDataController.remove()','DELETE',1,'admin',NULL,'/system/dict/data/131,132,133,134','127.0.0.1','å†…ç½‘IP','{dictCodes=131,132,133,134}','{\"msg\":\"æ“ä½œæˆåŠŸ\",\"code\":200}',0,NULL,'2021-07-22 16:13:19'),(181,'å­—å…¸ç±»å‹',3,'com.ruoyi.web.controller.system.SysDictDataController.remove()','DELETE',1,'admin',NULL,'/system/dict/data/121,122,123,124,125,126,127,128,129,130','127.0.0.1','å†…ç½‘IP','{dictCodes=121,122,123,124,125,126,127,128,129,130}','{\"msg\":\"æ“ä½œæˆåŠŸ\",\"code\":200}',0,NULL,'2021-07-22 16:13:23'),(182,'å­—å…¸ç±»å‹',3,'com.ruoyi.web.controller.system.SysDictDataController.remove()','DELETE',1,'admin',NULL,'/system/dict/data/111,112,113,114,115,116,117,118,119,120','127.0.0.1','å†…ç½‘IP','{dictCodes=111,112,113,114,115,116,117,118,119,120}','{\"msg\":\"æ“ä½œæˆåŠŸ\",\"code\":200}',0,NULL,'2021-07-22 16:13:26'),(183,'å­—å…¸ç±»å‹',3,'com.ruoyi.web.controller.system.SysDictDataController.remove()','DELETE',1,'admin',NULL,'/system/dict/data/100,101,102,103,104,106,107,108,109,110','127.0.0.1','å†…ç½‘IP','{dictCodes=100,101,102,103,104,106,107,108,109,110}','{\"msg\":\"æ“ä½œæˆåŠŸ\",\"code\":200}',0,NULL,'2021-07-22 16:13:30');
/*!40000 ALTER TABLE `sys_oper_log` ENABLE KEYS */;
UNLOCK TABLES;

--
-- Table structure for table `sys_post`
--

DROP TABLE IF EXISTS `sys_post`;
/*!40101 SET @saved_cs_client     = @@character_set_client */;
 SET character_set_client = utf8mb4 ;
CREATE TABLE `sys_post` (
  `post_id` bigint(20) NOT NULL AUTO_INCREMENT COMMENT 'å²—ä½ID',
  `post_code` varchar(64) NOT NULL COMMENT 'å²—ä½ç¼–ç ',
  `post_name` varchar(50) NOT NULL COMMENT 'å²—ä½åç§°',
  `post_sort` int(4) NOT NULL COMMENT 'æ˜¾ç¤ºé¡ºåº',
  `status` char(1) NOT NULL COMMENT 'çŠ¶æ€ï¼ˆ0æ­£å¸¸ 1åœç”¨ï¼‰',
  `create_by` varchar(64) DEFAULT '' COMMENT 'åˆ›å»ºè€…',
  `create_time` datetime DEFAULT NULL COMMENT 'åˆ›å»ºæ—¶é—´',
  `update_by` varchar(64) DEFAULT '' COMMENT 'æ›´æ–°è€…',
  `update_time` datetime DEFAULT NULL COMMENT 'æ›´æ–°æ—¶é—´',
  `remark` varchar(500) DEFAULT NULL COMMENT 'å¤‡æ³¨',
  PRIMARY KEY (`post_id`)
) ENGINE=InnoDB AUTO_INCREMENT=5 DEFAULT CHARSET=utf8 COMMENT='å²—ä½ä¿¡æ¯è¡¨';
/*!40101 SET character_set_client = @saved_cs_client */;

--
-- Dumping data for table `sys_post`
--

LOCK TABLES `sys_post` WRITE;
/*!40000 ALTER TABLE `sys_post` DISABLE KEYS */;
INSERT INTO `sys_post` VALUES (1,'ceo','è‘£äº‹é•¿',1,'0','admin','2021-07-12 18:37:11','',NULL,''),(2,'se','é¡¹ç›®ç»ç†',2,'0','admin','2021-07-12 18:37:11','',NULL,''),(3,'hr','äººåŠ›èµ„æº',3,'0','admin','2021-07-12 18:37:11','',NULL,''),(4,'user','æ™®é€šå‘˜å·¥',4,'0','admin','2021-07-12 18:37:11','',NULL,'');
/*!40000 ALTER TABLE `sys_post` ENABLE KEYS */;
UNLOCK TABLES;

--
-- Table structure for table `sys_role`
--

DROP TABLE IF EXISTS `sys_role`;
/*!40101 SET @saved_cs_client     = @@character_set_client */;
 SET character_set_client = utf8mb4 ;
CREATE TABLE `sys_role` (
  `role_id` bigint(20) NOT NULL AUTO_INCREMENT COMMENT 'è§’è‰²ID',
  `role_name` varchar(30) NOT NULL COMMENT 'è§’è‰²åç§°',
  `role_key` varchar(100) NOT NULL COMMENT 'è§’è‰²æƒé™å­—ç¬¦ä¸²',
  `role_sort` int(4) NOT NULL COMMENT 'æ˜¾ç¤ºé¡ºåº',
  `data_scope` char(1) DEFAULT '1' COMMENT 'æ•°æ®èŒƒå›´ï¼ˆ1ï¼šå…¨éƒ¨æ•°æ®æƒé™ 2ï¼šè‡ªå®šæ•°æ®æƒé™ 3ï¼šæœ¬éƒ¨é—¨æ•°æ®æƒé™ 4ï¼šæœ¬éƒ¨é—¨åŠä»¥ä¸‹æ•°æ®æƒé™ï¼‰',
  `menu_check_strictly` tinyint(1) DEFAULT '1' COMMENT 'èœå•æ ‘é€‰æ‹©é¡¹æ˜¯å¦å…³è”æ˜¾ç¤º',
  `dept_check_strictly` tinyint(1) DEFAULT '1' COMMENT 'éƒ¨é—¨æ ‘é€‰æ‹©é¡¹æ˜¯å¦å…³è”æ˜¾ç¤º',
  `status` char(1) NOT NULL COMMENT 'è§’è‰²çŠ¶æ€ï¼ˆ0æ­£å¸¸ 1åœç”¨ï¼‰',
  `del_flag` char(1) DEFAULT '0' COMMENT 'åˆ é™¤æ ‡å¿—ï¼ˆ0ä»£è¡¨å­˜åœ¨ 2ä»£è¡¨åˆ é™¤ï¼‰',
  `create_by` varchar(64) DEFAULT '' COMMENT 'åˆ›å»ºè€…',
  `create_time` datetime DEFAULT NULL COMMENT 'åˆ›å»ºæ—¶é—´',
  `update_by` varchar(64) DEFAULT '' COMMENT 'æ›´æ–°è€…',
  `update_time` datetime DEFAULT NULL COMMENT 'æ›´æ–°æ—¶é—´',
  `remark` varchar(500) DEFAULT NULL COMMENT 'å¤‡æ³¨',
  PRIMARY KEY (`role_id`)
) ENGINE=InnoDB AUTO_INCREMENT=100 DEFAULT CHARSET=utf8 COMMENT='è§’è‰²ä¿¡æ¯è¡¨';
/*!40101 SET character_set_client = @saved_cs_client */;

--
-- Dumping data for table `sys_role`
--

LOCK TABLES `sys_role` WRITE;
/*!40000 ALTER TABLE `sys_role` DISABLE KEYS */;
INSERT INTO `sys_role` VALUES (1,'è¶…çº§ç®¡ç†å‘˜','admin',1,'1',1,1,'0','0','admin','2021-07-12 18:37:11','',NULL,'è¶…çº§ç®¡ç†å‘˜'),(2,'æ™®é€šè§’è‰²','common',2,'2',1,1,'0','0','admin','2021-07-12 18:37:11','',NULL,'æ™®é€šè§’è‰²');
/*!40000 ALTER TABLE `sys_role` ENABLE KEYS */;
UNLOCK TABLES;

--
-- Table structure for table `sys_role_dept`
--

DROP TABLE IF EXISTS `sys_role_dept`;
/*!40101 SET @saved_cs_client     = @@character_set_client */;
 SET character_set_client = utf8mb4 ;
CREATE TABLE `sys_role_dept` (
  `role_id` bigint(20) NOT NULL COMMENT 'è§’è‰²ID',
  `dept_id` bigint(20) NOT NULL COMMENT 'éƒ¨é—¨ID',
  PRIMARY KEY (`role_id`,`dept_id`)
) ENGINE=InnoDB DEFAULT CHARSET=utf8 COMMENT='è§’è‰²å’Œéƒ¨é—¨å…³è”è¡¨';
/*!40101 SET character_set_client = @saved_cs_client */;

--
-- Dumping data for table `sys_role_dept`
--

LOCK TABLES `sys_role_dept` WRITE;
/*!40000 ALTER TABLE `sys_role_dept` DISABLE KEYS */;
INSERT INTO `sys_role_dept` VALUES (2,100),(2,101),(2,105);
/*!40000 ALTER TABLE `sys_role_dept` ENABLE KEYS */;
UNLOCK TABLES;

--
-- Table structure for table `sys_role_menu`
--

DROP TABLE IF EXISTS `sys_role_menu`;
/*!40101 SET @saved_cs_client     = @@character_set_client */;
 SET character_set_client = utf8mb4 ;
CREATE TABLE `sys_role_menu` (
  `role_id` bigint(20) NOT NULL COMMENT 'è§’è‰²ID',
  `menu_id` bigint(20) NOT NULL COMMENT 'èœå•ID',
  PRIMARY KEY (`role_id`,`menu_id`)
) ENGINE=InnoDB DEFAULT CHARSET=utf8 COMMENT='è§’è‰²å’Œèœå•å…³è”è¡¨';
/*!40101 SET character_set_client = @saved_cs_client */;

--
-- Dumping data for table `sys_role_menu`
--

LOCK TABLES `sys_role_menu` WRITE;
/*!40000 ALTER TABLE `sys_role_menu` DISABLE KEYS */;
INSERT INTO `sys_role_menu` VALUES (2,1),(2,2),(2,3),(2,4),(2,100),(2,101),(2,102),(2,103),(2,104),(2,105),(2,106),(2,107),(2,108),(2,109),(2,110),(2,111),(2,112),(2,113),(2,114),(2,115),(2,116),(2,500),(2,501),(2,1000),(2,1001),(2,1002),(2,1003),(2,1004),(2,1005),(2,1006),(2,1007),(2,1008),(2,1009),(2,1010),(2,1011),(2,1012),(2,1013),(2,1014),(2,1015),(2,1016),(2,1017),(2,1018),(2,1019),(2,1020),(2,1021),(2,1022),(2,1023),(2,1024),(2,1025),(2,1026),(2,1027),(2,1028),(2,1029),(2,1030),(2,1031),(2,1032),(2,1033),(2,1034),(2,1035),(2,1036),(2,1037),(2,1038),(2,1039),(2,1040),(2,1041),(2,1042),(2,1043),(2,1044),(2,1045),(2,1046),(2,1047),(2,1048),(2,1049),(2,1050),(2,1051),(2,1052),(2,1053),(2,1054),(2,1055),(2,1056),(2,1057),(2,1058),(2,1059),(2,1060);
/*!40000 ALTER TABLE `sys_role_menu` ENABLE KEYS */;
UNLOCK TABLES;

--
-- Table structure for table `sys_user`
--

DROP TABLE IF EXISTS `sys_user`;
/*!40101 SET @saved_cs_client     = @@character_set_client */;
 SET character_set_client = utf8mb4 ;
CREATE TABLE `sys_user` (
  `user_id` bigint(20) NOT NULL AUTO_INCREMENT COMMENT 'ç”¨æˆ·ID',
  `dept_id` bigint(20) DEFAULT NULL COMMENT 'éƒ¨é—¨ID',
  `user_name` varchar(30) NOT NULL COMMENT 'ç”¨æˆ·è´¦å·',
  `nick_name` varchar(30) NOT NULL COMMENT 'ç”¨æˆ·æ˜µç§°',
  `user_type` varchar(2) DEFAULT '00' COMMENT 'ç”¨æˆ·ç±»å‹ï¼ˆ00ç³»ç»Ÿç”¨æˆ·ï¼‰',
  `email` varchar(50) DEFAULT '' COMMENT 'ç”¨æˆ·é‚®ç®±',
  `phonenumber` varchar(11) DEFAULT '' COMMENT 'æ‰‹æœºå·ç ',
  `sex` char(1) DEFAULT '0' COMMENT 'ç”¨æˆ·æ€§åˆ«ï¼ˆ0ç”· 1å¥³ 2æœªçŸ¥ï¼‰',
  `avatar` varchar(100) DEFAULT '' COMMENT 'å¤´åƒåœ°å€',
  `password` varchar(100) DEFAULT '' COMMENT 'å¯†ç ',
  `status` char(1) DEFAULT '0' COMMENT 'å¸å·çŠ¶æ€ï¼ˆ0æ­£å¸¸ 1åœç”¨ï¼‰',
  `del_flag` char(1) DEFAULT '0' COMMENT 'åˆ é™¤æ ‡å¿—ï¼ˆ0ä»£è¡¨å­˜åœ¨ 2ä»£è¡¨åˆ é™¤ï¼‰',
  `login_ip` varchar(128) DEFAULT '' COMMENT 'æœ€åç™»å½•IP',
  `login_date` datetime DEFAULT NULL COMMENT 'æœ€åç™»å½•æ—¶é—´',
  `create_by` varchar(64) DEFAULT '' COMMENT 'åˆ›å»ºè€…',
  `create_time` datetime DEFAULT NULL COMMENT 'åˆ›å»ºæ—¶é—´',
  `update_by` varchar(64) DEFAULT '' COMMENT 'æ›´æ–°è€…',
  `update_time` datetime DEFAULT NULL COMMENT 'æ›´æ–°æ—¶é—´',
  `remark` varchar(500) DEFAULT NULL COMMENT 'å¤‡æ³¨',
  PRIMARY KEY (`user_id`)
) ENGINE=InnoDB AUTO_INCREMENT=100 DEFAULT CHARSET=utf8 COMMENT='ç”¨æˆ·ä¿¡æ¯è¡¨';
/*!40101 SET character_set_client = @saved_cs_client */;

--
-- Dumping data for table `sys_user`
--

LOCK TABLES `sys_user` WRITE;
/*!40000 ALTER TABLE `sys_user` DISABLE KEYS */;
INSERT INTO `sys_user` VALUES (1,103,'admin','è‹¥ä¾','00','ry@163.com','15888888888','1','','$2a$10$7JB720yubVSZvUI0rEqK/.VqGOZTH.ulu33dHOiBE8ByOhJIrdAu2','0','0','127.0.0.1','2021-07-22 15:55:44','admin','2021-07-12 18:37:11','','2021-07-22 15:55:44','ç®¡ç†å‘˜'),(2,105,'ry','è‹¥ä¾','00','ry@qq.com','15666666666','1','','$2a$10$7JB720yubVSZvUI0rEqK/.VqGOZTH.ulu33dHOiBE8ByOhJIrdAu2','0','0','127.0.0.1','2021-07-12 18:37:11','admin','2021-07-12 18:37:11','',NULL,'æµ‹è¯•å‘˜');
/*!40000 ALTER TABLE `sys_user` ENABLE KEYS */;
UNLOCK TABLES;

--
-- Table structure for table `sys_user_post`
--

DROP TABLE IF EXISTS `sys_user_post`;
/*!40101 SET @saved_cs_client     = @@character_set_client */;
 SET character_set_client = utf8mb4 ;
CREATE TABLE `sys_user_post` (
  `user_id` bigint(20) NOT NULL COMMENT 'ç”¨æˆ·ID',
  `post_id` bigint(20) NOT NULL COMMENT 'å²—ä½ID',
  PRIMARY KEY (`user_id`,`post_id`)
) ENGINE=InnoDB DEFAULT CHARSET=utf8 COMMENT='ç”¨æˆ·ä¸å²—ä½å…³è”è¡¨';
/*!40101 SET character_set_client = @saved_cs_client */;

--
-- Dumping data for table `sys_user_post`
--

LOCK TABLES `sys_user_post` WRITE;
/*!40000 ALTER TABLE `sys_user_post` DISABLE KEYS */;
INSERT INTO `sys_user_post` VALUES (1,1),(2,2);
/*!40000 ALTER TABLE `sys_user_post` ENABLE KEYS */;
UNLOCK TABLES;

--
-- Table structure for table `sys_user_role`
--

DROP TABLE IF EXISTS `sys_user_role`;
/*!40101 SET @saved_cs_client     = @@character_set_client */;
 SET character_set_client = utf8mb4 ;
CREATE TABLE `sys_user_role` (
  `user_id` bigint(20) NOT NULL COMMENT 'ç”¨æˆ·ID',
  `role_id` bigint(20) NOT NULL COMMENT 'è§’è‰²ID',
  PRIMARY KEY (`user_id`,`role_id`)
) ENGINE=InnoDB DEFAULT CHARSET=utf8 COMMENT='ç”¨æˆ·å’Œè§’è‰²å…³è”è¡¨';
/*!40101 SET character_set_client = @saved_cs_client */;

--
-- Dumping data for table `sys_user_role`
--

LOCK TABLES `sys_user_role` WRITE;
/*!40000 ALTER TABLE `sys_user_role` DISABLE KEYS */;
INSERT INTO `sys_user_role` VALUES (1,1),(2,2);
/*!40000 ALTER TABLE `sys_user_role` ENABLE KEYS */;
UNLOCK TABLES;
/*!40103 SET TIME_ZONE=@OLD_TIME_ZONE */;

/*!40101 SET SQL_MODE=@OLD_SQL_MODE */;
/*!40014 SET FOREIGN_KEY_CHECKS=@OLD_FOREIGN_KEY_CHECKS */;
/*!40014 SET UNIQUE_CHECKS=@OLD_UNIQUE_CHECKS */;
/*!40101 SET CHARACTER_SET_CLIENT=@OLD_CHARACTER_SET_CLIENT */;
/*!40101 SET CHARACTER_SET_RESULTS=@OLD_CHARACTER_SET_RESULTS */;
/*!40101 SET COLLATION_CONNECTION=@OLD_COLLATION_CONNECTION */;
/*!40111 SET SQL_NOTES=@OLD_SQL_NOTES */;

-- Dump completed on 2021-07-22 18:51:21
