INSERT INTO psy_consultant (id, name, `style`, experience, certificate, create_time, avatar) VALUES(1, '吴非', '温和，思辨', '精神分析系统培训', '二级心理咨询证书', '2022-08-28 12:12:20', '/profile/upload/2023/02/08/微信图片_20220817173346_20230208155624A003.jpg');
INSERT INTO psy_consultant (id, name, `style`, experience, certificate, create_time, avatar) VALUES(2, '田晓燕', '温暖，包容，接纳', '精神分析', '二级心理咨询师', '2023-02-08 15:57:07', '/profile/upload/2023/02/08/微信图片_20220818125809_20230208155703A004.jpg');


INSERT INTO psy_gauge (id, title, subtitle, head_picture, list_show_picture, introduce, gauge_class, gauge_num, gauge_des, price, num, `type`, create_by, create_time, update_by, update_time, remark) VALUES(6, '婚内安全感测试', '你会羡慕身边结了婚的朋友很和睦幸福的样子吗', '/profile/upload/2023/02/08/01_20230208194042A008.png', '/profile/upload/2023/02/08/02 (1)_20230208194720A010.jpeg', '/profile/upload/2023/02/09/99999999999999999_20230209153750A040.jpeg', 4, 10, '有很多人觉得单身的日子孤独寂寞，看到身边结了婚的朋友很和睦幸福的样子，就会很羡慕，寄希望于婚姻，希望婚姻能够帮助自己赶走孤独寂寞的滋味，能够带给自己足够的安全感。婚姻是一份爱和责任，能够带给每个人的感受不同，至于安全感，当然也是不一样的', 9.90, NULL, 1, 'admin', NULL, 'admin', NULL, NULL);
INSERT INTO psy_gauge (id, title, subtitle, head_picture, list_show_picture, introduce, gauge_class, gauge_num, gauge_des, price, num, `type`, create_by, create_time, update_by, update_time, remark) VALUES(11, '家庭教养方式测评问卷', '家庭教养方式测评问卷', '/profile/upload/2023/02/08/03 (1)_20230208202005A012.png', '/profile/upload/2023/02/08/03 (2)_20230208202141A013.png', NULL, 4, 13, '此量表主要在于测量您对孩子的教养方式为哪一种类型。请根据量表的描述，结合现实生活中您跟孩子的相处方式，判断该描述跟您的实际情况是否符合，在“总是如此”、“多数如此”、“有时如此”、“从未如此”四个选项中选择最为合适的一个。', 9.90, NULL, 1, 'admin', NULL, 'admin', NULL, NULL);
INSERT INTO psy_gauge (id, title, subtitle, head_picture, list_show_picture, introduce, gauge_class, gauge_num, gauge_des, price, num, `type`, create_by, create_time, update_by, update_time, remark) VALUES(12, '亲子关系问卷量表', '亲子关系问卷量表', '/profile/upload/2023/02/08/04 (1)_20230208205253A015.png', '/profile/upload/2023/02/08/05 (1)_20230208205731A016.png', NULL, 4, 20, '该量表主要在于测量您和孩子的关系如何。家长您好：请根据你的实际情况（实际感受）作答。答案没有对错之分，对每一个句子无须多考虑。		', 9.90, NULL, 1, 'admin', NULL, 'admin', NULL, NULL);
INSERT INTO psy_gauge (id, title, subtitle, head_picture, list_show_picture, introduce, gauge_class, gauge_num, gauge_des, price, num, `type`, create_by, create_time, update_by, update_time, remark) VALUES(13, '安全感测试：你有多缺爱？', '安全感测试：你有多缺爱？', '/profile/upload/2023/02/08/06_20230208214736A019.jpeg', '/profile/upload/2023/02/08/05_20230208213158A018.jpeg', NULL, 1, 16, '一个人缺乏安全感，心理成长就会停滞，而有安全感的人会追求更高层次的需要，容易达到自我实现。此安全感测试依据马斯洛的安全—不安全量表（S—I）编制。请阅读每一条陈述，判断与你经常性的感受或行为相符合的程度，不必对任何一条花太多的时间去考虑。', 19.90, NULL, 1, 'admin', NULL, 'admin', NULL, NULL);
INSERT INTO psy_gauge (id, title, subtitle, head_picture, list_show_picture, introduce, gauge_class, gauge_num, gauge_des, price, num, `type`, create_by, create_time, update_by, update_time, remark) VALUES(14, '八道题测试你的心理素质', '八道题测试你的心理素质', '/profile/upload/2023/02/08/09_20230208222410A024.jpeg', '/profile/upload/2023/02/08/07_20230208214958A020.jpeg', NULL, 1, 8, '做完以下八道心理素质测试题，就能大致了解你的心理素质和应付能力。', 9.90, NULL, 1, 'admin', NULL, 'admin', NULL, NULL);
INSERT INTO psy_gauge (id, title, subtitle, head_picture, list_show_picture, introduce, gauge_class, gauge_num, gauge_des, price, num, `type`, create_by, create_time, update_by, update_time, remark) VALUES(15, '测一测你的人际魅力指数', '测一测你的人际魅力指数', '/profile/upload/2023/02/08/12_20230208223810A027.jpeg', '/profile/upload/2023/02/08/11_20230208222928A026.jpeg', NULL, 1, 25, '一个人的魅力与其情感能力与社交能力有很大的关系。很多人都认为魅力是上天给一小部分幸运的人的特殊馈赠。然而，关于魅力的调查研究表明，一个人的魅力是可以被测量的，且有一些基本因素是，这些因素被统称为“魅力商数”。想知道你在与人交往时能够展现出自己的多少魅力吗？测测看吧！', 69.90, NULL, 1, 'admin', NULL, 'admin', NULL, NULL);
INSERT INTO psy_gauge (id, title, subtitle, head_picture, list_show_picture, introduce, gauge_class, gauge_num, gauge_des, price, num, `type`, create_by, create_time, update_by, update_time, remark) VALUES(16, '测一测你性格里最真实的一面', '测一测你性格里最真实的一面', '/profile/upload/2023/02/08/18_20230208231329A029.jpeg', '/profile/upload/2023/02/08/14_20230208225519A028.jpeg', NULL, 1, 13, '面具下的个人才最真实。社会心理学家笑侃每个人的家里都置有一个面具衣柜，以扮演不同的角色，应对不同的需要和责任。所以，当你摘下所有的面具，你的性格呈现哪种特质呢？本题告诉你答案。		', 9.90, NULL, 1, 'admin', NULL, 'admin', NULL, NULL);
INSERT INTO psy_gauge (id, title, subtitle, head_picture, list_show_picture, introduce, gauge_class, gauge_num, gauge_des, price, num, `type`, create_by, create_time, update_by, update_time, remark) VALUES(17, '核心自我评价测试', '核心自我评价量表', '/profile/upload/2023/02/09/00001_20230209114150A032.png', '/profile/upload/2023/02/09/000_20230209112701A031.png', NULL, 1, 10, '核心自我评价量表包含了4种核心人格特质的测量：自尊、控制点、神经质和一般自我效能。该量表由Judge等编制 ，国内进行了翻译和修订，使其更符合中国的文化背景。		', 9.90, NULL, 1, 'admin', NULL, 'admin', NULL, NULL);
INSERT INTO psy_gauge (id, title, subtitle, head_picture, list_show_picture, introduce, gauge_class, gauge_num, gauge_des, price, num, `type`, create_by, create_time, update_by, update_time, remark) VALUES(18, '自我价值评估', '测测你的自我价值', '/profile/upload/2023/02/09/555_20230209131527A037.jpeg', '/profile/upload/2023/02/09/44_20230209130732A036.jpeg', NULL, 1, 10, '自我价值感是个体存在的价值和意义，它反应着一个人的自信度水平。		', 9.90, NULL, 1, 'admin', NULL, 'admin', NULL, NULL);
INSERT INTO psy_gauge (id, title, subtitle, head_picture, list_show_picture, introduce, gauge_class, gauge_num, gauge_des, price, num, `type`, create_by, create_time, update_by, update_time, remark) VALUES(19, '你对另一半满意吗？', '你对另一半满意吗？', '/profile/upload/2023/02/09/3333333_20230209125314A033.jpeg', '/profile/upload/2023/02/09/3333333_20230209125429A034.png', NULL, 1, 10, '该问卷是了解您的婚姻状态的，虽然它不能预测您的婚姻是否成功，但可以发现婚姻中可能存在和需要解决的问题，有助于得到专家的指导。希望您如实填写，不要征求他人的意见，独立完成。请注意：条目中的“我们”是指您和您的伴侣。对每一个条目均进行5级评定，具体如下：1.确实是这样；2.可能是这样；3.不同意也不反对；4.可能不是这样；5.确实不是这样		', 9.90, NULL, 1, 'admin', NULL, 'admin', NULL, NULL);
INSERT INTO psy_gauge (id, title, subtitle, head_picture, list_show_picture, introduce, gauge_class, gauge_num, gauge_des, price, num, `type`, create_by, create_time, update_by, update_time, remark) VALUES(20, '你拖延到什么程度了?', '你拖延到什么程度了?', NULL, NULL, NULL, 1, 15, '哪里有尴尬和不舒服，哪里就潜伏着拖延的可能性。战胜拖延的第一步就是了解自己的拖延现状，还等什么，赶快开始自我评估吧！		', 9.90, NULL, 1, 'admin', NULL, '', NULL, NULL);

INSERT INTO psy_gauge_class (id, name, sort) VALUES(1, '趣味测评', NULL);
INSERT INTO psy_gauge_class (id, name, sort) VALUES(2, '性格测试', NULL);
INSERT INTO psy_gauge_class (id, name, sort) VALUES(3, '抑郁焦虑', NULL);
INSERT INTO psy_gauge_class (id, name, sort) VALUES(4, '婚恋情感', NULL);
INSERT INTO psy_gauge_class (id, name, sort) VALUES(5, '大学生', NULL);
INSERT INTO psy_gauge_class (id, name, sort) VALUES(6, '职业发展', NULL);
INSERT INTO psy_gauge_class (id, name, sort) VALUES(7, '智力情商', NULL);


INSERT INTO psy_gauge_label (id, gauge_id, label, sort) VALUES(1, 6, 0, 0);
INSERT INTO psy_gauge_label (id, gauge_id, label, sort) VALUES(2, 5, 1, 0);
INSERT INTO psy_gauge_label (id, gauge_id, label, sort) VALUES(3, 6, 0, 0);
INSERT INTO psy_gauge_label (id, gauge_id, label, sort) VALUES(4, 5, 0, 0);
INSERT INTO psy_gauge_label (id, gauge_id, label, sort) VALUES(5, 6, 0, 0);
INSERT INTO psy_gauge_label (id, gauge_id, label, sort) VALUES(6, 5, 0, 0);
INSERT INTO psy_gauge_label (id, gauge_id, label, sort) VALUES(7, 6, 1, 0);
INSERT INTO psy_gauge_label (id, gauge_id, label, sort) VALUES(8, 5, 1, 0);
INSERT INTO psy_gauge_label (id, gauge_id, label, sort) VALUES(9, 5, 1, 0);
INSERT INTO psy_gauge_label (id, gauge_id, label, sort) VALUES(10, 6, 1, 0);


INSERT INTO psy_gauge_questions (id, gauge_id, title, select_type, `no`, create_by, create_time, update_by, update_time, remark) VALUES(13, 6, '你的朋友都喜欢找你倾诉心事吗？', 0, 1, 'admin', '2022-09-16 14:58:41', '', '2023-01-04 14:58:48', NULL);
INSERT INTO psy_gauge_questions (id, gauge_id, title, select_type, `no`, create_by, create_time, update_by, update_time, remark) VALUES(14, 6, '你在网上买的衣服买小了，你会退换，还是直接送给能穿的朋友？', 0, 2, '', '2022-09-16 15:04:21', '', NULL, NULL);
INSERT INTO psy_gauge_questions (id, gauge_id, title, select_type, `no`, create_by, create_time, update_by, update_time, remark) VALUES(15, 6, '你去电影院看电影的时候会把手机调成静音状态吗？', 0, 3, '', '2022-09-16 15:06:04', '', NULL, NULL);
INSERT INTO psy_gauge_questions (id, gauge_id, title, select_type, `no`, create_by, create_time, update_by, update_time, remark) VALUES(16, 6, '如果在你很忙的时候，有朋友给你打电话聊天，你会？', 0, 4, '', '2022-09-16 15:07:12', '', NULL, NULL);
INSERT INTO psy_gauge_questions (id, gauge_id, title, select_type, `no`, create_by, create_time, update_by, update_time, remark) VALUES(17, 6, '你坐飞机的时候，会期望看到窗外有？', 0, 5, '', '2022-09-16 15:08:12', '', NULL, NULL);
INSERT INTO psy_gauge_questions (id, gauge_id, title, select_type, `no`, create_by, create_time, update_by, update_time, remark) VALUES(18, 6, '你觉得女生的房间要以哪种颜色的装修为主？', 0, 6, '', '2022-09-16 15:09:16', '', NULL, NULL);
INSERT INTO psy_gauge_questions (id, gauge_id, title, select_type, `no`, create_by, create_time, update_by, update_time, remark) VALUES(19, 6, '你走在下班回家的路上，会顺路买一点零食回去吗？', 0, 7, '', '2022-09-16 15:10:20', '', NULL, NULL);
INSERT INTO psy_gauge_questions (id, gauge_id, title, select_type, `no`, create_by, create_time, update_by, update_time, remark) VALUES(20, 6, '如果你买到了假冒产品，会去找商家吗？', 0, 8, '', '2022-09-16 15:11:18', '', NULL, NULL);
INSERT INTO psy_gauge_questions (id, gauge_id, title, select_type, `no`, create_by, create_time, update_by, update_time, remark) VALUES(21, 6, '如果你爱的人要跟你分手，你会有怎样的反应？', 0, 9, '', '2022-09-16 15:12:21', '', NULL, NULL);
INSERT INTO psy_gauge_questions (id, gauge_id, title, select_type, `no`, create_by, create_time, update_by, update_time, remark) VALUES(22, 6, '你去动物园最想和下面哪种动物合影？', 0, 10, '', '2022-09-16 15:13:19', '', NULL, NULL);

INSERT INTO psy_gauge_questions (id, gauge_id, title, select_type, `no`, create_by, create_time, update_by, update_time, remark) VALUES(41, 11, '在孩子不愉快时，我会想方法调整孩子的情绪', 0, 1, 'admin', '2022-10-20 17:10:24', '', '2023-01-06 09:24:57', NULL);
INSERT INTO psy_gauge_questions (id, gauge_id, title, select_type, `no`, create_by, create_time, update_by, update_time, remark) VALUES(44, 11, '我耐心听孩子说孩子需要说的话', 0, 2, '', '2023-01-06 09:25:47', '', NULL, NULL);
INSERT INTO psy_gauge_questions (id, gauge_id, title, select_type, `no`, create_by, create_time, update_by, update_time, remark) VALUES(45, 11, '我检查孩子有没有完成家庭作业', 0, 3, '', '2023-01-06 09:34:36', '', NULL, NULL);
INSERT INTO psy_gauge_questions (id, gauge_id, title, select_type, `no`, create_by, create_time, update_by, update_time, remark) VALUES(46, 11, '我知道孩子课后在什么地方', 0, 4, '', '2023-01-06 09:35:07', '', NULL, NULL);
INSERT INTO psy_gauge_questions (id, gauge_id, title, select_type, `no`, create_by, create_time, update_by, update_time, remark) VALUES(47, 11, '我喜欢孩子现在的样子', 0, 5, '', '2023-01-06 09:35:18', '', NULL, NULL);
INSERT INTO psy_gauge_questions (id, gauge_id, title, select_type, `no`, create_by, create_time, update_by, update_time, remark) VALUES(48, 11, '我询问孩子和朋友之间所做的事情', 0, 6, '', '2023-01-06 09:35:33', '', NULL, NULL);
INSERT INTO psy_gauge_questions (id, gauge_id, title, select_type, `no`, create_by, create_time, update_by, update_time, remark) VALUES(49, 11, '当孩子某些事情做得好时，我会给予肯定', 0, 7, '', '2023-01-06 09:35:47', '', NULL, NULL);
INSERT INTO psy_gauge_questions (id, gauge_id, title, select_type, `no`, create_by, create_time, update_by, update_time, remark) VALUES(50, 11, '我希望了解孩子遇到的问题', 0, 8, '', '2023-01-06 09:36:00', '', NULL, NULL);
INSERT INTO psy_gauge_questions (id, gauge_id, title, select_type, `no`, create_by, create_time, update_by, update_time, remark) VALUES(51, 11, '我一定要孩子按时上床睡觉', 0, 9, '', '2023-01-06 09:36:18', '', NULL, NULL);
INSERT INTO psy_gauge_questions (id, gauge_id, title, select_type, `no`, create_by, create_time, update_by, update_time, remark) VALUES(52, 11, '我满意孩子的言行举止', 0, 10, '', '2023-01-06 09:36:32', '', NULL, NULL);
INSERT INTO psy_gauge_questions (id, gauge_id, title, select_type, `no`, create_by, create_time, update_by, update_time, remark) VALUES(53, 11, '我一定要孩子告诉我他要去的地方', 0, 11, '', '2023-01-06 09:36:51', '', NULL, NULL);
INSERT INTO psy_gauge_questions (id, gauge_id, title, select_type, `no`, create_by, create_time, update_by, update_time, remark) VALUES(54, 11, '我规定孩子必须回家的时间', 0, 12, '', '2023-01-06 09:37:08', '', NULL, NULL);
INSERT INTO psy_gauge_questions (id, gauge_id, title, select_type, `no`, create_by, create_time, update_by, update_time, remark) VALUES(55, 11, '我定的规矩孩子必须遵从', 0, 13, '', '2023-01-06 09:37:12', '', NULL, NULL);
INSERT INTO psy_gauge_questions (id, gauge_id, title, select_type, `no`, create_by, create_time, update_by, update_time, remark) VALUES(58, 12, '不管我的工作或生活再忙碌，每一天我都会留一些时间给子女', 0, 1, 'admin', '2023-01-06 10:49:50', '', '2023-01-06 10:56:25', NULL);
INSERT INTO psy_gauge_questions (id, gauge_id, title, select_type, `no`, create_by, create_time, update_by, update_time, remark) VALUES(59, 12, '我能经常保持愉快的心情和孩子相处', 0, 2, '', '2023-01-06 11:01:53', '', NULL, NULL);
INSERT INTO psy_gauge_questions (id, gauge_id, title, select_type, `no`, create_by, create_time, update_by, update_time, remark) VALUES(60, 12, '我认为孩子是有理性的，能自己面对和解决问题', 0, 3, '', '2023-01-06 11:01:59', '', NULL, NULL);
INSERT INTO psy_gauge_questions (id, gauge_id, title, select_type, `no`, create_by, create_time, update_by, update_time, remark) VALUES(61, 12, '和孩子对话时，我甚少使用「你应该…」、「你最好…否则…」、「你再不… 我就…」的语气和孩子交谈', 0, 4, '', '2023-01-06 11:02:03', '', NULL, NULL);
INSERT INTO psy_gauge_questions (id, gauge_id, title, select_type, `no`, create_by, create_time, update_by, update_time, remark) VALUES(62, 12, '我觉得孩子能欢喜的生活，比成绩好更重要', 0, 5, '', '2023-01-06 11:02:08', '', NULL, NULL);
INSERT INTO psy_gauge_questions (id, gauge_id, title, select_type, `no`, create_by, create_time, update_by, update_time, remark) VALUES(63, 12, '我觉得孩子犯错和惹麻烦是成长必经的过程', 0, 6, '', '2023-01-06 11:02:12', '', NULL, NULL);
INSERT INTO psy_gauge_questions (id, gauge_id, title, select_type, `no`, create_by, create_time, update_by, update_time, remark) VALUES(64, 12, '孩子说话时，我能耐心专注的听完', 0, 7, '', '2023-01-06 11:02:17', '', NULL, NULL);
INSERT INTO psy_gauge_questions (id, gauge_id, title, select_type, `no`, create_by, create_time, update_by, update_time, remark) VALUES(65, 12, '我能经常和孩子有亲密的接触（如摸头、拍肩、拍手、相互拥抱……）', 0, 8, '', '2023-01-06 11:02:21', '', NULL, NULL);
INSERT INTO psy_gauge_questions (id, gauge_id, title, select_type, `no`, create_by, create_time, update_by, update_time, remark) VALUES(66, 12, '即使孩子犯了错，我也不会因此就认为他（她）是个坏孩子', 0, 9, '', '2023-01-06 11:02:25', '', NULL, NULL);
INSERT INTO psy_gauge_questions (id, gauge_id, title, select_type, `no`, create_by, create_time, update_by, update_time, remark) VALUES(67, 12, '我经常给自己和孩子充裕的时间，避免催促孩子', 0, 10, '', '2023-01-06 11:02:29', '', NULL, NULL);
INSERT INTO psy_gauge_questions (id, gauge_id, title, select_type, `no`, create_by, create_time, update_by, update_time, remark) VALUES(68, 12, '不论孩子发生什么事，我都能以孩子的立场，分析孩子内心的感受', 0, 11, '', '2023-01-06 11:02:37', '', NULL, NULL);
INSERT INTO psy_gauge_questions (id, gauge_id, title, select_type, `no`, create_by, create_time, update_by, update_time, remark) VALUES(69, 12, '亲子间有冲突时，我不认为一定是孩子的错', 0, 12, '', '2023-01-06 11:02:43', '', NULL, NULL);
INSERT INTO psy_gauge_questions (id, gauge_id, title, select_type, `no`, create_by, create_time, update_by, update_time, remark) VALUES(70, 12, '我能给孩子充分的自主空间，决定自己的事', 0, 13, '', '2023-01-06 11:02:47', '', NULL, NULL);
INSERT INTO psy_gauge_questions (id, gauge_id, title, select_type, `no`, create_by, create_time, update_by, update_time, remark) VALUES(71, 12, '我要求孩子做的事情，我自己都能做到', 0, 14, '', '2023-01-06 11:02:52', '', NULL, NULL);
INSERT INTO psy_gauge_questions (id, gauge_id, title, select_type, `no`, create_by, create_time, update_by, update_time, remark) VALUES(72, 12, '我答应孩子的事情，我一定都会履行', 0, 15, '', '2023-01-06 11:02:58', '', NULL, NULL);
INSERT INTO psy_gauge_questions (id, gauge_id, title, select_type, `no`, create_by, create_time, update_by, update_time, remark) VALUES(73, 12, '我与孩子谈话时，我能了解孩子内心真正的感受', 0, 16, '', '2023-01-06 11:03:05', '', NULL, NULL);
INSERT INTO psy_gauge_questions (id, gauge_id, title, select_type, `no`, create_by, create_time, update_by, update_time, remark) VALUES(74, 12, '我了解孩子内心的喜好和厌恶', 0, 17, '', '2023-01-06 11:03:15', '', NULL, NULL);
INSERT INTO psy_gauge_questions (id, gauge_id, title, select_type, `no`, create_by, create_time, update_by, update_time, remark) VALUES(75, 12, '孩子愿意主动的告诉我，他在外面发生的事情和内心感受', 0, 18, '', '2023-01-06 11:03:28', '', NULL, NULL);
INSERT INTO psy_gauge_questions (id, gauge_id, title, select_type, `no`, create_by, create_time, update_by, update_time, remark) VALUES(76, 12, '和孩子谈完话，我甚少批评或指责孩子的想法', 0, 19, '', '2023-01-06 11:03:38', '', NULL, NULL);
INSERT INTO psy_gauge_questions (id, gauge_id, title, select_type, `no`, create_by, create_time, update_by, update_time, remark) VALUES(77, 12, '我满意我目前的家庭和孩子的状况', 0, 20, '', '2023-01-06 11:03:47', '', NULL, NULL);
INSERT INTO psy_gauge_questions (id, gauge_id, title, select_type, `no`, create_by, create_time, update_by, update_time, remark) VALUES(78, 13, '默认问题', 0, 1, 'admin', '2023-01-06 11:29:10', '', NULL, NULL);
INSERT INTO psy_gauge_questions (id, gauge_id, title, select_type, `no`, create_by, create_time, update_by, update_time, remark) VALUES(79, 14, '你骑车闯红灯，被警察叫住；后者知道你急着要赶路，却故意拖延时间，这时你', 0, 1, 'admin', '2023-01-06 14:18:34', '', '2023-01-06 14:19:10', NULL);
INSERT INTO psy_gauge_questions (id, gauge_id, title, select_type, `no`, create_by, create_time, update_by, update_time, remark) VALUES(80, 14, '在朋友的婚礼上，你未料到会被邀请发言，在毫无准备的情况下，你', 0, 2, '', '2023-01-06 14:21:03', '', NULL, NULL);
INSERT INTO psy_gauge_questions (id, gauge_id, title, select_type, `no`, create_by, create_time, update_by, update_time, remark) VALUES(81, 14, '你在餐馆刚用过餐，服务员来结账，你忽然发现身上带的钱不够，此刻，你会', 0, 3, '', '2023-01-06 14:27:20', '', NULL, NULL);
INSERT INTO psy_gauge_questions (id, gauge_id, title, select_type, `no`, create_by, create_time, update_by, update_time, remark) VALUES(82, 14, '假如你乘坐公共汽车时忘了买票，被人查到，你的反应是', 0, 4, '', '2023-01-06 14:28:46', '', NULL, NULL);
INSERT INTO psy_gauge_questions (id, gauge_id, title, select_type, `no`, create_by, create_time, update_by, update_time, remark) VALUES(83, 14, '你独自一人被关在电梯内出不来，你会', 0, 5, '', '2023-01-06 14:30:01', '', NULL, NULL);
INSERT INTO psy_gauge_questions (id, gauge_id, title, select_type, `no`, create_by, create_time, update_by, update_time, remark) VALUES(84, 14, '有人像老朋友似的向你打招呼，但你一点也记不起他(她)是谁，此时你', 0, 6, '', '2023-01-06 14:32:21', '', NULL, NULL);
INSERT INTO psy_gauge_questions (id, gauge_id, title, select_type, `no`, create_by, create_time, update_by, update_time, remark) VALUES(85, 14, '你从超市里走出来，忽然意识到你拿着忘记付款的商品，此时一个很像保安人员的人朝你走过来，你会怎么办', 0, 7, '', '2023-01-06 14:33:19', '', NULL, NULL);
INSERT INTO psy_gauge_questions (id, gauge_id, title, select_type, `no`, create_by, create_time, update_by, update_time, remark) VALUES(86, 14, '假设你从国外回来，行李中携带了超过规定的烟酒数量，海关官员要求你打开提箱检查，这时你会', 0, 8, '', '2023-01-06 14:34:25', '', NULL, NULL);
INSERT INTO psy_gauge_questions (id, gauge_id, title, select_type, `no`, create_by, create_time, update_by, update_time, remark) VALUES(87, 15, '有人说过你的眼睛会说话吗？', 0, 1, 'admin', '2023-01-06 14:37:58', '', '2023-01-06 14:38:42', NULL);
INSERT INTO psy_gauge_questions (id, gauge_id, title, select_type, `no`, create_by, create_time, update_by, update_time, remark) VALUES(88, 15, '你在和别人谈话的时候会接触到别人的身体吗？', 0, 2, '', '2023-01-06 14:39:44', '', NULL, NULL);
INSERT INTO psy_gauge_questions (id, gauge_id, title, select_type, `no`, create_by, create_time, update_by, update_time, remark) VALUES(89, 15, '别人会认为你的生活就像一场party？', 0, 3, '', '2023-01-06 14:39:49', '', NULL, NULL);
INSERT INTO psy_gauge_questions (id, gauge_id, title, select_type, `no`, create_by, create_time, update_by, update_time, remark) VALUES(90, 15, '你的情绪都写在脸上？', 0, 4, '', '2023-01-06 14:39:54', '', NULL, NULL);
INSERT INTO psy_gauge_questions (id, gauge_id, title, select_type, `no`, create_by, create_time, update_by, update_time, remark) VALUES(91, 15, '你被认为是一个精力充沛的人？', 0, 5, '', '2023-01-06 14:40:01', '', NULL, NULL);
INSERT INTO psy_gauge_questions (id, gauge_id, title, select_type, `no`, create_by, create_time, update_by, update_time, remark) VALUES(92, 15, '即使有人在你面前试图掩饰自己的情感，你也能读出来？', 0, 6, '', '2023-01-06 14:40:06', '', NULL, NULL);
INSERT INTO psy_gauge_questions (id, gauge_id, title, select_type, `no`, create_by, create_time, update_by, update_time, remark) VALUES(93, 15, '你是否经常能够感受到别人当时感受到的情感？', 0, 7, '', '2023-01-06 14:40:11', '', NULL, NULL);
INSERT INTO psy_gauge_questions (id, gauge_id, title, select_type, `no`, create_by, create_time, update_by, update_time, remark) VALUES(94, 15, '当你的朋友遇到情感方面的问题时他们都会来找你吗？', 0, 8, '', '2023-01-06 14:40:40', '', NULL, NULL);
INSERT INTO psy_gauge_questions (id, gauge_id, title, select_type, `no`, create_by, create_time, update_by, update_time, remark) VALUES(95, 15, '别人认为你很有同情心？', 0, 9, '', '2023-01-06 14:40:46', '', NULL, NULL);
INSERT INTO psy_gauge_questions (id, gauge_id, title, select_type, `no`, create_by, create_time, update_by, update_time, remark) VALUES(96, 15, '在别人十分沮丧或者兴奋的时候你能让他们冷静下来？', 0, 10, '', '2023-01-06 14:40:50', '', NULL, NULL);
INSERT INTO psy_gauge_questions (id, gauge_id, title, select_type, `no`, create_by, create_time, update_by, update_time, remark) VALUES(97, 15, '如果你想的话，你能轻松地在别人面前隐藏自己的情感？', 0, 11, '', '2023-01-06 14:40:57', '', NULL, NULL);
INSERT INTO psy_gauge_questions (id, gauge_id, title, select_type, `no`, create_by, create_time, update_by, update_time, remark) VALUES(98, 15, '你能表现出符合当时氛围的适当的情感？', 0, 12, '', '2023-01-06 14:41:00', '', NULL, NULL);
INSERT INTO psy_gauge_questions (id, gauge_id, title, select_type, `no`, create_by, create_time, update_by, update_time, remark) VALUES(99, 15, '当周围的人都可能将要失控的时候，你依然能够保持冷静？', 0, 13, '', '2023-01-06 14:41:06', '', NULL, NULL);
INSERT INTO psy_gauge_questions (id, gauge_id, title, select_type, `no`, create_by, create_time, update_by, update_time, remark) VALUES(100, 15, '你认为别人可能真的不知道你内心究竟发生了什么？', 0, 14, '', '2023-01-06 14:41:11', '', NULL, NULL);
INSERT INTO psy_gauge_questions (id, gauge_id, title, select_type, `no`, create_by, create_time, update_by, update_time, remark) VALUES(101, 15, '当别人陷入危机的时候，他们会想起你？', 0, 15, '', '2023-01-06 14:41:16', '', NULL, NULL);
INSERT INTO psy_gauge_questions (id, gauge_id, title, select_type, `no`, create_by, create_time, update_by, update_time, remark) VALUES(102, 15, '你是一个很出色的聆听者？', 0, 16, '', '2023-01-06 14:41:21', '', NULL, NULL);
INSERT INTO psy_gauge_questions (id, gauge_id, title, select_type, `no`, create_by, create_time, update_by, update_time, remark) VALUES(103, 15, '你在社交场合下总是很小心，不让自己陷入窘境？', 0, 17, '', '2023-01-06 14:41:31', '', NULL, NULL);
INSERT INTO psy_gauge_questions (id, gauge_id, title, select_type, `no`, create_by, create_time, update_by, update_time, remark) VALUES(104, 15, '你知道很多社交礼仪？', 0, 18, '', '2023-01-06 14:41:38', '', NULL, NULL);
INSERT INTO psy_gauge_questions (id, gauge_id, title, select_type, `no`, create_by, create_time, update_by, update_time, remark) VALUES(105, 15, '你所说的每一句话都是经过再三考量的？', 0, 19, '', '2023-01-06 14:41:50', '', NULL, NULL);
INSERT INTO psy_gauge_questions (id, gauge_id, title, select_type, `no`, create_by, create_time, update_by, update_time, remark) VALUES(106, 15, '你会观察周围人的一举一动？', 0, 20, '', '2023-01-06 14:41:58', '', NULL, NULL);
INSERT INTO psy_gauge_questions (id, gauge_id, title, select_type, `no`, create_by, create_time, update_by, update_time, remark) VALUES(107, 15, '别人认为你是一个泰然自若充满自信的人？', 0, 21, '', '2023-01-06 14:42:09', '', NULL, NULL);
INSERT INTO psy_gauge_questions (id, gauge_id, title, select_type, `no`, create_by, create_time, update_by, update_time, remark) VALUES(108, 15, '在社交场合你很少感到心慌或者尴尬？', 0, 22, '', '2023-01-06 14:42:17', '', NULL, NULL);
INSERT INTO psy_gauge_questions (id, gauge_id, title, select_type, `no`, create_by, create_time, update_by, update_time, remark) VALUES(109, 15, '你能够和不同类型的人和睦相处？', 0, 23, '', '2023-01-06 14:42:23', '', NULL, NULL);
INSERT INTO psy_gauge_questions (id, gauge_id, title, select_type, `no`, create_by, create_time, update_by, update_time, remark) VALUES(110, 15, '你能够放心地和陌生人去交谈？', 0, 24, '', '2023-01-06 14:42:29', '', NULL, NULL);
INSERT INTO psy_gauge_questions (id, gauge_id, title, select_type, `no`, create_by, create_time, update_by, update_time, remark) VALUES(111, 15, '你经常会被推选为一个小组的代言人或者领导？', 0, 25, '', '2023-01-06 14:42:37', '', NULL, NULL);
INSERT INTO psy_gauge_questions (id, gauge_id, title, select_type, `no`, create_by, create_time, update_by, update_time, remark) VALUES(112, 16, '若有块地是养老用的房子，你会盖在哪？', 0, 1, 'admin', '2023-01-06 15:01:26', '', '2023-01-06 15:01:57', NULL);
INSERT INTO psy_gauge_questions (id, gauge_id, title, select_type, `no`, create_by, create_time, update_by, update_time, remark) VALUES(113, 16, '吃西餐最先动那一道？', 0, 2, '', '2023-01-06 15:02:57', '', NULL, NULL);
INSERT INTO psy_gauge_questions (id, gauge_id, title, select_type, `no`, create_by, create_time, update_by, update_time, remark) VALUES(114, 16, '如果节庆要喝点饮料，你认为如何搭配最适当呢？', 0, 3, '', '2023-01-06 15:04:13', '', NULL, NULL);
INSERT INTO psy_gauge_questions (id, gauge_id, title, select_type, `no`, create_by, create_time, update_by, update_time, remark) VALUES(115, 16, '你通常什么时候洗澡？', 0, 4, '', '2023-01-06 15:05:34', '', NULL, NULL);
INSERT INTO psy_gauge_questions (id, gauge_id, title, select_type, `no`, create_by, create_time, update_by, update_time, remark) VALUES(116, 16, '如果你可以化为天空的一隅，希望自己成为什么呢？', 0, 5, '', '2023-01-06 15:07:18', '', NULL, NULL);
INSERT INTO psy_gauge_questions (id, gauge_id, title, select_type, `no`, create_by, create_time, update_by, update_time, remark) VALUES(117, 16, '你觉得用红色笔写的［爱］字比用绿色笔更能代表真爱吗？', 0, 6, '', '2023-01-06 15:08:35', '', NULL, NULL);
INSERT INTO psy_gauge_questions (id, gauge_id, title, select_type, `no`, create_by, create_time, update_by, update_time, remark) VALUES(118, 16, '如果你在选择窗帘的颜色，你会选择。。。？', 0, 7, '', '2023-01-06 15:13:12', '', NULL, NULL);
INSERT INTO psy_gauge_questions (id, gauge_id, title, select_type, `no`, create_by, create_time, update_by, update_time, remark) VALUES(119, 16, '挑选一种你最喜爱的水果吧！', 0, 8, '', '2023-01-06 15:15:06', '', NULL, NULL);
INSERT INTO psy_gauge_questions (id, gauge_id, title, select_type, `no`, create_by, create_time, update_by, update_time, remark) VALUES(120, 16, '若你是动物，你希望身上搭配什么颜色的毛？', 0, 9, '', '2023-01-06 15:29:10', '', NULL, NULL);
INSERT INTO psy_gauge_questions (id, gauge_id, title, select_type, `no`, create_by, create_time, update_by, update_time, remark) VALUES(121, 16, '你会为名利权位，刻意讨好上司或朋友吗？', 0, 10, '', '2023-01-06 15:30:24', '', NULL, NULL);
INSERT INTO psy_gauge_questions (id, gauge_id, title, select_type, `no`, create_by, create_time, update_by, update_time, remark) VALUES(122, 16, '你认为朋友比家人更重要吗？', 0, 11, '', '2023-01-06 15:30:59', '', NULL, NULL);
INSERT INTO psy_gauge_questions (id, gauge_id, title, select_type, `no`, create_by, create_time, update_by, update_time, remark) VALUES(123, 16, '若你是只白蝴蝶，会停在那一种颜色的花上咧？', 0, 12, '', '2023-01-06 15:33:55', '', NULL, NULL);
INSERT INTO psy_gauge_questions (id, gauge_id, title, select_type, `no`, create_by, create_time, update_by, update_time, remark) VALUES(124, 16, '假日无聊时，你会选择什么电视节目来看？', 0, 13, '', '2023-01-06 15:36:00', '', '2023-01-06 15:39:20', NULL);
INSERT INTO psy_gauge_questions (id, gauge_id, title, select_type, `no`, create_by, create_time, update_by, update_time, remark) VALUES(125, 17, '我相信自己在生活中能获得成功', 0, 1, 'admin', '2023-01-06 15:45:43', '', '2023-01-06 15:46:16', NULL);
INSERT INTO psy_gauge_questions (id, gauge_id, title, select_type, `no`, create_by, create_time, update_by, update_time, remark) VALUES(126, 17, '我经常感到情绪低落', 0, 2, '', '2023-01-06 15:47:31', '', NULL, NULL);
INSERT INTO psy_gauge_questions (id, gauge_id, title, select_type, `no`, create_by, create_time, update_by, update_time, remark) VALUES(127, 17, '失败时，我感觉自己很没用', 0, 3, '', '2023-01-06 15:47:36', '', NULL, NULL);
INSERT INTO psy_gauge_questions (id, gauge_id, title, select_type, `no`, create_by, create_time, update_by, update_time, remark) VALUES(128, 17, '我能成功得完成各项任务', 0, 4, '', '2023-01-06 15:47:39', '', NULL, NULL);
INSERT INTO psy_gauge_questions (id, gauge_id, title, select_type, `no`, create_by, create_time, update_by, update_time, remark) VALUES(129, 17, '我觉得自己对工作（学习）没有把握', 0, 5, '', '2023-01-06 15:47:43', '', NULL, NULL);
INSERT INTO psy_gauge_questions (id, gauge_id, title, select_type, `no`, create_by, create_time, update_by, update_time, remark) VALUES(130, 17, '总的来说，我对自己满意', 0, 6, '', '2023-01-06 15:47:47', '', NULL, NULL);
INSERT INTO psy_gauge_questions (id, gauge_id, title, select_type, `no`, create_by, create_time, update_by, update_time, remark) VALUES(131, 17, '我怀疑自己的能力', 0, 7, '', '2023-01-06 15:47:51', '', NULL, NULL);
INSERT INTO psy_gauge_questions (id, gauge_id, title, select_type, `no`, create_by, create_time, update_by, update_time, remark) VALUES(132, 17, '我觉得自己对事业上的成功没有把握', 0, 8, '', '2023-01-06 15:47:55', '', NULL, NULL);
INSERT INTO psy_gauge_questions (id, gauge_id, title, select_type, `no`, create_by, create_time, update_by, update_time, remark) VALUES(133, 17, '我有能力处理自己的大多数问题', 0, 9, '', '2023-01-06 15:47:59', '', NULL, NULL);
INSERT INTO psy_gauge_questions (id, gauge_id, title, select_type, `no`, create_by, create_time, update_by, update_time, remark) VALUES(134, 17, '很多事情我都觉得很糟糕、没有希望', 0, 10, '', '2023-01-06 15:48:03', '', NULL, NULL);
INSERT INTO psy_gauge_questions (id, gauge_id, title, select_type, `no`, create_by, create_time, update_by, update_time, remark) VALUES(135, 18, '大体上对自己感到满意', 0, 1, 'admin', '2023-01-06 16:05:19', '', '2023-01-06 16:07:05', NULL);
INSERT INTO psy_gauge_questions (id, gauge_id, title, select_type, `no`, create_by, create_time, update_by, update_time, remark) VALUES(136, 18, '有时感觉自己非常无能', 0, 2, '', '2023-01-06 16:07:43', '', NULL, NULL);
INSERT INTO psy_gauge_questions (id, gauge_id, title, select_type, `no`, create_by, create_time, update_by, update_time, remark) VALUES(137, 18, '觉得自己有很多优点
', 0, 3, '', '2023-01-06 16:07:49', '', '2023-01-06 16:09:53', NULL);
INSERT INTO psy_gauge_questions (id, gauge_id, title, select_type, `no`, create_by, create_time, update_by, update_time, remark) VALUES(138, 18, '一般的人能做好的事，自己也能做好
', 0, 4, '', '2023-01-06 16:07:56', '', '2023-01-06 16:10:02', NULL);
INSERT INTO psy_gauge_questions (id, gauge_id, title, select_type, `no`, create_by, create_time, update_by, update_time, remark) VALUES(139, 18, '觉得自己没有值得骄傲的地方', 0, 5, '', '2023-01-06 16:08:03', '', '2023-01-06 16:09:31', NULL);
INSERT INTO psy_gauge_questions (id, gauge_id, title, select_type, `no`, create_by, create_time, update_by, update_time, remark) VALUES(140, 18, '有时感觉自己毫无作为', 0, 6, '', '2023-01-06 16:08:09', '', '2023-01-06 16:09:17', NULL);
INSERT INTO psy_gauge_questions (id, gauge_id, title, select_type, `no`, create_by, create_time, update_by, update_time, remark) VALUES(141, 18, '觉得自己至少要有与别人相同程度的价值', 0, 7, '', '2023-01-06 16:10:41', '', NULL, NULL);
INSERT INTO psy_gauge_questions (id, gauge_id, title, select_type, `no`, create_by, create_time, update_by, update_time, remark) VALUES(142, 18, '觉得自己要能更尊重自己一点就好了', 0, 8, '', '2023-01-06 16:10:46', '', NULL, NULL);
INSERT INTO psy_gauge_questions (id, gauge_id, title, select_type, `no`, create_by, create_time, update_by, update_time, remark) VALUES(143, 18, '觉得自己好像无论做任何事都做不好', 0, 9, '', '2023-01-06 16:10:50', '', NULL, NULL);
INSERT INTO psy_gauge_questions (id, gauge_id, title, select_type, `no`, create_by, create_time, update_by, update_time, remark) VALUES(144, 18, '所有的事都会往好的方面着想', 0, 10, '', '2023-01-06 16:10:54', '', NULL, NULL);
INSERT INTO psy_gauge_questions (id, gauge_id, title, select_type, `no`, create_by, create_time, update_by, update_time, remark) VALUES(145, 19, '我不喜欢配偶的性格和个人习惯', 0, 1, 'admin', '2023-01-06 16:36:08', '', '2023-01-06 16:38:58', NULL);
INSERT INTO psy_gauge_questions (id, gauge_id, title, select_type, `no`, create_by, create_time, update_by, update_time, remark) VALUES(146, 19, '我非常满意伴侣双方在婚姻中承担的责任', 0, 2, '', '2023-01-06 16:42:10', '', NULL, NULL);
INSERT INTO psy_gauge_questions (id, gauge_id, title, select_type, `no`, create_by, create_time, update_by, update_time, remark) VALUES(147, 19, '我不满意伴侣间的交流，我配偶并不理解我', 0, 3, '', '2023-01-06 16:42:15', '', NULL, NULL);
INSERT INTO psy_gauge_questions (id, gauge_id, title, select_type, `no`, create_by, create_time, update_by, update_time, remark) VALUES(148, 19, '我非常满意我们作决定和解决冲突的方式', 0, 4, '', '2023-01-06 16:42:19', '', NULL, NULL);
INSERT INTO psy_gauge_questions (id, gauge_id, title, select_type, `no`, create_by, create_time, update_by, update_time, remark) VALUES(149, 19, '我不满意我们的经济地位和决定经济事务的方法', 0, 5, '', '2023-01-06 16:42:23', '', NULL, NULL);
INSERT INTO psy_gauge_questions (id, gauge_id, title, select_type, `no`, create_by, create_time, update_by, update_time, remark) VALUES(150, 19, '我非常满意我们的业余活动和伴侣一起度过的时间', 0, 6, '', '2023-01-06 16:42:26', '', NULL, NULL);
INSERT INTO psy_gauge_questions (id, gauge_id, title, select_type, `no`, create_by, create_time, update_by, update_time, remark) VALUES(151, 19, '对于我们伴侣之间怎样表达情感与性有关的事，我很满意', 0, 7, '', '2023-01-06 16:42:30', '', NULL, NULL);
INSERT INTO psy_gauge_questions (id, gauge_id, title, select_type, `no`, create_by, create_time, update_by, update_time, remark) VALUES(152, 19, '对于承担做父母的责任分工上，我不满意', 0, 8, '', '2023-01-06 16:42:34', '', NULL, NULL);
INSERT INTO psy_gauge_questions (id, gauge_id, title, select_type, `no`, create_by, create_time, update_by, update_time, remark) VALUES(153, 19, '我们不满意我们与双方父母、朋友的关系', 0, 9, '', '2023-01-06 16:42:40', '', NULL, NULL);
INSERT INTO psy_gauge_questions (id, gauge_id, title, select_type, `no`, create_by, create_time, update_by, update_time, remark) VALUES(154, 19, '对于我们的传统文化观念与价值观，我觉得很好', 0, 10, '', '2023-01-06 16:42:44', '', NULL, NULL);
INSERT INTO psy_gauge_questions (id, gauge_id, title, select_type, `no`, create_by, create_time, update_by, update_time, remark) VALUES(155, 20, '不到最后期限不交活', 0, 1, 'admin', '2023-01-06 17:28:50', '', '2023-01-06 17:29:49', NULL);
INSERT INTO psy_gauge_questions (id, gauge_id, title, select_type, `no`, create_by, create_time, update_by, update_time, remark) VALUES(156, 20, '上班时间总在网上瞎逛，快到下班才开始忙工作', 0, 2, '', '2023-01-06 17:30:24', '', NULL, NULL);
INSERT INTO psy_gauge_questions (id, gauge_id, title, select_type, `no`, create_by, create_time, update_by, update_time, remark) VALUES(157, 20, '没工作计划，不懂时间管理', 0, 3, '', '2023-01-06 17:30:27', '', NULL, NULL);
INSERT INTO psy_gauge_questions (id, gauge_id, title, select_type, `no`, create_by, create_time, update_by, update_time, remark) VALUES(158, 20, '总是“伪加班”，白天可做完的事，总是拖到下班后加班做', 0, 4, '', '2023-01-06 17:30:30', '', NULL, NULL);
INSERT INTO psy_gauge_questions (id, gauge_id, title, select_type, `no`, create_by, create_time, update_by, update_time, remark) VALUES(159, 20, '总是认为时间还有，不急', 0, 5, '', '2023-01-06 17:30:35', '', NULL, NULL);
INSERT INTO psy_gauge_questions (id, gauge_id, title, select_type, `no`, create_by, create_time, update_by, update_time, remark) VALUES(160, 20, '懒散，日复一日，总想着明天再做', 0, 6, '', '2023-01-06 17:30:39', '', NULL, NULL);
INSERT INTO psy_gauge_questions (id, gauge_id, title, select_type, `no`, create_by, create_time, update_by, update_time, remark) VALUES(161, 20, '每当别人询问工作进展时，经常说“让我再看看”', 0, 7, '', '2023-01-06 17:30:43', '', NULL, NULL);
INSERT INTO psy_gauge_questions (id, gauge_id, title, select_type, `no`, create_by, create_time, update_by, update_time, remark) VALUES(162, 20, '办公室里零食一大堆，上班时间经常吃零食', 0, 8, '', '2023-01-06 17:30:51', '', NULL, NULL);
INSERT INTO psy_gauge_questions (id, gauge_id, title, select_type, `no`, create_by, create_time, update_by, update_time, remark) VALUES(163, 20, '要做事时，脑子里能冒出各种理由：现在先做别的事，这个稍后', 0, 9, '', '2023-01-06 17:30:56', '', NULL, NULL);
INSERT INTO psy_gauge_questions (id, gauge_id, title, select_type, `no`, create_by, create_time, update_by, update_time, remark) VALUES(164, 20, '自我麻痹：还来得及，不行就通宵赶工', 0, 10, '', '2023-01-06 17:30:59', '', NULL, NULL);
INSERT INTO psy_gauge_questions (id, gauge_id, title, select_type, `no`, create_by, create_time, update_by, update_time, remark) VALUES(165, 20, '处理问题不分主次，忙了半天，最紧要的事没做', 0, 11, '', '2023-01-06 17:31:02', '', NULL, NULL);
INSERT INTO psy_gauge_questions (id, gauge_id, title, select_type, `no`, create_by, create_time, update_by, update_time, remark) VALUES(166, 20, '经常因为时间过于紧迫，草草交差', 0, 12, '', '2023-01-06 17:31:07', '', NULL, NULL);
INSERT INTO psy_gauge_questions (id, gauge_id, title, select_type, `no`, create_by, create_time, update_by, update_time, remark) VALUES(167, 20, '厚脸皮，别人怎么催，也定力十足，习以为常了', 0, 13, '', '2023-01-06 17:31:12', '', NULL, NULL);
INSERT INTO psy_gauge_questions (id, gauge_id, title, select_type, `no`, create_by, create_time, update_by, update_time, remark) VALUES(168, 20, '从不主动汇报工作', 0, 14, '', '2023-01-06 17:31:17', '', NULL, NULL);
INSERT INTO psy_gauge_questions (id, gauge_id, title, select_type, `no`, create_by, create_time, update_by, update_time, remark) VALUES(169, 20, '团队合作时，别人都面露难色，不愿和你合作', 0, 15, '', '2023-01-06 17:31:23', '', NULL, NULL);




INSERT INTO psy_gauge_questions_options (id, gauge_questions_id, name, value, img_url, `type`, sort) VALUES(36, 13, '不是', 4, NULL, NULL, 4);
INSERT INTO psy_gauge_questions_options (id, gauge_questions_id, name, value, img_url, `type`, sort) VALUES(37, 13, '不知道', 3, NULL, NULL, 2);
INSERT INTO psy_gauge_questions_options (id, gauge_questions_id, name, value, img_url, `type`, sort) VALUES(38, 13, '有一两个朋友是的', 2, NULL, NULL, 1);
INSERT INTO psy_gauge_questions_options (id, gauge_questions_id, name, value, img_url, `type`, sort) VALUES(39, 13, '是的', 1, NULL, NULL, 3);
INSERT INTO psy_gauge_questions_options (id, gauge_questions_id, name, value, img_url, `type`, sort) VALUES(40, 14, '决定留着减肥后穿', 3, NULL, NULL, 2);
INSERT INTO psy_gauge_questions_options (id, gauge_questions_id, name, value, img_url, `type`, sort) VALUES(41, 14, '换一件', 4, NULL, NULL, 1);
INSERT INTO psy_gauge_questions_options (id, gauge_questions_id, name, value, img_url, `type`, sort) VALUES(42, 14, '送给能穿的朋友', 1, NULL, NULL, 4);
INSERT INTO psy_gauge_questions_options (id, gauge_questions_id, name, value, img_url, `type`, sort) VALUES(43, 14, '不换不退放着好了', 2, NULL, NULL, 3);
INSERT INTO psy_gauge_questions_options (id, gauge_questions_id, name, value, img_url, `type`, sort) VALUES(44, 15, '不会', 1, NULL, NULL, 5);
INSERT INTO psy_gauge_questions_options (id, gauge_questions_id, name, value, img_url, `type`, sort) VALUES(45, 15, '要看当时的情况', 2, NULL, NULL, 2);
INSERT INTO psy_gauge_questions_options (id, gauge_questions_id, name, value, img_url, `type`, sort) VALUES(46, 15, '会，一定会记得', 4, NULL, NULL, NULL);
INSERT INTO psy_gauge_questions_options (id, gauge_questions_id, name, value, img_url, `type`, sort) VALUES(47, 15, '愿意这样做，只是常常不记得', 3, NULL, NULL, NULL);
INSERT INTO psy_gauge_questions_options (id, gauge_questions_id, name, value, img_url, `type`, sort) VALUES(48, 16, '停下手上的工作，跟朋友先聊天', 1, NULL, NULL, 5);
INSERT INTO psy_gauge_questions_options (id, gauge_questions_id, name, value, img_url, `type`, sort) VALUES(49, 16, '一边忙一边聊天', 2, NULL, NULL, 2);
INSERT INTO psy_gauge_questions_options (id, gauge_questions_id, name, value, img_url, `type`, sort) VALUES(50, 16, '直接告诉对方自己忙', 4, NULL, NULL, NULL);
INSERT INTO psy_gauge_questions_options (id, gauge_questions_id, name, value, img_url, `type`, sort) VALUES(51, 16, '说等会再打给对方', 3, NULL, NULL, NULL);
INSERT INTO psy_gauge_questions_options (id, gauge_questions_id, name, value, img_url, `type`, sort) VALUES(52, 17, '飞鸟', 1, NULL, NULL, 5);
INSERT INTO psy_gauge_questions_options (id, gauge_questions_id, name, value, img_url, `type`, sort) VALUES(53, 17, '彩虹', 2, NULL, NULL, 2);
INSERT INTO psy_gauge_questions_options (id, gauge_questions_id, name, value, img_url, `type`, sort) VALUES(54, 17, '天使', 4, NULL, NULL, NULL);
INSERT INTO psy_gauge_questions_options (id, gauge_questions_id, name, value, img_url, `type`, sort) VALUES(55, 17, '太阳', 3, NULL, NULL, NULL);
INSERT INTO psy_gauge_questions_options (id, gauge_questions_id, name, value, img_url, `type`, sort) VALUES(57, 18, '粉蓝色', 1, NULL, NULL, 2);
INSERT INTO psy_gauge_questions_options (id, gauge_questions_id, name, value, img_url, `type`, sort) VALUES(58, 18, '粉红色', 4, NULL, NULL, NULL);
INSERT INTO psy_gauge_questions_options (id, gauge_questions_id, name, value, img_url, `type`, sort) VALUES(59, 18, '粉紫色', 3, NULL, NULL, NULL);
INSERT INTO psy_gauge_questions_options (id, gauge_questions_id, name, value, img_url, `type`, sort) VALUES(60, 18, '粉绿色', 2, NULL, NULL, NULL);
INSERT INTO psy_gauge_questions_options (id, gauge_questions_id, name, value, img_url, `type`, sort) VALUES(61, 19, '每次都会', 1, NULL, NULL, 5);
INSERT INTO psy_gauge_questions_options (id, gauge_questions_id, name, value, img_url, `type`, sort) VALUES(62, 19, '买的次数比较多', 2, NULL, NULL, 2);
INSERT INTO psy_gauge_questions_options (id, gauge_questions_id, name, value, img_url, `type`, sort) VALUES(63, 19, '不会', 4, NULL, NULL, NULL);
INSERT INTO psy_gauge_questions_options (id, gauge_questions_id, name, value, img_url, `type`, sort) VALUES(64, 19, '很少会买', 3, NULL, NULL, NULL);
INSERT INTO psy_gauge_questions_options (id, gauge_questions_id, name, value, img_url, `type`, sort) VALUES(65, 20, '一定会', 1, NULL, NULL, 5);
INSERT INTO psy_gauge_questions_options (id, gauge_questions_id, name, value, img_url, `type`, sort) VALUES(66, 20, '如果很远就算了', 2, NULL, NULL, 2);
INSERT INTO psy_gauge_questions_options (id, gauge_questions_id, name, value, img_url, `type`, sort) VALUES(67, 20, '不会，太麻烦了', 4, NULL, NULL, NULL);
INSERT INTO psy_gauge_questions_options (id, gauge_questions_id, name, value, img_url, `type`, sort) VALUES(68, 20, '如果东西不贵就算了', 3, NULL, NULL, NULL);
INSERT INTO psy_gauge_questions_options (id, gauge_questions_id, name, value, img_url, `type`, sort) VALUES(69, 21, '假装潇洒的同意', 1, NULL, NULL, 5);
INSERT INTO psy_gauge_questions_options (id, gauge_questions_id, name, value, img_url, `type`, sort) VALUES(70, 21, '会有所挽留，但不会勉强', 2, NULL, NULL, 2);
INSERT INTO psy_gauge_questions_options (id, gauge_questions_id, name, value, img_url, `type`, sort) VALUES(71, 21, '会歇斯底里的不同意', 4, NULL, NULL, NULL);
INSERT INTO psy_gauge_questions_options (id, gauge_questions_id, name, value, img_url, `type`, sort) VALUES(72, 21, '会尽力挽留，分手需要一个适应期', 3, NULL, NULL, NULL);
INSERT INTO psy_gauge_questions_options (id, gauge_questions_id, name, value, img_url, `type`, sort) VALUES(73, 22, '长颈鹿', 1, NULL, NULL, 5);
INSERT INTO psy_gauge_questions_options (id, gauge_questions_id, name, value, img_url, `type`, sort) VALUES(74, 22, '老胡', 2, NULL, NULL, 2);
INSERT INTO psy_gauge_questions_options (id, gauge_questions_id, name, value, img_url, `type`, sort) VALUES(75, 22, '海豚', 4, NULL, NULL, NULL);
INSERT INTO psy_gauge_questions_options (id, gauge_questions_id, name, value, img_url, `type`, sort) VALUES(76, 22, '熊猫', 3, NULL, NULL, NULL);
INSERT INTO psy_gauge_questions_options (id, gauge_questions_id, name, value, img_url, `type`, sort) VALUES(151, 41, '总是如此', 1, NULL, NULL, 1);
INSERT INTO psy_gauge_questions_options (id, gauge_questions_id, name, value, img_url, `type`, sort) VALUES(152, 41, '多数如此', 2, NULL, NULL, 1);
INSERT INTO psy_gauge_questions_options (id, gauge_questions_id, name, value, img_url, `type`, sort) VALUES(157, 41, '有时如此', 3, NULL, NULL, 3);
INSERT INTO psy_gauge_questions_options (id, gauge_questions_id, name, value, img_url, `type`, sort) VALUES(158, 41, '从未如此', 4, NULL, NULL, 4);
INSERT INTO psy_gauge_questions_options (id, gauge_questions_id, name, value, img_url, `type`, sort) VALUES(159, 44, '总是如此', 1, NULL, NULL, 1);
INSERT INTO psy_gauge_questions_options (id, gauge_questions_id, name, value, img_url, `type`, sort) VALUES(160, 44, '多数如此', 2, NULL, NULL, 2);
INSERT INTO psy_gauge_questions_options (id, gauge_questions_id, name, value, img_url, `type`, sort) VALUES(161, 44, '有时如此', 3, NULL, NULL, 3);
INSERT INTO psy_gauge_questions_options (id, gauge_questions_id, name, value, img_url, `type`, sort) VALUES(162, 44, '从未如此', 4, NULL, NULL, 4);
INSERT INTO psy_gauge_questions_options (id, gauge_questions_id, name, value, img_url, `type`, sort) VALUES(163, 45, '总是如此', 1, NULL, NULL, 1);
INSERT INTO psy_gauge_questions_options (id, gauge_questions_id, name, value, img_url, `type`, sort) VALUES(164, 45, '多数如此', 2, NULL, NULL, 2);
INSERT INTO psy_gauge_questions_options (id, gauge_questions_id, name, value, img_url, `type`, sort) VALUES(165, 45, '有时如此', 3, NULL, NULL, 3);
INSERT INTO psy_gauge_questions_options (id, gauge_questions_id, name, value, img_url, `type`, sort) VALUES(166, 45, '从未如此', 4, NULL, NULL, 4);
INSERT INTO psy_gauge_questions_options (id, gauge_questions_id, name, value, img_url, `type`, sort) VALUES(167, 46, '总是如此', 1, NULL, NULL, 1);
INSERT INTO psy_gauge_questions_options (id, gauge_questions_id, name, value, img_url, `type`, sort) VALUES(168, 46, '多数如此', 2, NULL, NULL, 2);
INSERT INTO psy_gauge_questions_options (id, gauge_questions_id, name, value, img_url, `type`, sort) VALUES(169, 46, '有时如此', 3, NULL, NULL, 3);
INSERT INTO psy_gauge_questions_options (id, gauge_questions_id, name, value, img_url, `type`, sort) VALUES(170, 46, '从未如此', 4, NULL, NULL, 4);
INSERT INTO psy_gauge_questions_options (id, gauge_questions_id, name, value, img_url, `type`, sort) VALUES(171, 47, '总是如此', 1, NULL, NULL, 1);
INSERT INTO psy_gauge_questions_options (id, gauge_questions_id, name, value, img_url, `type`, sort) VALUES(172, 47, '多数如此', 2, NULL, NULL, 2);
INSERT INTO psy_gauge_questions_options (id, gauge_questions_id, name, value, img_url, `type`, sort) VALUES(173, 47, '有时如此', 3, NULL, NULL, 3);
INSERT INTO psy_gauge_questions_options (id, gauge_questions_id, name, value, img_url, `type`, sort) VALUES(174, 47, '从未如此', 4, NULL, NULL, 4);
INSERT INTO psy_gauge_questions_options (id, gauge_questions_id, name, value, img_url, `type`, sort) VALUES(175, 48, '总是如此', 1, NULL, NULL, 1);
INSERT INTO psy_gauge_questions_options (id, gauge_questions_id, name, value, img_url, `type`, sort) VALUES(176, 48, '多数如此', 2, NULL, NULL, 2);
INSERT INTO psy_gauge_questions_options (id, gauge_questions_id, name, value, img_url, `type`, sort) VALUES(177, 48, '有时如此', 3, NULL, NULL, 3);
INSERT INTO psy_gauge_questions_options (id, gauge_questions_id, name, value, img_url, `type`, sort) VALUES(178, 48, '从未如此', 4, NULL, NULL, 4);
INSERT INTO psy_gauge_questions_options (id, gauge_questions_id, name, value, img_url, `type`, sort) VALUES(179, 49, '总是如此', 1, NULL, NULL, 1);
INSERT INTO psy_gauge_questions_options (id, gauge_questions_id, name, value, img_url, `type`, sort) VALUES(180, 49, '多数如此', 2, NULL, NULL, 2);
INSERT INTO psy_gauge_questions_options (id, gauge_questions_id, name, value, img_url, `type`, sort) VALUES(181, 49, '有时如此', 3, NULL, NULL, 3);
INSERT INTO psy_gauge_questions_options (id, gauge_questions_id, name, value, img_url, `type`, sort) VALUES(182, 49, '从未如此', 4, NULL, NULL, 4);
INSERT INTO psy_gauge_questions_options (id, gauge_questions_id, name, value, img_url, `type`, sort) VALUES(183, 50, '总是如此', 1, NULL, NULL, 1);
INSERT INTO psy_gauge_questions_options (id, gauge_questions_id, name, value, img_url, `type`, sort) VALUES(184, 50, '多数如此', 2, NULL, NULL, 2);
INSERT INTO psy_gauge_questions_options (id, gauge_questions_id, name, value, img_url, `type`, sort) VALUES(185, 50, '有时如此', 3, NULL, NULL, 3);
INSERT INTO psy_gauge_questions_options (id, gauge_questions_id, name, value, img_url, `type`, sort) VALUES(186, 50, '从未如此', 4, NULL, NULL, 4);
INSERT INTO psy_gauge_questions_options (id, gauge_questions_id, name, value, img_url, `type`, sort) VALUES(187, 51, '总是如此', 1, NULL, NULL, 1);
INSERT INTO psy_gauge_questions_options (id, gauge_questions_id, name, value, img_url, `type`, sort) VALUES(188, 51, '多数如此', 2, NULL, NULL, 2);
INSERT INTO psy_gauge_questions_options (id, gauge_questions_id, name, value, img_url, `type`, sort) VALUES(189, 51, '有时如此', 3, NULL, NULL, 3);
INSERT INTO psy_gauge_questions_options (id, gauge_questions_id, name, value, img_url, `type`, sort) VALUES(190, 51, '从未如此', 4, NULL, NULL, 4);
INSERT INTO psy_gauge_questions_options (id, gauge_questions_id, name, value, img_url, `type`, sort) VALUES(191, 52, '总是如此', 1, NULL, NULL, 1);
INSERT INTO psy_gauge_questions_options (id, gauge_questions_id, name, value, img_url, `type`, sort) VALUES(192, 52, '多数如此', 2, NULL, NULL, 2);
INSERT INTO psy_gauge_questions_options (id, gauge_questions_id, name, value, img_url, `type`, sort) VALUES(193, 52, '有时如此', 3, NULL, NULL, 3);
INSERT INTO psy_gauge_questions_options (id, gauge_questions_id, name, value, img_url, `type`, sort) VALUES(194, 52, '从未如此', 4, NULL, NULL, 4);
INSERT INTO psy_gauge_questions_options (id, gauge_questions_id, name, value, img_url, `type`, sort) VALUES(195, 53, '总是如此', 1, NULL, NULL, 1);
INSERT INTO psy_gauge_questions_options (id, gauge_questions_id, name, value, img_url, `type`, sort) VALUES(196, 53, '多数如此', 2, NULL, NULL, 2);
INSERT INTO psy_gauge_questions_options (id, gauge_questions_id, name, value, img_url, `type`, sort) VALUES(197, 53, '有时如此', 3, NULL, NULL, 3);
INSERT INTO psy_gauge_questions_options (id, gauge_questions_id, name, value, img_url, `type`, sort) VALUES(198, 53, '从未如此', 4, NULL, NULL, 4);
INSERT INTO psy_gauge_questions_options (id, gauge_questions_id, name, value, img_url, `type`, sort) VALUES(199, 54, '总是如此', 1, NULL, NULL, 1);
INSERT INTO psy_gauge_questions_options (id, gauge_questions_id, name, value, img_url, `type`, sort) VALUES(200, 54, '多数如此', 2, NULL, NULL, 2);
INSERT INTO psy_gauge_questions_options (id, gauge_questions_id, name, value, img_url, `type`, sort) VALUES(201, 54, '有时如此', 3, NULL, NULL, 3);
INSERT INTO psy_gauge_questions_options (id, gauge_questions_id, name, value, img_url, `type`, sort) VALUES(202, 54, '从未如此', 4, NULL, NULL, 4);
INSERT INTO psy_gauge_questions_options (id, gauge_questions_id, name, value, img_url, `type`, sort) VALUES(203, 55, '总是如此', 1, NULL, NULL, 1);
INSERT INTO psy_gauge_questions_options (id, gauge_questions_id, name, value, img_url, `type`, sort) VALUES(204, 55, '多数如此', 2, NULL, NULL, 2);
INSERT INTO psy_gauge_questions_options (id, gauge_questions_id, name, value, img_url, `type`, sort) VALUES(205, 55, '有时如此', 3, NULL, NULL, 3);
INSERT INTO psy_gauge_questions_options (id, gauge_questions_id, name, value, img_url, `type`, sort) VALUES(206, 55, '从未如此', 4, NULL, NULL, 4);
INSERT INTO psy_gauge_questions_options (id, gauge_questions_id, name, value, img_url, `type`, sort) VALUES(207, 58, '很不符合', 1, NULL, NULL, 1);
INSERT INTO psy_gauge_questions_options (id, gauge_questions_id, name, value, img_url, `type`, sort) VALUES(208, 58, '不符合', 2, NULL, NULL, 2);
INSERT INTO psy_gauge_questions_options (id, gauge_questions_id, name, value, img_url, `type`, sort) VALUES(212, 58, '一般', 3, NULL, NULL, 3);
INSERT INTO psy_gauge_questions_options (id, gauge_questions_id, name, value, img_url, `type`, sort) VALUES(213, 58, '符合', 4, NULL, NULL, 4);
INSERT INTO psy_gauge_questions_options (id, gauge_questions_id, name, value, img_url, `type`, sort) VALUES(214, 58, '非常符合', 5, NULL, NULL, 5);
INSERT INTO psy_gauge_questions_options (id, gauge_questions_id, name, value, img_url, `type`, sort) VALUES(215, 59, '很不符合', 1, NULL, NULL, 1);
INSERT INTO psy_gauge_questions_options (id, gauge_questions_id, name, value, img_url, `type`, sort) VALUES(216, 59, '不符合', 2, NULL, NULL, 2);
INSERT INTO psy_gauge_questions_options (id, gauge_questions_id, name, value, img_url, `type`, sort) VALUES(217, 59, '一般', 3, NULL, NULL, 3);
INSERT INTO psy_gauge_questions_options (id, gauge_questions_id, name, value, img_url, `type`, sort) VALUES(218, 59, '符合', 4, NULL, NULL, 4);
INSERT INTO psy_gauge_questions_options (id, gauge_questions_id, name, value, img_url, `type`, sort) VALUES(219, 59, '非常符合', 5, NULL, NULL, 5);
INSERT INTO psy_gauge_questions_options (id, gauge_questions_id, name, value, img_url, `type`, sort) VALUES(220, 60, '很不符合', 1, NULL, NULL, 1);
INSERT INTO psy_gauge_questions_options (id, gauge_questions_id, name, value, img_url, `type`, sort) VALUES(221, 60, '不符合', 2, NULL, NULL, 2);
INSERT INTO psy_gauge_questions_options (id, gauge_questions_id, name, value, img_url, `type`, sort) VALUES(222, 60, '一般', 3, NULL, NULL, 3);
INSERT INTO psy_gauge_questions_options (id, gauge_questions_id, name, value, img_url, `type`, sort) VALUES(223, 60, '符合', 4, NULL, NULL, 4);
INSERT INTO psy_gauge_questions_options (id, gauge_questions_id, name, value, img_url, `type`, sort) VALUES(224, 60, '非常符合', 5, NULL, NULL, 5);
INSERT INTO psy_gauge_questions_options (id, gauge_questions_id, name, value, img_url, `type`, sort) VALUES(225, 61, '很不符合', 1, NULL, NULL, 1);
INSERT INTO psy_gauge_questions_options (id, gauge_questions_id, name, value, img_url, `type`, sort) VALUES(226, 61, '不符合', 2, NULL, NULL, 2);
INSERT INTO psy_gauge_questions_options (id, gauge_questions_id, name, value, img_url, `type`, sort) VALUES(227, 61, '一般', 3, NULL, NULL, 3);
INSERT INTO psy_gauge_questions_options (id, gauge_questions_id, name, value, img_url, `type`, sort) VALUES(228, 61, '符合', 4, NULL, NULL, 4);
INSERT INTO psy_gauge_questions_options (id, gauge_questions_id, name, value, img_url, `type`, sort) VALUES(229, 61, '非常符合', 5, NULL, NULL, 5);
INSERT INTO psy_gauge_questions_options (id, gauge_questions_id, name, value, img_url, `type`, sort) VALUES(230, 62, '很不符合', 1, NULL, NULL, 1);
INSERT INTO psy_gauge_questions_options (id, gauge_questions_id, name, value, img_url, `type`, sort) VALUES(231, 62, '不符合', 2, NULL, NULL, 2);
INSERT INTO psy_gauge_questions_options (id, gauge_questions_id, name, value, img_url, `type`, sort) VALUES(232, 62, '一般', 3, NULL, NULL, 3);
INSERT INTO psy_gauge_questions_options (id, gauge_questions_id, name, value, img_url, `type`, sort) VALUES(233, 62, '符合', 4, NULL, NULL, 4);
INSERT INTO psy_gauge_questions_options (id, gauge_questions_id, name, value, img_url, `type`, sort) VALUES(234, 62, '非常符合', 5, NULL, NULL, 5);
INSERT INTO psy_gauge_questions_options (id, gauge_questions_id, name, value, img_url, `type`, sort) VALUES(235, 63, '很不符合', 1, NULL, NULL, 1);
INSERT INTO psy_gauge_questions_options (id, gauge_questions_id, name, value, img_url, `type`, sort) VALUES(236, 63, '不符合', 2, NULL, NULL, 2);
INSERT INTO psy_gauge_questions_options (id, gauge_questions_id, name, value, img_url, `type`, sort) VALUES(237, 63, '一般', 3, NULL, NULL, 3);
INSERT INTO psy_gauge_questions_options (id, gauge_questions_id, name, value, img_url, `type`, sort) VALUES(238, 63, '符合', 4, NULL, NULL, 4);
INSERT INTO psy_gauge_questions_options (id, gauge_questions_id, name, value, img_url, `type`, sort) VALUES(239, 63, '非常符合', 5, NULL, NULL, 5);
INSERT INTO psy_gauge_questions_options (id, gauge_questions_id, name, value, img_url, `type`, sort) VALUES(240, 64, '很不符合', 1, NULL, NULL, 1);
INSERT INTO psy_gauge_questions_options (id, gauge_questions_id, name, value, img_url, `type`, sort) VALUES(241, 64, '不符合', 2, NULL, NULL, 2);
INSERT INTO psy_gauge_questions_options (id, gauge_questions_id, name, value, img_url, `type`, sort) VALUES(242, 64, '一般', 3, NULL, NULL, 3);
INSERT INTO psy_gauge_questions_options (id, gauge_questions_id, name, value, img_url, `type`, sort) VALUES(243, 64, '符合', 4, NULL, NULL, 4);
INSERT INTO psy_gauge_questions_options (id, gauge_questions_id, name, value, img_url, `type`, sort) VALUES(244, 64, '非常符合', 5, NULL, NULL, 5);
INSERT INTO psy_gauge_questions_options (id, gauge_questions_id, name, value, img_url, `type`, sort) VALUES(245, 65, '很不符合', 1, NULL, NULL, 1);
INSERT INTO psy_gauge_questions_options (id, gauge_questions_id, name, value, img_url, `type`, sort) VALUES(246, 65, '不符合', 2, NULL, NULL, 2);
INSERT INTO psy_gauge_questions_options (id, gauge_questions_id, name, value, img_url, `type`, sort) VALUES(247, 65, '一般', 3, NULL, NULL, 3);
INSERT INTO psy_gauge_questions_options (id, gauge_questions_id, name, value, img_url, `type`, sort) VALUES(248, 65, '符合', 4, NULL, NULL, 4);
INSERT INTO psy_gauge_questions_options (id, gauge_questions_id, name, value, img_url, `type`, sort) VALUES(249, 65, '非常符合', 5, NULL, NULL, 5);
INSERT INTO psy_gauge_questions_options (id, gauge_questions_id, name, value, img_url, `type`, sort) VALUES(250, 66, '很不符合', 1, NULL, NULL, 1);
INSERT INTO psy_gauge_questions_options (id, gauge_questions_id, name, value, img_url, `type`, sort) VALUES(251, 66, '不符合', 2, NULL, NULL, 2);
INSERT INTO psy_gauge_questions_options (id, gauge_questions_id, name, value, img_url, `type`, sort) VALUES(252, 66, '一般', 3, NULL, NULL, 3);
INSERT INTO psy_gauge_questions_options (id, gauge_questions_id, name, value, img_url, `type`, sort) VALUES(253, 66, '符合', 4, NULL, NULL, 4);
INSERT INTO psy_gauge_questions_options (id, gauge_questions_id, name, value, img_url, `type`, sort) VALUES(254, 66, '非常符合', 5, NULL, NULL, 5);
INSERT INTO psy_gauge_questions_options (id, gauge_questions_id, name, value, img_url, `type`, sort) VALUES(255, 67, '很不符合', 1, NULL, NULL, 1);
INSERT INTO psy_gauge_questions_options (id, gauge_questions_id, name, value, img_url, `type`, sort) VALUES(256, 67, '不符合', 2, NULL, NULL, 2);
INSERT INTO psy_gauge_questions_options (id, gauge_questions_id, name, value, img_url, `type`, sort) VALUES(257, 67, '一般', 3, NULL, NULL, 3);
INSERT INTO psy_gauge_questions_options (id, gauge_questions_id, name, value, img_url, `type`, sort) VALUES(258, 67, '符合', 4, NULL, NULL, 4);
INSERT INTO psy_gauge_questions_options (id, gauge_questions_id, name, value, img_url, `type`, sort) VALUES(259, 67, '非常符合', 5, NULL, NULL, 5);
INSERT INTO psy_gauge_questions_options (id, gauge_questions_id, name, value, img_url, `type`, sort) VALUES(260, 68, '很不符合', 1, NULL, NULL, 1);
INSERT INTO psy_gauge_questions_options (id, gauge_questions_id, name, value, img_url, `type`, sort) VALUES(261, 68, '不符合', 2, NULL, NULL, 2);
INSERT INTO psy_gauge_questions_options (id, gauge_questions_id, name, value, img_url, `type`, sort) VALUES(262, 68, '一般', 3, NULL, NULL, 3);
INSERT INTO psy_gauge_questions_options (id, gauge_questions_id, name, value, img_url, `type`, sort) VALUES(263, 68, '符合', 4, NULL, NULL, 4);
INSERT INTO psy_gauge_questions_options (id, gauge_questions_id, name, value, img_url, `type`, sort) VALUES(264, 68, '非常符合', 5, NULL, NULL, 5);
INSERT INTO psy_gauge_questions_options (id, gauge_questions_id, name, value, img_url, `type`, sort) VALUES(265, 69, '很不符合', 1, NULL, NULL, 1);
INSERT INTO psy_gauge_questions_options (id, gauge_questions_id, name, value, img_url, `type`, sort) VALUES(266, 69, '不符合', 2, NULL, NULL, 2);
INSERT INTO psy_gauge_questions_options (id, gauge_questions_id, name, value, img_url, `type`, sort) VALUES(267, 69, '一般', 3, NULL, NULL, 3);
INSERT INTO psy_gauge_questions_options (id, gauge_questions_id, name, value, img_url, `type`, sort) VALUES(268, 69, '符合', 4, NULL, NULL, 4);
INSERT INTO psy_gauge_questions_options (id, gauge_questions_id, name, value, img_url, `type`, sort) VALUES(269, 69, '非常符合', 5, NULL, NULL, 5);
INSERT INTO psy_gauge_questions_options (id, gauge_questions_id, name, value, img_url, `type`, sort) VALUES(270, 70, '很不符合', 1, NULL, NULL, 1);
INSERT INTO psy_gauge_questions_options (id, gauge_questions_id, name, value, img_url, `type`, sort) VALUES(271, 70, '不符合', 2, NULL, NULL, 2);
INSERT INTO psy_gauge_questions_options (id, gauge_questions_id, name, value, img_url, `type`, sort) VALUES(272, 70, '一般', 3, NULL, NULL, 3);
INSERT INTO psy_gauge_questions_options (id, gauge_questions_id, name, value, img_url, `type`, sort) VALUES(273, 70, '符合', 4, NULL, NULL, 4);
INSERT INTO psy_gauge_questions_options (id, gauge_questions_id, name, value, img_url, `type`, sort) VALUES(274, 70, '非常符合', 5, NULL, NULL, 5);
INSERT INTO psy_gauge_questions_options (id, gauge_questions_id, name, value, img_url, `type`, sort) VALUES(275, 71, '很不符合', 1, NULL, NULL, 1);
INSERT INTO psy_gauge_questions_options (id, gauge_questions_id, name, value, img_url, `type`, sort) VALUES(276, 71, '不符合', 2, NULL, NULL, 2);
INSERT INTO psy_gauge_questions_options (id, gauge_questions_id, name, value, img_url, `type`, sort) VALUES(277, 71, '一般', 3, NULL, NULL, 3);
INSERT INTO psy_gauge_questions_options (id, gauge_questions_id, name, value, img_url, `type`, sort) VALUES(278, 71, '符合', 4, NULL, NULL, 4);
INSERT INTO psy_gauge_questions_options (id, gauge_questions_id, name, value, img_url, `type`, sort) VALUES(279, 71, '非常符合', 5, NULL, NULL, 5);
INSERT INTO psy_gauge_questions_options (id, gauge_questions_id, name, value, img_url, `type`, sort) VALUES(280, 72, '很不符合', 1, NULL, NULL, 1);
INSERT INTO psy_gauge_questions_options (id, gauge_questions_id, name, value, img_url, `type`, sort) VALUES(281, 72, '不符合', 2, NULL, NULL, 2);
INSERT INTO psy_gauge_questions_options (id, gauge_questions_id, name, value, img_url, `type`, sort) VALUES(282, 72, '一般', 3, NULL, NULL, 3);
INSERT INTO psy_gauge_questions_options (id, gauge_questions_id, name, value, img_url, `type`, sort) VALUES(283, 72, '符合', 4, NULL, NULL, 4);
INSERT INTO psy_gauge_questions_options (id, gauge_questions_id, name, value, img_url, `type`, sort) VALUES(284, 72, '非常符合', 5, NULL, NULL, 5);
INSERT INTO psy_gauge_questions_options (id, gauge_questions_id, name, value, img_url, `type`, sort) VALUES(285, 73, '很不符合', 1, NULL, NULL, 1);
INSERT INTO psy_gauge_questions_options (id, gauge_questions_id, name, value, img_url, `type`, sort) VALUES(286, 73, '不符合', 2, NULL, NULL, 2);
INSERT INTO psy_gauge_questions_options (id, gauge_questions_id, name, value, img_url, `type`, sort) VALUES(287, 73, '一般', 3, NULL, NULL, 3);
INSERT INTO psy_gauge_questions_options (id, gauge_questions_id, name, value, img_url, `type`, sort) VALUES(288, 73, '符合', 4, NULL, NULL, 4);
INSERT INTO psy_gauge_questions_options (id, gauge_questions_id, name, value, img_url, `type`, sort) VALUES(289, 73, '非常符合', 5, NULL, NULL, 5);
INSERT INTO psy_gauge_questions_options (id, gauge_questions_id, name, value, img_url, `type`, sort) VALUES(290, 74, '很不符合', 1, NULL, NULL, 1);
INSERT INTO psy_gauge_questions_options (id, gauge_questions_id, name, value, img_url, `type`, sort) VALUES(291, 74, '不符合', 2, NULL, NULL, 2);
INSERT INTO psy_gauge_questions_options (id, gauge_questions_id, name, value, img_url, `type`, sort) VALUES(292, 74, '一般', 3, NULL, NULL, 3);
INSERT INTO psy_gauge_questions_options (id, gauge_questions_id, name, value, img_url, `type`, sort) VALUES(293, 74, '符合', 4, NULL, NULL, 4);
INSERT INTO psy_gauge_questions_options (id, gauge_questions_id, name, value, img_url, `type`, sort) VALUES(294, 74, '非常符合', 5, NULL, NULL, 5);
INSERT INTO psy_gauge_questions_options (id, gauge_questions_id, name, value, img_url, `type`, sort) VALUES(295, 75, '很不符合', 1, NULL, NULL, 1);
INSERT INTO psy_gauge_questions_options (id, gauge_questions_id, name, value, img_url, `type`, sort) VALUES(296, 75, '不符合', 2, NULL, NULL, 2);
INSERT INTO psy_gauge_questions_options (id, gauge_questions_id, name, value, img_url, `type`, sort) VALUES(297, 75, '一般', 3, NULL, NULL, 3);
INSERT INTO psy_gauge_questions_options (id, gauge_questions_id, name, value, img_url, `type`, sort) VALUES(298, 75, '符合', 4, NULL, NULL, 4);
INSERT INTO psy_gauge_questions_options (id, gauge_questions_id, name, value, img_url, `type`, sort) VALUES(299, 75, '非常符合', 5, NULL, NULL, 5);
INSERT INTO psy_gauge_questions_options (id, gauge_questions_id, name, value, img_url, `type`, sort) VALUES(300, 76, '很不符合', 1, NULL, NULL, 1);
INSERT INTO psy_gauge_questions_options (id, gauge_questions_id, name, value, img_url, `type`, sort) VALUES(301, 76, '不符合', 2, NULL, NULL, 2);
INSERT INTO psy_gauge_questions_options (id, gauge_questions_id, name, value, img_url, `type`, sort) VALUES(302, 76, '一般', 3, NULL, NULL, 3);
INSERT INTO psy_gauge_questions_options (id, gauge_questions_id, name, value, img_url, `type`, sort) VALUES(303, 76, '符合', 4, NULL, NULL, 4);
INSERT INTO psy_gauge_questions_options (id, gauge_questions_id, name, value, img_url, `type`, sort) VALUES(304, 76, '非常符合', 5, NULL, NULL, 5);
INSERT INTO psy_gauge_questions_options (id, gauge_questions_id, name, value, img_url, `type`, sort) VALUES(305, 77, '很不符合', 1, NULL, NULL, 1);
INSERT INTO psy_gauge_questions_options (id, gauge_questions_id, name, value, img_url, `type`, sort) VALUES(306, 77, '不符合', 2, NULL, NULL, 2);
INSERT INTO psy_gauge_questions_options (id, gauge_questions_id, name, value, img_url, `type`, sort) VALUES(307, 77, '一般', 3, NULL, NULL, 3);
INSERT INTO psy_gauge_questions_options (id, gauge_questions_id, name, value, img_url, `type`, sort) VALUES(308, 77, '符合', 4, NULL, NULL, 4);
INSERT INTO psy_gauge_questions_options (id, gauge_questions_id, name, value, img_url, `type`, sort) VALUES(309, 77, '非常符合', 5, NULL, NULL, 5);
INSERT INTO psy_gauge_questions_options (id, gauge_questions_id, name, value, img_url, `type`, sort) VALUES(310, 78, '默认选项1', 1, NULL, NULL, 1);
INSERT INTO psy_gauge_questions_options (id, gauge_questions_id, name, value, img_url, `type`, sort) VALUES(311, 78, '默认选项2', 1, NULL, NULL, 1);
INSERT INTO psy_gauge_questions_options (id, gauge_questions_id, name, value, img_url, `type`, sort) VALUES(312, 79, '急得满头大汗，不知怎么办才好', 0, NULL, NULL, 1);
INSERT INTO psy_gauge_questions_options (id, gauge_questions_id, name, value, img_url, `type`, sort) VALUES(313, 79, '十分友好地、平静地向警察道歉', 5, NULL, NULL, 1);
INSERT INTO psy_gauge_questions_options (id, gauge_questions_id, name, value, img_url, `type`, sort) VALUES(314, 79, '听之任之，不作任何解释', 2, NULL, NULL, 3);
INSERT INTO psy_gauge_questions_options (id, gauge_questions_id, name, value, img_url, `type`, sort) VALUES(315, 80, '双手发抖，结结巴巴说不出话来', 0, NULL, NULL, 1);
INSERT INTO psy_gauge_questions_options (id, gauge_questions_id, name, value, img_url, `type`, sort) VALUES(316, 80, '感到很荣幸，简短地讲几句', 5, NULL, NULL, 2);
INSERT INTO psy_gauge_questions_options (id, gauge_questions_id, name, value, img_url, `type`, sort) VALUES(317, 80, '很平淡地谢绝了', 2, NULL, NULL, 3);
INSERT INTO psy_gauge_questions_options (id, gauge_questions_id, name, value, img_url, `type`, sort) VALUES(318, 81, '感到很窘迫，脸发红', 0, NULL, NULL, 1);
INSERT INTO psy_gauge_questions_options (id, gauge_questions_id, name, value, img_url, `type`, sort) VALUES(319, 81, '自嘲一下，马上对服务员实话实说', 5, NULL, NULL, 2);
INSERT INTO psy_gauge_questions_options (id, gauge_questions_id, name, value, img_url, `type`, sort) VALUES(320, 81, '在身上东摸西摸，拖延时间', 2, NULL, NULL, 3);
INSERT INTO psy_gauge_questions_options (id, gauge_questions_id, name, value, img_url, `type`, sort) VALUES(321, 82, '尴尬，出冷汗', 0, NULL, NULL, 1);
INSERT INTO psy_gauge_questions_options (id, gauge_questions_id, name, value, img_url, `type`, sort) VALUES(322, 82, '冷静，不慌不忙，接受处理', 5, NULL, NULL, 2);
INSERT INTO psy_gauge_questions_options (id, gauge_questions_id, name, value, img_url, `type`, sort) VALUES(323, 82, '强作微笑', 2, NULL, NULL, 3);
INSERT INTO psy_gauge_questions_options (id, gauge_questions_id, name, value, img_url, `type`, sort) VALUES(324, 83, '脸色发白，恐慌不安', 0, NULL, NULL, 1);
INSERT INTO psy_gauge_questions_options (id, gauge_questions_id, name, value, img_url, `type`, sort) VALUES(325, 83, '想方设法自己出去', 5, NULL, NULL, 2);
INSERT INTO psy_gauge_questions_options (id, gauge_questions_id, name, value, img_url, `type`, sort) VALUES(326, 83, '耐心地等待救援', 2, NULL, NULL, 3);
INSERT INTO psy_gauge_questions_options (id, gauge_questions_id, name, value, img_url, `type`, sort) VALUES(327, 84, '装作没听见似的不答理', 0, NULL, NULL, 1);
INSERT INTO psy_gauge_questions_options (id, gauge_questions_id, name, value, img_url, `type`, sort) VALUES(328, 84, '直率地承认自己记不起来了', 5, NULL, NULL, 2);
INSERT INTO psy_gauge_questions_options (id, gauge_questions_id, name, value, img_url, `type`, sort) VALUES(329, 84, '朝他(她)瞪瞪眼，一言不发', 2, NULL, NULL, 3);
INSERT INTO psy_gauge_questions_options (id, gauge_questions_id, name, value, img_url, `type`, sort) VALUES(330, 85, '心怦怦跳，惊慌不措', 0, NULL, NULL, 1);
INSERT INTO psy_gauge_questions_options (id, gauge_questions_id, name, value, img_url, `type`, sort) VALUES(331, 85, '诚实、友好地主动向他解释', 5, NULL, NULL, 2);
INSERT INTO psy_gauge_questions_options (id, gauge_questions_id, name, value, img_url, `type`, sort) VALUES(332, 85, '迅速回转身去补付款', 2, NULL, NULL, 3);
INSERT INTO psy_gauge_questions_options (id, gauge_questions_id, name, value, img_url, `type`, sort) VALUES(333, 86, '感到害怕，两手发抖', 0, NULL, NULL, 1);
INSERT INTO psy_gauge_questions_options (id, gauge_questions_id, name, value, img_url, `type`, sort) VALUES(334, 86, '泰然自若，听凭检查', 5, NULL, NULL, 2);
INSERT INTO psy_gauge_questions_options (id, gauge_questions_id, name, value, img_url, `type`, sort) VALUES(335, 86, '与海关官员争辩，拒绝检查', 2, NULL, NULL, 3);
INSERT INTO psy_gauge_questions_options (id, gauge_questions_id, name, value, img_url, `type`, sort) VALUES(336, 87, '十分符合', 4, NULL, NULL, 1);
INSERT INTO psy_gauge_questions_options (id, gauge_questions_id, name, value, img_url, `type`, sort) VALUES(337, 87, '符合', 3, NULL, NULL, 1);
INSERT INTO psy_gauge_questions_options (id, gauge_questions_id, name, value, img_url, `type`, sort) VALUES(338, 87, '不符合', 2, NULL, NULL, 3);
INSERT INTO psy_gauge_questions_options (id, gauge_questions_id, name, value, img_url, `type`, sort) VALUES(339, 87, '十分不符合', 1, NULL, NULL, 4);
INSERT INTO psy_gauge_questions_options (id, gauge_questions_id, name, value, img_url, `type`, sort) VALUES(340, 88, '十分符合', 4, NULL, NULL, 1);
INSERT INTO psy_gauge_questions_options (id, gauge_questions_id, name, value, img_url, `type`, sort) VALUES(341, 88, '符合', 3, NULL, NULL, 2);
INSERT INTO psy_gauge_questions_options (id, gauge_questions_id, name, value, img_url, `type`, sort) VALUES(342, 88, '不符合', 2, NULL, NULL, 3);
INSERT INTO psy_gauge_questions_options (id, gauge_questions_id, name, value, img_url, `type`, sort) VALUES(343, 88, '十分不符合', 1, NULL, NULL, 4);
INSERT INTO psy_gauge_questions_options (id, gauge_questions_id, name, value, img_url, `type`, sort) VALUES(344, 89, '十分符合', 4, NULL, NULL, 1);
INSERT INTO psy_gauge_questions_options (id, gauge_questions_id, name, value, img_url, `type`, sort) VALUES(345, 89, '符合', 3, NULL, NULL, 2);
INSERT INTO psy_gauge_questions_options (id, gauge_questions_id, name, value, img_url, `type`, sort) VALUES(346, 89, '不符合', 2, NULL, NULL, 3);
INSERT INTO psy_gauge_questions_options (id, gauge_questions_id, name, value, img_url, `type`, sort) VALUES(347, 89, '十分不符合', 1, NULL, NULL, 4);
INSERT INTO psy_gauge_questions_options (id, gauge_questions_id, name, value, img_url, `type`, sort) VALUES(348, 90, '十分符合', 4, NULL, NULL, 1);
INSERT INTO psy_gauge_questions_options (id, gauge_questions_id, name, value, img_url, `type`, sort) VALUES(349, 90, '符合', 3, NULL, NULL, 2);
INSERT INTO psy_gauge_questions_options (id, gauge_questions_id, name, value, img_url, `type`, sort) VALUES(350, 90, '不符合', 2, NULL, NULL, 3);
INSERT INTO psy_gauge_questions_options (id, gauge_questions_id, name, value, img_url, `type`, sort) VALUES(351, 90, '十分不符合', 1, NULL, NULL, 4);
INSERT INTO psy_gauge_questions_options (id, gauge_questions_id, name, value, img_url, `type`, sort) VALUES(352, 91, '十分符合', 4, NULL, NULL, 1);
INSERT INTO psy_gauge_questions_options (id, gauge_questions_id, name, value, img_url, `type`, sort) VALUES(353, 91, '符合', 3, NULL, NULL, 2);
INSERT INTO psy_gauge_questions_options (id, gauge_questions_id, name, value, img_url, `type`, sort) VALUES(354, 91, '不符合', 2, NULL, NULL, 3);
INSERT INTO psy_gauge_questions_options (id, gauge_questions_id, name, value, img_url, `type`, sort) VALUES(355, 91, '十分不符合', 1, NULL, NULL, 4);
INSERT INTO psy_gauge_questions_options (id, gauge_questions_id, name, value, img_url, `type`, sort) VALUES(356, 92, '十分符合', 4, NULL, NULL, 1);
INSERT INTO psy_gauge_questions_options (id, gauge_questions_id, name, value, img_url, `type`, sort) VALUES(357, 92, '符合', 3, NULL, NULL, 2);
INSERT INTO psy_gauge_questions_options (id, gauge_questions_id, name, value, img_url, `type`, sort) VALUES(358, 92, '不符合', 2, NULL, NULL, 3);
INSERT INTO psy_gauge_questions_options (id, gauge_questions_id, name, value, img_url, `type`, sort) VALUES(359, 92, '十分不符合', 1, NULL, NULL, 4);
INSERT INTO psy_gauge_questions_options (id, gauge_questions_id, name, value, img_url, `type`, sort) VALUES(360, 93, '十分符合', 4, NULL, NULL, 1);
INSERT INTO psy_gauge_questions_options (id, gauge_questions_id, name, value, img_url, `type`, sort) VALUES(361, 93, '符合', 3, NULL, NULL, 2);
INSERT INTO psy_gauge_questions_options (id, gauge_questions_id, name, value, img_url, `type`, sort) VALUES(362, 93, '不符合', 2, NULL, NULL, 3);
INSERT INTO psy_gauge_questions_options (id, gauge_questions_id, name, value, img_url, `type`, sort) VALUES(363, 93, '十分不符合', 1, NULL, NULL, 4);
INSERT INTO psy_gauge_questions_options (id, gauge_questions_id, name, value, img_url, `type`, sort) VALUES(364, 94, '十分符合', 4, NULL, NULL, 1);
INSERT INTO psy_gauge_questions_options (id, gauge_questions_id, name, value, img_url, `type`, sort) VALUES(365, 94, '符合', 3, NULL, NULL, 2);
INSERT INTO psy_gauge_questions_options (id, gauge_questions_id, name, value, img_url, `type`, sort) VALUES(366, 94, '不符合', 2, NULL, NULL, 3);
INSERT INTO psy_gauge_questions_options (id, gauge_questions_id, name, value, img_url, `type`, sort) VALUES(367, 94, '十分不符合', 1, NULL, NULL, 4);
INSERT INTO psy_gauge_questions_options (id, gauge_questions_id, name, value, img_url, `type`, sort) VALUES(368, 95, '十分符合', 4, NULL, NULL, 1);
INSERT INTO psy_gauge_questions_options (id, gauge_questions_id, name, value, img_url, `type`, sort) VALUES(369, 95, '符合', 3, NULL, NULL, 2);
INSERT INTO psy_gauge_questions_options (id, gauge_questions_id, name, value, img_url, `type`, sort) VALUES(370, 95, '不符合', 2, NULL, NULL, 3);
INSERT INTO psy_gauge_questions_options (id, gauge_questions_id, name, value, img_url, `type`, sort) VALUES(371, 95, '十分不符合', 1, NULL, NULL, 4);
INSERT INTO psy_gauge_questions_options (id, gauge_questions_id, name, value, img_url, `type`, sort) VALUES(372, 96, '十分符合', 4, NULL, NULL, 1);
INSERT INTO psy_gauge_questions_options (id, gauge_questions_id, name, value, img_url, `type`, sort) VALUES(373, 96, '符合', 3, NULL, NULL, 2);
INSERT INTO psy_gauge_questions_options (id, gauge_questions_id, name, value, img_url, `type`, sort) VALUES(374, 96, '不符合', 2, NULL, NULL, 3);
INSERT INTO psy_gauge_questions_options (id, gauge_questions_id, name, value, img_url, `type`, sort) VALUES(375, 96, '十分不符合', 1, NULL, NULL, 4);
INSERT INTO psy_gauge_questions_options (id, gauge_questions_id, name, value, img_url, `type`, sort) VALUES(376, 97, '十分符合', 4, NULL, NULL, 1);
INSERT INTO psy_gauge_questions_options (id, gauge_questions_id, name, value, img_url, `type`, sort) VALUES(377, 97, '符合', 3, NULL, NULL, 2);
INSERT INTO psy_gauge_questions_options (id, gauge_questions_id, name, value, img_url, `type`, sort) VALUES(378, 97, '不符合', 2, NULL, NULL, 3);
INSERT INTO psy_gauge_questions_options (id, gauge_questions_id, name, value, img_url, `type`, sort) VALUES(379, 97, '十分不符合', 1, NULL, NULL, 4);
INSERT INTO psy_gauge_questions_options (id, gauge_questions_id, name, value, img_url, `type`, sort) VALUES(380, 98, '十分符合', 4, NULL, NULL, 1);
INSERT INTO psy_gauge_questions_options (id, gauge_questions_id, name, value, img_url, `type`, sort) VALUES(381, 98, '符合', 3, NULL, NULL, 2);
INSERT INTO psy_gauge_questions_options (id, gauge_questions_id, name, value, img_url, `type`, sort) VALUES(382, 98, '不符合', 2, NULL, NULL, 3);
INSERT INTO psy_gauge_questions_options (id, gauge_questions_id, name, value, img_url, `type`, sort) VALUES(383, 98, '十分不符合', 1, NULL, NULL, 4);
INSERT INTO psy_gauge_questions_options (id, gauge_questions_id, name, value, img_url, `type`, sort) VALUES(384, 99, '十分符合', 4, NULL, NULL, 1);
INSERT INTO psy_gauge_questions_options (id, gauge_questions_id, name, value, img_url, `type`, sort) VALUES(385, 99, '符合', 3, NULL, NULL, 2);
INSERT INTO psy_gauge_questions_options (id, gauge_questions_id, name, value, img_url, `type`, sort) VALUES(386, 99, '不符合', 2, NULL, NULL, 3);
INSERT INTO psy_gauge_questions_options (id, gauge_questions_id, name, value, img_url, `type`, sort) VALUES(387, 99, '十分不符合', 1, NULL, NULL, 4);
INSERT INTO psy_gauge_questions_options (id, gauge_questions_id, name, value, img_url, `type`, sort) VALUES(388, 100, '十分符合', 4, NULL, NULL, 1);
INSERT INTO psy_gauge_questions_options (id, gauge_questions_id, name, value, img_url, `type`, sort) VALUES(389, 100, '符合', 3, NULL, NULL, 2);
INSERT INTO psy_gauge_questions_options (id, gauge_questions_id, name, value, img_url, `type`, sort) VALUES(390, 100, '不符合', 2, NULL, NULL, 3);
INSERT INTO psy_gauge_questions_options (id, gauge_questions_id, name, value, img_url, `type`, sort) VALUES(391, 100, '十分不符合', 1, NULL, NULL, 4);
INSERT INTO psy_gauge_questions_options (id, gauge_questions_id, name, value, img_url, `type`, sort) VALUES(392, 101, '十分符合', 4, NULL, NULL, 1);
INSERT INTO psy_gauge_questions_options (id, gauge_questions_id, name, value, img_url, `type`, sort) VALUES(393, 101, '符合', 3, NULL, NULL, 2);
INSERT INTO psy_gauge_questions_options (id, gauge_questions_id, name, value, img_url, `type`, sort) VALUES(394, 101, '不符合', 2, NULL, NULL, 3);
INSERT INTO psy_gauge_questions_options (id, gauge_questions_id, name, value, img_url, `type`, sort) VALUES(395, 101, '十分不符合', 1, NULL, NULL, 4);
INSERT INTO psy_gauge_questions_options (id, gauge_questions_id, name, value, img_url, `type`, sort) VALUES(396, 102, '十分符合', 4, NULL, NULL, 1);
INSERT INTO psy_gauge_questions_options (id, gauge_questions_id, name, value, img_url, `type`, sort) VALUES(397, 102, '符合', 3, NULL, NULL, 2);
INSERT INTO psy_gauge_questions_options (id, gauge_questions_id, name, value, img_url, `type`, sort) VALUES(398, 102, '不符合', 2, NULL, NULL, 3);
INSERT INTO psy_gauge_questions_options (id, gauge_questions_id, name, value, img_url, `type`, sort) VALUES(399, 102, '十分不符合', 1, NULL, NULL, 4);
INSERT INTO psy_gauge_questions_options (id, gauge_questions_id, name, value, img_url, `type`, sort) VALUES(400, 103, '十分符合', 4, NULL, NULL, 1);
INSERT INTO psy_gauge_questions_options (id, gauge_questions_id, name, value, img_url, `type`, sort) VALUES(401, 103, '符合', 3, NULL, NULL, 2);
INSERT INTO psy_gauge_questions_options (id, gauge_questions_id, name, value, img_url, `type`, sort) VALUES(402, 103, '不符合', 2, NULL, NULL, 3);
INSERT INTO psy_gauge_questions_options (id, gauge_questions_id, name, value, img_url, `type`, sort) VALUES(403, 103, '十分不符合', 1, NULL, NULL, 4);
INSERT INTO psy_gauge_questions_options (id, gauge_questions_id, name, value, img_url, `type`, sort) VALUES(404, 104, '十分符合', 4, NULL, NULL, 1);
INSERT INTO psy_gauge_questions_options (id, gauge_questions_id, name, value, img_url, `type`, sort) VALUES(405, 104, '符合', 3, NULL, NULL, 2);
INSERT INTO psy_gauge_questions_options (id, gauge_questions_id, name, value, img_url, `type`, sort) VALUES(406, 104, '不符合', 2, NULL, NULL, 3);
INSERT INTO psy_gauge_questions_options (id, gauge_questions_id, name, value, img_url, `type`, sort) VALUES(407, 104, '十分不符合', 1, NULL, NULL, 4);
INSERT INTO psy_gauge_questions_options (id, gauge_questions_id, name, value, img_url, `type`, sort) VALUES(408, 105, '十分符合', 4, NULL, NULL, 1);
INSERT INTO psy_gauge_questions_options (id, gauge_questions_id, name, value, img_url, `type`, sort) VALUES(409, 105, '符合', 3, NULL, NULL, 2);
INSERT INTO psy_gauge_questions_options (id, gauge_questions_id, name, value, img_url, `type`, sort) VALUES(410, 105, '不符合', 2, NULL, NULL, 3);
INSERT INTO psy_gauge_questions_options (id, gauge_questions_id, name, value, img_url, `type`, sort) VALUES(411, 105, '十分不符合', 1, NULL, NULL, 4);
INSERT INTO psy_gauge_questions_options (id, gauge_questions_id, name, value, img_url, `type`, sort) VALUES(412, 106, '十分符合', 4, NULL, NULL, 1);
INSERT INTO psy_gauge_questions_options (id, gauge_questions_id, name, value, img_url, `type`, sort) VALUES(413, 106, '符合', 3, NULL, NULL, 2);
INSERT INTO psy_gauge_questions_options (id, gauge_questions_id, name, value, img_url, `type`, sort) VALUES(414, 106, '不符合', 2, NULL, NULL, 3);
INSERT INTO psy_gauge_questions_options (id, gauge_questions_id, name, value, img_url, `type`, sort) VALUES(415, 106, '十分不符合', 1, NULL, NULL, 4);
INSERT INTO psy_gauge_questions_options (id, gauge_questions_id, name, value, img_url, `type`, sort) VALUES(416, 107, '十分符合', 4, NULL, NULL, 1);
INSERT INTO psy_gauge_questions_options (id, gauge_questions_id, name, value, img_url, `type`, sort) VALUES(417, 107, '符合', 3, NULL, NULL, 2);
INSERT INTO psy_gauge_questions_options (id, gauge_questions_id, name, value, img_url, `type`, sort) VALUES(418, 107, '不符合', 2, NULL, NULL, 3);
INSERT INTO psy_gauge_questions_options (id, gauge_questions_id, name, value, img_url, `type`, sort) VALUES(419, 107, '十分不符合', 1, NULL, NULL, 4);
INSERT INTO psy_gauge_questions_options (id, gauge_questions_id, name, value, img_url, `type`, sort) VALUES(420, 108, '十分符合', 4, NULL, NULL, 1);
INSERT INTO psy_gauge_questions_options (id, gauge_questions_id, name, value, img_url, `type`, sort) VALUES(421, 108, '符合', 3, NULL, NULL, 2);
INSERT INTO psy_gauge_questions_options (id, gauge_questions_id, name, value, img_url, `type`, sort) VALUES(422, 108, '不符合', 2, NULL, NULL, 3);
INSERT INTO psy_gauge_questions_options (id, gauge_questions_id, name, value, img_url, `type`, sort) VALUES(423, 108, '十分不符合', 1, NULL, NULL, 4);
INSERT INTO psy_gauge_questions_options (id, gauge_questions_id, name, value, img_url, `type`, sort) VALUES(424, 109, '十分符合', 4, NULL, NULL, 1);
INSERT INTO psy_gauge_questions_options (id, gauge_questions_id, name, value, img_url, `type`, sort) VALUES(425, 109, '符合', 3, NULL, NULL, 2);
INSERT INTO psy_gauge_questions_options (id, gauge_questions_id, name, value, img_url, `type`, sort) VALUES(426, 109, '不符合', 2, NULL, NULL, 3);
INSERT INTO psy_gauge_questions_options (id, gauge_questions_id, name, value, img_url, `type`, sort) VALUES(427, 109, '十分不符合', 1, NULL, NULL, 4);
INSERT INTO psy_gauge_questions_options (id, gauge_questions_id, name, value, img_url, `type`, sort) VALUES(428, 110, '十分符合', 4, NULL, NULL, 1);
INSERT INTO psy_gauge_questions_options (id, gauge_questions_id, name, value, img_url, `type`, sort) VALUES(429, 110, '符合', 3, NULL, NULL, 2);
INSERT INTO psy_gauge_questions_options (id, gauge_questions_id, name, value, img_url, `type`, sort) VALUES(430, 110, '不符合', 2, NULL, NULL, 3);
INSERT INTO psy_gauge_questions_options (id, gauge_questions_id, name, value, img_url, `type`, sort) VALUES(431, 110, '十分不符合', 1, NULL, NULL, 4);
INSERT INTO psy_gauge_questions_options (id, gauge_questions_id, name, value, img_url, `type`, sort) VALUES(432, 111, '十分符合', 4, NULL, NULL, 1);
INSERT INTO psy_gauge_questions_options (id, gauge_questions_id, name, value, img_url, `type`, sort) VALUES(433, 111, '符合', 3, NULL, NULL, 2);
INSERT INTO psy_gauge_questions_options (id, gauge_questions_id, name, value, img_url, `type`, sort) VALUES(434, 111, '不符合', 2, NULL, NULL, 3);
INSERT INTO psy_gauge_questions_options (id, gauge_questions_id, name, value, img_url, `type`, sort) VALUES(435, 111, '十分不符合', 1, NULL, NULL, 4);
INSERT INTO psy_gauge_questions_options (id, gauge_questions_id, name, value, img_url, `type`, sort) VALUES(436, 112, '靠近湖边', 8, NULL, NULL, 1);
INSERT INTO psy_gauge_questions_options (id, gauge_questions_id, name, value, img_url, `type`, sort) VALUES(437, 112, '靠近河边', 10, NULL, NULL, 1);
INSERT INTO psy_gauge_questions_options (id, gauge_questions_id, name, value, img_url, `type`, sort) VALUES(438, 112, '深山内', 6, NULL, NULL, 3);
INSERT INTO psy_gauge_questions_options (id, gauge_questions_id, name, value, img_url, `type`, sort) VALUES(439, 112, '森林', 10, NULL, NULL, 4);
INSERT INTO psy_gauge_questions_options (id, gauge_questions_id, name, value, img_url, `type`, sort) VALUES(440, 113, '面包', 6, NULL, NULL, 1);
INSERT INTO psy_gauge_questions_options (id, gauge_questions_id, name, value, img_url, `type`, sort) VALUES(441, 113, '肉类', 10, NULL, NULL, 2);
INSERT INTO psy_gauge_questions_options (id, gauge_questions_id, name, value, img_url, `type`, sort) VALUES(442, 113, '沙拉', 6, NULL, NULL, 3);
INSERT INTO psy_gauge_questions_options (id, gauge_questions_id, name, value, img_url, `type`, sort) VALUES(443, 113, '饮料', 6, NULL, NULL, 4);
INSERT INTO psy_gauge_questions_options (id, gauge_questions_id, name, value, img_url, `type`, sort) VALUES(444, 114, '耶诞节／香槟', 10, NULL, NULL, 1);
INSERT INTO psy_gauge_questions_options (id, gauge_questions_id, name, value, img_url, `type`, sort) VALUES(445, 114, '新年／牛奶', 6, NULL, NULL, 2);
INSERT INTO psy_gauge_questions_options (id, gauge_questions_id, name, value, img_url, `type`, sort) VALUES(446, 114, '情人节／葡萄酒', 1, NULL, NULL, 3);
INSERT INTO psy_gauge_questions_options (id, gauge_questions_id, name, value, img_url, `type`, sort) VALUES(447, 114, '国庆日／威士忌', 6, NULL, NULL, 4);
INSERT INTO psy_gauge_questions_options (id, gauge_questions_id, name, value, img_url, `type`, sort) VALUES(448, 115, '吃完晚饭後', 10, NULL, NULL, 1);
INSERT INTO psy_gauge_questions_options (id, gauge_questions_id, name, value, img_url, `type`, sort) VALUES(449, 115, '吃晚饭前', 10, NULL, NULL, 2);
INSERT INTO psy_gauge_questions_options (id, gauge_questions_id, name, value, img_url, `type`, sort) VALUES(450, 115, '看完电视後', 6, NULL, NULL, 3);
INSERT INTO psy_gauge_questions_options (id, gauge_questions_id, name, value, img_url, `type`, sort) VALUES(451, 115, '上床前', 8, NULL, NULL, 4);
INSERT INTO psy_gauge_questions_options (id, gauge_questions_id, name, value, img_url, `type`, sort) VALUES(452, 115, '早上起床才洗', 3, NULL, NULL, 5);
INSERT INTO psy_gauge_questions_options (id, gauge_questions_id, name, value, img_url, `type`, sort) VALUES(453, 115, '没有特定时间', 6, NULL, NULL, 6);
INSERT INTO psy_gauge_questions_options (id, gauge_questions_id, name, value, img_url, `type`, sort) VALUES(454, 116, '太阳', 1, NULL, NULL, 1);
INSERT INTO psy_gauge_questions_options (id, gauge_questions_id, name, value, img_url, `type`, sort) VALUES(455, 116, '月亮', 1, NULL, NULL, 2);
INSERT INTO psy_gauge_questions_options (id, gauge_questions_id, name, value, img_url, `type`, sort) VALUES(456, 116, '星星', 8, NULL, NULL, 3);
INSERT INTO psy_gauge_questions_options (id, gauge_questions_id, name, value, img_url, `type`, sort) VALUES(457, 116, '云', 10, NULL, NULL, 4);
INSERT INTO psy_gauge_questions_options (id, gauge_questions_id, name, value, img_url, `type`, sort) VALUES(458, 117, '是', 1, NULL, NULL, 1);
INSERT INTO psy_gauge_questions_options (id, gauge_questions_id, name, value, img_url, `type`, sort) VALUES(459, 117, '否', 3, NULL, NULL, 2);
INSERT INTO psy_gauge_questions_options (id, gauge_questions_id, name, value, img_url, `type`, sort) VALUES(460, 118, '红色', 10, NULL, NULL, 1);
INSERT INTO psy_gauge_questions_options (id, gauge_questions_id, name, value, img_url, `type`, sort) VALUES(461, 118, '蓝色', 6, NULL, NULL, 2);
INSERT INTO psy_gauge_questions_options (id, gauge_questions_id, name, value, img_url, `type`, sort) VALUES(462, 118, '绿色', 6, NULL, NULL, 3);
INSERT INTO psy_gauge_questions_options (id, gauge_questions_id, name, value, img_url, `type`, sort) VALUES(463, 118, '白色', 8, NULL, NULL, 4);
INSERT INTO psy_gauge_questions_options (id, gauge_questions_id, name, value, img_url, `type`, sort) VALUES(464, 118, '黄色', 1, NULL, NULL, 5);
INSERT INTO psy_gauge_questions_options (id, gauge_questions_id, name, value, img_url, `type`, sort) VALUES(465, 118, '橙色', 3, NULL, NULL, 6);
INSERT INTO psy_gauge_questions_options (id, gauge_questions_id, name, value, img_url, `type`, sort) VALUES(466, 118, '黑色', 1, NULL, NULL, 7);
INSERT INTO psy_gauge_questions_options (id, gauge_questions_id, name, value, img_url, `type`, sort) VALUES(467, 118, '紫色', 10, NULL, NULL, 8);
INSERT INTO psy_gauge_questions_options (id, gauge_questions_id, name, value, img_url, `type`, sort) VALUES(468, 119, '葡萄', 1, NULL, NULL, 1);
INSERT INTO psy_gauge_questions_options (id, gauge_questions_id, name, value, img_url, `type`, sort) VALUES(469, 119, '水梨', 6, NULL, NULL, 2);
INSERT INTO psy_gauge_questions_options (id, gauge_questions_id, name, value, img_url, `type`, sort) VALUES(470, 119, '橘子', 8, NULL, NULL, 3);
INSERT INTO psy_gauge_questions_options (id, gauge_questions_id, name, value, img_url, `type`, sort) VALUES(471, 119, '香蕉', 10, NULL, NULL, 4);
INSERT INTO psy_gauge_questions_options (id, gauge_questions_id, name, value, img_url, `type`, sort) VALUES(472, 119, '樱桃', 3, NULL, NULL, 5);
INSERT INTO psy_gauge_questions_options (id, gauge_questions_id, name, value, img_url, `type`, sort) VALUES(473, 119, '苹果', 10, NULL, NULL, 6);
INSERT INTO psy_gauge_questions_options (id, gauge_questions_id, name, value, img_url, `type`, sort) VALUES(474, 119, '葡萄柚', 8, NULL, NULL, 7);
INSERT INTO psy_gauge_questions_options (id, gauge_questions_id, name, value, img_url, `type`, sort) VALUES(475, 119, '哈密瓜', 6, NULL, NULL, 8);
INSERT INTO psy_gauge_questions_options (id, gauge_questions_id, name, value, img_url, `type`, sort) VALUES(476, 119, '柿子', 3, NULL, NULL, 9);
INSERT INTO psy_gauge_questions_options (id, gauge_questions_id, name, value, img_url, `type`, sort) VALUES(477, 119, '木瓜', 10, NULL, NULL, 10);
INSERT INTO psy_gauge_questions_options (id, gauge_questions_id, name, value, img_url, `type`, sort) VALUES(478, 119, '选项', 1, NULL, NULL, 11);
INSERT INTO psy_gauge_questions_options (id, gauge_questions_id, name, value, img_url, `type`, sort) VALUES(479, 119, '选项', 1, NULL, NULL, 11);
INSERT INTO psy_gauge_questions_options (id, gauge_questions_id, name, value, img_url, `type`, sort) VALUES(480, 119, '选项', 1, NULL, NULL, 11);
INSERT INTO psy_gauge_questions_options (id, gauge_questions_id, name, value, img_url, `type`, sort) VALUES(481, 119, '选项', 1, NULL, NULL, 11);
INSERT INTO psy_gauge_questions_options (id, gauge_questions_id, name, value, img_url, `type`, sort) VALUES(482, 119, '选项', 1, NULL, NULL, 11);
INSERT INTO psy_gauge_questions_options (id, gauge_questions_id, name, value, img_url, `type`, sort) VALUES(483, 119, '选项', 1, NULL, NULL, 11);
INSERT INTO psy_gauge_questions_options (id, gauge_questions_id, name, value, img_url, `type`, sort) VALUES(484, 120, '狮子／红毛', 10, NULL, NULL, 1);
INSERT INTO psy_gauge_questions_options (id, gauge_questions_id, name, value, img_url, `type`, sort) VALUES(485, 120, '猫咪／蓝毛', 6, NULL, NULL, 2);
INSERT INTO psy_gauge_questions_options (id, gauge_questions_id, name, value, img_url, `type`, sort) VALUES(486, 120, '大象／绿毛', 1, NULL, NULL, 3);
INSERT INTO psy_gauge_questions_options (id, gauge_questions_id, name, value, img_url, `type`, sort) VALUES(487, 120, '狐狸／黄毛', 6, NULL, NULL, 4);
INSERT INTO psy_gauge_questions_options (id, gauge_questions_id, name, value, img_url, `type`, sort) VALUES(488, 121, '会', 3, NULL, NULL, 1);
INSERT INTO psy_gauge_questions_options (id, gauge_questions_id, name, value, img_url, `type`, sort) VALUES(489, 121, '不会', 1, NULL, NULL, 2);
INSERT INTO psy_gauge_questions_options (id, gauge_questions_id, name, value, img_url, `type`, sort) VALUES(490, 122, '是', 10, NULL, NULL, 1);
INSERT INTO psy_gauge_questions_options (id, gauge_questions_id, name, value, img_url, `type`, sort) VALUES(491, 122, '否', 6, NULL, NULL, 2);
INSERT INTO psy_gauge_questions_options (id, gauge_questions_id, name, value, img_url, `type`, sort) VALUES(492, 123, '红色', 10, NULL, NULL, 1);
INSERT INTO psy_gauge_questions_options (id, gauge_questions_id, name, value, img_url, `type`, sort) VALUES(493, 123, '粉红色', 8, NULL, NULL, 2);
INSERT INTO psy_gauge_questions_options (id, gauge_questions_id, name, value, img_url, `type`, sort) VALUES(494, 123, '黄色', 3, NULL, NULL, 3);
INSERT INTO psy_gauge_questions_options (id, gauge_questions_id, name, value, img_url, `type`, sort) VALUES(495, 123, '紫色', 6, NULL, NULL, 4);
INSERT INTO psy_gauge_questions_options (id, gauge_questions_id, name, value, img_url, `type`, sort) VALUES(496, 124, '综艺节目', 10, NULL, NULL, 1);
INSERT INTO psy_gauge_questions_options (id, gauge_questions_id, name, value, img_url, `type`, sort) VALUES(497, 124, '新闻节目', 15, NULL, NULL, 2);
INSERT INTO psy_gauge_questions_options (id, gauge_questions_id, name, value, img_url, `type`, sort) VALUES(498, 124, '连续剧', 6, NULL, NULL, 3);
INSERT INTO psy_gauge_questions_options (id, gauge_questions_id, name, value, img_url, `type`, sort) VALUES(499, 124, '体育转播', 15, NULL, NULL, 4);
INSERT INTO psy_gauge_questions_options (id, gauge_questions_id, name, value, img_url, `type`, sort) VALUES(500, 124, '电影频道', 10, NULL, NULL, 5);
INSERT INTO psy_gauge_questions_options (id, gauge_questions_id, name, value, img_url, `type`, sort) VALUES(501, 125, '完全不同意', 1, NULL, NULL, 1);
INSERT INTO psy_gauge_questions_options (id, gauge_questions_id, name, value, img_url, `type`, sort) VALUES(502, 125, '不同意', 2, NULL, NULL, 2);
INSERT INTO psy_gauge_questions_options (id, gauge_questions_id, name, value, img_url, `type`, sort) VALUES(503, 125, '不能确定', 3, NULL, NULL, 3);
INSERT INTO psy_gauge_questions_options (id, gauge_questions_id, name, value, img_url, `type`, sort) VALUES(504, 125, '同意', 4, NULL, NULL, 4);
INSERT INTO psy_gauge_questions_options (id, gauge_questions_id, name, value, img_url, `type`, sort) VALUES(505, 126, '完全不同意', 5, NULL, NULL, 1);
INSERT INTO psy_gauge_questions_options (id, gauge_questions_id, name, value, img_url, `type`, sort) VALUES(506, 126, '不同意', 4, NULL, NULL, 2);
INSERT INTO psy_gauge_questions_options (id, gauge_questions_id, name, value, img_url, `type`, sort) VALUES(507, 126, '不确定', 3, NULL, NULL, 3);
INSERT INTO psy_gauge_questions_options (id, gauge_questions_id, name, value, img_url, `type`, sort) VALUES(508, 126, '同意', 2, NULL, NULL, 4);
INSERT INTO psy_gauge_questions_options (id, gauge_questions_id, name, value, img_url, `type`, sort) VALUES(509, 127, '完全不同意', 5, NULL, NULL, 1);
INSERT INTO psy_gauge_questions_options (id, gauge_questions_id, name, value, img_url, `type`, sort) VALUES(510, 127, '不同意', 4, NULL, NULL, 2);
INSERT INTO psy_gauge_questions_options (id, gauge_questions_id, name, value, img_url, `type`, sort) VALUES(511, 127, '不确定', 3, NULL, NULL, 3);
INSERT INTO psy_gauge_questions_options (id, gauge_questions_id, name, value, img_url, `type`, sort) VALUES(512, 127, '同意', 2, NULL, NULL, 4);
INSERT INTO psy_gauge_questions_options (id, gauge_questions_id, name, value, img_url, `type`, sort) VALUES(513, 128, '完全不同意', 1, NULL, NULL, 1);
INSERT INTO psy_gauge_questions_options (id, gauge_questions_id, name, value, img_url, `type`, sort) VALUES(514, 128, '不同意', 2, NULL, NULL, 2);
INSERT INTO psy_gauge_questions_options (id, gauge_questions_id, name, value, img_url, `type`, sort) VALUES(515, 128, '不确定', 3, NULL, NULL, 3);
INSERT INTO psy_gauge_questions_options (id, gauge_questions_id, name, value, img_url, `type`, sort) VALUES(516, 128, '同意', 4, NULL, NULL, 4);
INSERT INTO psy_gauge_questions_options (id, gauge_questions_id, name, value, img_url, `type`, sort) VALUES(517, 129, '完全不同意', 5, NULL, NULL, 1);
INSERT INTO psy_gauge_questions_options (id, gauge_questions_id, name, value, img_url, `type`, sort) VALUES(518, 129, '不同意', 4, NULL, NULL, 2);
INSERT INTO psy_gauge_questions_options (id, gauge_questions_id, name, value, img_url, `type`, sort) VALUES(519, 129, '不确定', 3, NULL, NULL, 3);
INSERT INTO psy_gauge_questions_options (id, gauge_questions_id, name, value, img_url, `type`, sort) VALUES(520, 129, '同意', 2, NULL, NULL, 4);
INSERT INTO psy_gauge_questions_options (id, gauge_questions_id, name, value, img_url, `type`, sort) VALUES(521, 130, '完全不同意', 1, NULL, NULL, 1);
INSERT INTO psy_gauge_questions_options (id, gauge_questions_id, name, value, img_url, `type`, sort) VALUES(522, 130, '不同意', 2, NULL, NULL, 2);
INSERT INTO psy_gauge_questions_options (id, gauge_questions_id, name, value, img_url, `type`, sort) VALUES(523, 130, '不确定', 3, NULL, NULL, 3);
INSERT INTO psy_gauge_questions_options (id, gauge_questions_id, name, value, img_url, `type`, sort) VALUES(524, 130, '同意', 4, NULL, NULL, 4);
INSERT INTO psy_gauge_questions_options (id, gauge_questions_id, name, value, img_url, `type`, sort) VALUES(525, 131, '完全不同意', 5, NULL, NULL, 1);
INSERT INTO psy_gauge_questions_options (id, gauge_questions_id, name, value, img_url, `type`, sort) VALUES(526, 131, '不同意', 4, NULL, NULL, 2);
INSERT INTO psy_gauge_questions_options (id, gauge_questions_id, name, value, img_url, `type`, sort) VALUES(527, 131, '不确定', 3, NULL, NULL, 3);
INSERT INTO psy_gauge_questions_options (id, gauge_questions_id, name, value, img_url, `type`, sort) VALUES(528, 131, '同意', 2, NULL, NULL, 4);
INSERT INTO psy_gauge_questions_options (id, gauge_questions_id, name, value, img_url, `type`, sort) VALUES(529, 132, '完全不同意', 5, NULL, NULL, 1);
INSERT INTO psy_gauge_questions_options (id, gauge_questions_id, name, value, img_url, `type`, sort) VALUES(530, 132, '不同意', 4, NULL, NULL, 2);
INSERT INTO psy_gauge_questions_options (id, gauge_questions_id, name, value, img_url, `type`, sort) VALUES(531, 132, '不确定', 3, NULL, NULL, 3);
INSERT INTO psy_gauge_questions_options (id, gauge_questions_id, name, value, img_url, `type`, sort) VALUES(532, 132, '同意', 2, NULL, NULL, 4);
INSERT INTO psy_gauge_questions_options (id, gauge_questions_id, name, value, img_url, `type`, sort) VALUES(533, 133, '完全不同意', 1, NULL, NULL, 1);
INSERT INTO psy_gauge_questions_options (id, gauge_questions_id, name, value, img_url, `type`, sort) VALUES(534, 133, '不同意', 2, NULL, NULL, 2);
INSERT INTO psy_gauge_questions_options (id, gauge_questions_id, name, value, img_url, `type`, sort) VALUES(535, 133, '不确定', 3, NULL, NULL, 3);
INSERT INTO psy_gauge_questions_options (id, gauge_questions_id, name, value, img_url, `type`, sort) VALUES(536, 133, '同意', 4, NULL, NULL, 4);
INSERT INTO psy_gauge_questions_options (id, gauge_questions_id, name, value, img_url, `type`, sort) VALUES(537, 134, '完全不同意', 5, NULL, NULL, 1);
INSERT INTO psy_gauge_questions_options (id, gauge_questions_id, name, value, img_url, `type`, sort) VALUES(538, 134, '不同意', 4, NULL, NULL, 2);
INSERT INTO psy_gauge_questions_options (id, gauge_questions_id, name, value, img_url, `type`, sort) VALUES(539, 134, '不确定', 3, NULL, NULL, 3);
INSERT INTO psy_gauge_questions_options (id, gauge_questions_id, name, value, img_url, `type`, sort) VALUES(540, 134, '同意', 2, NULL, NULL, 4);
INSERT INTO psy_gauge_questions_options (id, gauge_questions_id, name, value, img_url, `type`, sort) VALUES(541, 135, '非常相符', 1, NULL, NULL, 1);
INSERT INTO psy_gauge_questions_options (id, gauge_questions_id, name, value, img_url, `type`, sort) VALUES(542, 135, '大致相符', 1, NULL, NULL, 2);
INSERT INTO psy_gauge_questions_options (id, gauge_questions_id, name, value, img_url, `type`, sort) VALUES(543, 135, '不相符', 0, NULL, NULL, 3);
INSERT INTO psy_gauge_questions_options (id, gauge_questions_id, name, value, img_url, `type`, sort) VALUES(544, 136, '非常相符', 0, NULL, NULL, 1);
INSERT INTO psy_gauge_questions_options (id, gauge_questions_id, name, value, img_url, `type`, sort) VALUES(545, 136, '大致相符', 0, NULL, NULL, 2);
INSERT INTO psy_gauge_questions_options (id, gauge_questions_id, name, value, img_url, `type`, sort) VALUES(546, 136, '不相符', 1, NULL, NULL, 3);
INSERT INTO psy_gauge_questions_options (id, gauge_questions_id, name, value, img_url, `type`, sort) VALUES(547, 137, '非常相符', 1, NULL, NULL, 1);
INSERT INTO psy_gauge_questions_options (id, gauge_questions_id, name, value, img_url, `type`, sort) VALUES(548, 137, '大致相符', 1, NULL, NULL, 2);
INSERT INTO psy_gauge_questions_options (id, gauge_questions_id, name, value, img_url, `type`, sort) VALUES(549, 137, '不相符', 0, NULL, NULL, 3);
INSERT INTO psy_gauge_questions_options (id, gauge_questions_id, name, value, img_url, `type`, sort) VALUES(550, 138, '非常相符', 1, NULL, NULL, 1);
INSERT INTO psy_gauge_questions_options (id, gauge_questions_id, name, value, img_url, `type`, sort) VALUES(551, 138, '大致相符', 1, NULL, NULL, 2);
INSERT INTO psy_gauge_questions_options (id, gauge_questions_id, name, value, img_url, `type`, sort) VALUES(552, 138, '不相符', 0, NULL, NULL, 3);
INSERT INTO psy_gauge_questions_options (id, gauge_questions_id, name, value, img_url, `type`, sort) VALUES(553, 139, '非常相符', 0, NULL, NULL, 1);
INSERT INTO psy_gauge_questions_options (id, gauge_questions_id, name, value, img_url, `type`, sort) VALUES(554, 139, '大致相符', 0, NULL, NULL, 2);
INSERT INTO psy_gauge_questions_options (id, gauge_questions_id, name, value, img_url, `type`, sort) VALUES(555, 139, '不相符', 1, NULL, NULL, 3);
INSERT INTO psy_gauge_questions_options (id, gauge_questions_id, name, value, img_url, `type`, sort) VALUES(556, 140, '非常相符', 0, NULL, NULL, 1);
INSERT INTO psy_gauge_questions_options (id, gauge_questions_id, name, value, img_url, `type`, sort) VALUES(557, 140, '大致相符', 0, NULL, NULL, 2);
INSERT INTO psy_gauge_questions_options (id, gauge_questions_id, name, value, img_url, `type`, sort) VALUES(558, 140, '不相符', 1, NULL, NULL, 3);
INSERT INTO psy_gauge_questions_options (id, gauge_questions_id, name, value, img_url, `type`, sort) VALUES(559, 141, '非常相符', 1, NULL, NULL, 1);
INSERT INTO psy_gauge_questions_options (id, gauge_questions_id, name, value, img_url, `type`, sort) VALUES(560, 141, '大致相符', 1, NULL, NULL, 2);
INSERT INTO psy_gauge_questions_options (id, gauge_questions_id, name, value, img_url, `type`, sort) VALUES(561, 141, '不相符', 0, NULL, NULL, 3);
INSERT INTO psy_gauge_questions_options (id, gauge_questions_id, name, value, img_url, `type`, sort) VALUES(562, 142, '非常相符', 0, NULL, NULL, 1);
INSERT INTO psy_gauge_questions_options (id, gauge_questions_id, name, value, img_url, `type`, sort) VALUES(563, 142, '大致相符', 0, NULL, NULL, 2);
INSERT INTO psy_gauge_questions_options (id, gauge_questions_id, name, value, img_url, `type`, sort) VALUES(564, 142, '不相符', 1, NULL, NULL, 3);
INSERT INTO psy_gauge_questions_options (id, gauge_questions_id, name, value, img_url, `type`, sort) VALUES(565, 143, '非常相符', 0, NULL, NULL, 1);
INSERT INTO psy_gauge_questions_options (id, gauge_questions_id, name, value, img_url, `type`, sort) VALUES(566, 143, '大致相符', 0, NULL, NULL, 2);
INSERT INTO psy_gauge_questions_options (id, gauge_questions_id, name, value, img_url, `type`, sort) VALUES(567, 143, '不相符', 1, NULL, NULL, 3);
INSERT INTO psy_gauge_questions_options (id, gauge_questions_id, name, value, img_url, `type`, sort) VALUES(568, 144, '非常相符', 1, NULL, NULL, 1);
INSERT INTO psy_gauge_questions_options (id, gauge_questions_id, name, value, img_url, `type`, sort) VALUES(569, 144, '大致相符', 1, NULL, NULL, 2);
INSERT INTO psy_gauge_questions_options (id, gauge_questions_id, name, value, img_url, `type`, sort) VALUES(570, 144, '不相符', 0, NULL, NULL, 3);
INSERT INTO psy_gauge_questions_options (id, gauge_questions_id, name, value, img_url, `type`, sort) VALUES(571, 145, '确实是这样', 1, NULL, NULL, 1);
INSERT INTO psy_gauge_questions_options (id, gauge_questions_id, name, value, img_url, `type`, sort) VALUES(572, 145, '可能是这样', 2, NULL, NULL, 1);
INSERT INTO psy_gauge_questions_options (id, gauge_questions_id, name, value, img_url, `type`, sort) VALUES(573, 145, '不同意也不反对', 3, NULL, NULL, 3);
INSERT INTO psy_gauge_questions_options (id, gauge_questions_id, name, value, img_url, `type`, sort) VALUES(574, 145, '可能不是这样', 4, NULL, NULL, 4);
INSERT INTO psy_gauge_questions_options (id, gauge_questions_id, name, value, img_url, `type`, sort) VALUES(575, 145, '确实不是这样', 5, NULL, NULL, 5);
INSERT INTO psy_gauge_questions_options (id, gauge_questions_id, name, value, img_url, `type`, sort) VALUES(576, 146, '确实是这样', 5, NULL, NULL, 1);
INSERT INTO psy_gauge_questions_options (id, gauge_questions_id, name, value, img_url, `type`, sort) VALUES(577, 146, '可能是这样', 4, NULL, NULL, 2);
INSERT INTO psy_gauge_questions_options (id, gauge_questions_id, name, value, img_url, `type`, sort) VALUES(578, 146, '不同意也不反对', 3, NULL, NULL, 3);
INSERT INTO psy_gauge_questions_options (id, gauge_questions_id, name, value, img_url, `type`, sort) VALUES(579, 146, '可能不是这样', 2, NULL, NULL, 4);
INSERT INTO psy_gauge_questions_options (id, gauge_questions_id, name, value, img_url, `type`, sort) VALUES(580, 146, '确实不是这样', 1, NULL, NULL, 5);
INSERT INTO psy_gauge_questions_options (id, gauge_questions_id, name, value, img_url, `type`, sort) VALUES(581, 147, '确实是这样', 1, NULL, NULL, 1);
INSERT INTO psy_gauge_questions_options (id, gauge_questions_id, name, value, img_url, `type`, sort) VALUES(582, 147, '可能是这样', 2, NULL, NULL, 2);
INSERT INTO psy_gauge_questions_options (id, gauge_questions_id, name, value, img_url, `type`, sort) VALUES(583, 147, '不同意也不反对', 3, NULL, NULL, 3);
INSERT INTO psy_gauge_questions_options (id, gauge_questions_id, name, value, img_url, `type`, sort) VALUES(584, 147, '可能不是这样', 4, NULL, NULL, 4);
INSERT INTO psy_gauge_questions_options (id, gauge_questions_id, name, value, img_url, `type`, sort) VALUES(585, 147, '确实不是这样', 5, NULL, NULL, 5);
INSERT INTO psy_gauge_questions_options (id, gauge_questions_id, name, value, img_url, `type`, sort) VALUES(586, 148, '确实是这样', 5, NULL, NULL, 1);
INSERT INTO psy_gauge_questions_options (id, gauge_questions_id, name, value, img_url, `type`, sort) VALUES(587, 148, '可能是这样', 4, NULL, NULL, 2);
INSERT INTO psy_gauge_questions_options (id, gauge_questions_id, name, value, img_url, `type`, sort) VALUES(588, 148, '同意也不反对', 3, NULL, NULL, 3);
INSERT INTO psy_gauge_questions_options (id, gauge_questions_id, name, value, img_url, `type`, sort) VALUES(589, 148, '可能不是这样', 2, NULL, NULL, 4);
INSERT INTO psy_gauge_questions_options (id, gauge_questions_id, name, value, img_url, `type`, sort) VALUES(590, 148, '确实不是这样', 1, NULL, NULL, 5);
INSERT INTO psy_gauge_questions_options (id, gauge_questions_id, name, value, img_url, `type`, sort) VALUES(591, 149, '确实是这样', 1, NULL, NULL, 1);
INSERT INTO psy_gauge_questions_options (id, gauge_questions_id, name, value, img_url, `type`, sort) VALUES(592, 149, '可能是这样', 2, NULL, NULL, 2);
INSERT INTO psy_gauge_questions_options (id, gauge_questions_id, name, value, img_url, `type`, sort) VALUES(593, 149, '不同意也不反对', 3, NULL, NULL, 3);
INSERT INTO psy_gauge_questions_options (id, gauge_questions_id, name, value, img_url, `type`, sort) VALUES(594, 149, '可能不是这样', 4, NULL, NULL, 4);
INSERT INTO psy_gauge_questions_options (id, gauge_questions_id, name, value, img_url, `type`, sort) VALUES(595, 149, '确实不是这样', 5, NULL, NULL, 5);
INSERT INTO psy_gauge_questions_options (id, gauge_questions_id, name, value, img_url, `type`, sort) VALUES(596, 150, '确实是这样', 5, NULL, NULL, 1);
INSERT INTO psy_gauge_questions_options (id, gauge_questions_id, name, value, img_url, `type`, sort) VALUES(597, 150, '可能是这样', 4, NULL, NULL, 2);
INSERT INTO psy_gauge_questions_options (id, gauge_questions_id, name, value, img_url, `type`, sort) VALUES(598, 150, '不同意也不反对', 3, NULL, NULL, 3);
INSERT INTO psy_gauge_questions_options (id, gauge_questions_id, name, value, img_url, `type`, sort) VALUES(599, 150, '可能不是这样', 2, NULL, NULL, 4);
INSERT INTO psy_gauge_questions_options (id, gauge_questions_id, name, value, img_url, `type`, sort) VALUES(600, 150, '确实不是这样', 1, NULL, NULL, 5);
INSERT INTO psy_gauge_questions_options (id, gauge_questions_id, name, value, img_url, `type`, sort) VALUES(601, 151, '确实是这样', 5, NULL, NULL, 1);
INSERT INTO psy_gauge_questions_options (id, gauge_questions_id, name, value, img_url, `type`, sort) VALUES(602, 151, '可能是这样', 4, NULL, NULL, 2);
INSERT INTO psy_gauge_questions_options (id, gauge_questions_id, name, value, img_url, `type`, sort) VALUES(603, 151, '不同意也不反对', 3, NULL, NULL, 3);
INSERT INTO psy_gauge_questions_options (id, gauge_questions_id, name, value, img_url, `type`, sort) VALUES(604, 151, '可能不是这样', 2, NULL, NULL, 4);
INSERT INTO psy_gauge_questions_options (id, gauge_questions_id, name, value, img_url, `type`, sort) VALUES(605, 151, '确实不是这样', 1, NULL, NULL, 5);
INSERT INTO psy_gauge_questions_options (id, gauge_questions_id, name, value, img_url, `type`, sort) VALUES(606, 152, '确实是这样', 1, NULL, NULL, 1);
INSERT INTO psy_gauge_questions_options (id, gauge_questions_id, name, value, img_url, `type`, sort) VALUES(607, 152, '可能是这样', 2, NULL, NULL, 2);
INSERT INTO psy_gauge_questions_options (id, gauge_questions_id, name, value, img_url, `type`, sort) VALUES(608, 152, '不同意也不反对', 3, NULL, NULL, 3);
INSERT INTO psy_gauge_questions_options (id, gauge_questions_id, name, value, img_url, `type`, sort) VALUES(609, 152, '可能不是这样', 4, NULL, NULL, 4);
INSERT INTO psy_gauge_questions_options (id, gauge_questions_id, name, value, img_url, `type`, sort) VALUES(610, 152, '确实不是这样', 5, NULL, NULL, 5);
INSERT INTO psy_gauge_questions_options (id, gauge_questions_id, name, value, img_url, `type`, sort) VALUES(611, 153, '确实是这样', 1, NULL, NULL, 1);
INSERT INTO psy_gauge_questions_options (id, gauge_questions_id, name, value, img_url, `type`, sort) VALUES(612, 153, '可能是这样', 2, NULL, NULL, 2);
INSERT INTO psy_gauge_questions_options (id, gauge_questions_id, name, value, img_url, `type`, sort) VALUES(613, 153, '不同意也不反对', 3, NULL, NULL, 3);
INSERT INTO psy_gauge_questions_options (id, gauge_questions_id, name, value, img_url, `type`, sort) VALUES(614, 153, '可能不是这样', 4, NULL, NULL, 4);
INSERT INTO psy_gauge_questions_options (id, gauge_questions_id, name, value, img_url, `type`, sort) VALUES(615, 153, '确实不是这样', 5, NULL, NULL, 5);
INSERT INTO psy_gauge_questions_options (id, gauge_questions_id, name, value, img_url, `type`, sort) VALUES(616, 154, '确实是这样', 5, NULL, NULL, 1);
INSERT INTO psy_gauge_questions_options (id, gauge_questions_id, name, value, img_url, `type`, sort) VALUES(617, 154, '可能是这样', 4, NULL, NULL, 2);
INSERT INTO psy_gauge_questions_options (id, gauge_questions_id, name, value, img_url, `type`, sort) VALUES(618, 154, '不同意也不反对', 3, NULL, NULL, 3);
INSERT INTO psy_gauge_questions_options (id, gauge_questions_id, name, value, img_url, `type`, sort) VALUES(619, 154, '可能不是这样', 2, NULL, NULL, 4);
INSERT INTO psy_gauge_questions_options (id, gauge_questions_id, name, value, img_url, `type`, sort) VALUES(620, 154, '确实不是这样', 1, NULL, NULL, 5);
INSERT INTO psy_gauge_questions_options (id, gauge_questions_id, name, value, img_url, `type`, sort) VALUES(621, 155, '是', 1, NULL, NULL, 1);
INSERT INTO psy_gauge_questions_options (id, gauge_questions_id, name, value, img_url, `type`, sort) VALUES(622, 155, '否', 0, NULL, NULL, 2);
INSERT INTO psy_gauge_questions_options (id, gauge_questions_id, name, value, img_url, `type`, sort) VALUES(623, 156, '是', 1, NULL, NULL, 1);
INSERT INTO psy_gauge_questions_options (id, gauge_questions_id, name, value, img_url, `type`, sort) VALUES(624, 156, '否', 0, NULL, NULL, 2);
INSERT INTO psy_gauge_questions_options (id, gauge_questions_id, name, value, img_url, `type`, sort) VALUES(625, 157, '是', 1, NULL, NULL, 1);
INSERT INTO psy_gauge_questions_options (id, gauge_questions_id, name, value, img_url, `type`, sort) VALUES(626, 157, '否', 0, NULL, NULL, 2);
INSERT INTO psy_gauge_questions_options (id, gauge_questions_id, name, value, img_url, `type`, sort) VALUES(627, 158, '是', 1, NULL, NULL, 1);
INSERT INTO psy_gauge_questions_options (id, gauge_questions_id, name, value, img_url, `type`, sort) VALUES(628, 158, '否', 0, NULL, NULL, 2);
INSERT INTO psy_gauge_questions_options (id, gauge_questions_id, name, value, img_url, `type`, sort) VALUES(629, 159, '是', 1, NULL, NULL, 1);
INSERT INTO psy_gauge_questions_options (id, gauge_questions_id, name, value, img_url, `type`, sort) VALUES(630, 159, '否', 0, NULL, NULL, 2);
INSERT INTO psy_gauge_questions_options (id, gauge_questions_id, name, value, img_url, `type`, sort) VALUES(631, 160, '是', 1, NULL, NULL, 1);
INSERT INTO psy_gauge_questions_options (id, gauge_questions_id, name, value, img_url, `type`, sort) VALUES(632, 160, '否', 0, NULL, NULL, 2);
INSERT INTO psy_gauge_questions_options (id, gauge_questions_id, name, value, img_url, `type`, sort) VALUES(633, 161, '是', 1, NULL, NULL, 1);
INSERT INTO psy_gauge_questions_options (id, gauge_questions_id, name, value, img_url, `type`, sort) VALUES(634, 161, '否', 0, NULL, NULL, 2);
INSERT INTO psy_gauge_questions_options (id, gauge_questions_id, name, value, img_url, `type`, sort) VALUES(635, 162, '是', 1, NULL, NULL, 1);
INSERT INTO psy_gauge_questions_options (id, gauge_questions_id, name, value, img_url, `type`, sort) VALUES(636, 162, '否', 0, NULL, NULL, 2);
INSERT INTO psy_gauge_questions_options (id, gauge_questions_id, name, value, img_url, `type`, sort) VALUES(637, 163, '是', 1, NULL, NULL, 1);
INSERT INTO psy_gauge_questions_options (id, gauge_questions_id, name, value, img_url, `type`, sort) VALUES(638, 163, '否', 0, NULL, NULL, 2);
INSERT INTO psy_gauge_questions_options (id, gauge_questions_id, name, value, img_url, `type`, sort) VALUES(639, 164, '是', 1, NULL, NULL, 1);
INSERT INTO psy_gauge_questions_options (id, gauge_questions_id, name, value, img_url, `type`, sort) VALUES(640, 164, '否', 0, NULL, NULL, 2);
INSERT INTO psy_gauge_questions_options (id, gauge_questions_id, name, value, img_url, `type`, sort) VALUES(642, 165, '是', 1, NULL, NULL, 1);
INSERT INTO psy_gauge_questions_options (id, gauge_questions_id, name, value, img_url, `type`, sort) VALUES(643, 165, '否', 0, NULL, NULL, 2);
INSERT INTO psy_gauge_questions_options (id, gauge_questions_id, name, value, img_url, `type`, sort) VALUES(644, 166, '是', 1, NULL, NULL, 1);
INSERT INTO psy_gauge_questions_options (id, gauge_questions_id, name, value, img_url, `type`, sort) VALUES(645, 166, '否', 0, NULL, NULL, 2);
INSERT INTO psy_gauge_questions_options (id, gauge_questions_id, name, value, img_url, `type`, sort) VALUES(646, 167, '是', 1, NULL, NULL, 1);
INSERT INTO psy_gauge_questions_options (id, gauge_questions_id, name, value, img_url, `type`, sort) VALUES(647, 167, '否', 0, NULL, NULL, 2);
INSERT INTO psy_gauge_questions_options (id, gauge_questions_id, name, value, img_url, `type`, sort) VALUES(648, 168, '是', 1, NULL, NULL, 1);
INSERT INTO psy_gauge_questions_options (id, gauge_questions_id, name, value, img_url, `type`, sort) VALUES(649, 168, '否', 0, NULL, NULL, 2);
INSERT INTO psy_gauge_questions_options (id, gauge_questions_id, name, value, img_url, `type`, sort) VALUES(650, 169, '是', 1, NULL, NULL, 1);
INSERT INTO psy_gauge_questions_options (id, gauge_questions_id, name, value, img_url, `type`, sort) VALUES(651, 169, '否', 0, NULL, NULL, 2);


INSERT INTO psy_gauge_score_setting (id, gauge_id, `start`, `end`, proposal, `result`) VALUES(18, 6, 31, 40, '', '【安全感指数：10%】你本身来说，就是一个很没有安全感的人。 你总是担心自己做的不够好，可以说你所有的努力都是为了得到别人的肯定去做的，而不是为了好好爱自己。 婚姻对你来说，更像是一项要完成的人生大事，像一个任务，而不是因为爱所以爱的结果。 你一心希望婚姻能消除你的孤独，带给你安全感，可是你的内心充满了不安，婚后的琐事只会令你更不安的。 一个人不能过好，两个人也一样不能过好，安全感应该是自己给的。');
INSERT INTO psy_gauge_score_setting (id, gauge_id, `start`, `end`, proposal, `result`) VALUES(19, 6, 25, 30, '', '【安全感指数：40%】你是一个很感性的人，考虑的问题太多，旁人有意无意说的话对你的影响也是很明显的，所以你面对生活中的很多事都不是很坚定，常常都是犹豫着好不容易做出选择以后，又后悔自己的决定。 徘徊着，纠结着都可以说已经是你的一种习惯了。 你对这个世界有很多的不安，就算结了婚，也一样会不安，特别是看到有人离婚，心里的不安就会成倍的放大了。 未来本就是不可预见的，珍惜拥有的，一个有安全感的婚姻是爱自己的副产品。');
INSERT INTO psy_gauge_score_setting (id, gauge_id, `start`, `end`, proposal, `result`) VALUES(20, 6, 20, 24, '/profile/upload/2022/10/11/测评说明_20221011152529A002.png', '【安全感指数：60%】你虽然在遇到不顺时，也会不满，也会有所抱怨，但是你懂得适可而止。 你会积极主动的消化吸收那些正能量，也能领悟到安全感是来自内心的道理。 你对婚姻有很美好的期望，但是你不会把安全感完全寄希望于婚姻上。 虽然你做的还不是太好，但是你至少会学着好好爱自己，在你爱自己的基础上，婚姻才能带给你更多的欢乐。 一个人只有爱自己，才有理由爱上自己选择的婚姻，才能把婚姻经营好，安全感一直都在心里。');
INSERT INTO psy_gauge_score_setting (id, gauge_id, `start`, `end`, proposal, `result`) VALUES(21, 6, 10, 19, '', '【安全感指数：95%】你是一个会理性认识世界，认识生活，认识和保护自己的人。 你在爱别人之前，你首先是很爱自己的，你会理性的看待婚姻。 在你没有进入到婚姻的角色之前，你就已经是一个很有安全感的人了。 你懂得选择自己喜欢的生活，与志同道合的人交朋友，你也知道适合自己的对象是什么样的，会选择自己所爱，更会爱自己所选择的。 你爱自己，爱你的人就会更爱你，你爱你的婚姻，你的婚姻就会给你加倍的安全感的。');
INSERT INTO psy_gauge_score_setting (id, gauge_id, `start`, `end`, proposal, `result`) VALUES(38, 11, 13, 25, '', '您的教养方式为溺爱型。您一般很少给孩子设限制或者说根本不设限制,只要在保持身体安全的条件下会尽可能给予孩子自由。您有时会容许孩子做出一些令您生气的行为，但您不知道该如何表达自己的愤怒，往往以“我很忙、我不懂”来放弃教育孩子的责任。结果，当怒气积累到不可控制的程度，您往往会痛斥孩子，更有可能出其所愿地伤害孩子。您看似整天围着孩子转，和孩子的关系融洽，实则是看着孩子的脸色唯唯诺诺,孩子是“小皇帝”，是家庭里的“中心”。 专业建议：给予孩子一定的自由空间是必须的，但同时要懂得给孩子设置必要的限制。在孩子成长的过程中，家长有着指导、提供标准的责任，必要的限制不会阻碍孩子的成长，反而能够促进孩子在一个正确的方向上更好的发展。所以，您最迫切的任务在于放弃对孩子无条件的服从，开始教育孩子严格遵守一定的规则制度。');
INSERT INTO psy_gauge_score_setting (id, gauge_id, `start`, `end`, proposal, `result`) VALUES(39, 12, 20, 59, '', '亲子关系已有了危机，须马上调整。 建议：您需要缓和与孩子之间的关系，可以尝试与孩子多聊聊学校里的生活，每天有哪些开心和不开心的事情，试着去倾听孩子的声音，像对待朋友般给出建议而不是严厉地去指责孩子。平常的时候可以尝试与孩子一同参与一些户外活动，增进彼此间的联系。');
INSERT INTO psy_gauge_score_setting (id, gauge_id, `start`, `end`, proposal, `result`) VALUES(48, 11, 26, 38, '', '您的教养方式为权威型。您在给孩子发展自立能力的同时，也为孩子的成长提供了所需的标准、必要的限制和指导性原则。您关心孩子，对孩子的需要能作出敏感的反应,您和孩子的关系应该较为亲密，情感和思想的交流都很充分,您的孩子应该有较强的自我控制能力，社会适应都良好。 专业建议：您目前的教养方式对孩子的发展是较为合适的，请继续保持。');
INSERT INTO psy_gauge_score_setting (id, gauge_id, `start`, `end`, proposal, `result`) VALUES(49, 12, 60, 79, '', '你们的相处还算良好。 建议：您和孩子相处的较好，继续保持这样的状况，尝试进一步地去与孩子沟通内心的想法和观念，您和孩子的关系可以更进一步。');
INSERT INTO psy_gauge_score_setting (id, gauge_id, `start`, `end`, proposal, `result`) VALUES(50, 11, 39, 52, '', '您的教养方式为专制型。您会要求孩子绝对听从自己的意见，服从自己的决定，为孩子设计将来的发展方向，您与孩子的关系是不平等的，日常难以进行有效的沟通。您与孩子关系可能不太融洽，甚至可能类似“猫和老鼠”的关系,您的孩子可能形成言语上和行为上的两面性，同时相较其他孩子可能缺乏自信。 专业建议：给孩子设定标准和规则是需要的，但同时您需要学会尊重孩子的主观能动性，您可以尝试平等地对待孩子，给孩子一定的空间自己去探索，选择，也许有时候孩子会犯错，但这正是孩子成长的途径，相比较您直接告诉他什么能做，什么不能做，效果会好很多。');
INSERT INTO psy_gauge_score_setting (id, gauge_id, `start`, `end`, proposal, `result`) VALUES(51, 12, 80, 100, '', '恭喜你，你们的亲子关系很好 建议：您和孩子相处的非常好，请继续保持下去。');
INSERT INTO psy_gauge_score_setting (id, gauge_id, `start`, `end`, proposal, `result`) VALUES(52, 13, 1, 20, '', NULL);
INSERT INTO psy_gauge_score_setting (id, gauge_id, `start`, `end`, proposal, `result`) VALUES(53, 14, 0, 24, '', '你承受压力的心理素质比较差，很容易失去心理平衡，变得窘促不安，甚至惊慌失措。');
INSERT INTO psy_gauge_score_setting (id, gauge_id, `start`, `end`, proposal, `result`) VALUES(54, 14, 25, 31, '', '你的心理素质比较强，性情还算比较稳定，遇事一般不会十分惊慌，但有时往往采取消极应付的态度。');
INSERT INTO psy_gauge_score_setting (id, gauge_id, `start`, `end`, proposal, `result`) VALUES(55, 14, 32, 40, '', '你的心理素质很好，几乎没有令你感到尴尬的事，尽管偶尔会失去控制，但惫自来说，你的应变能力很强，是一个能经常保持镇静，从容不迫的人。');
INSERT INTO psy_gauge_score_setting (id, gauge_id, `start`, `end`, proposal, `result`) VALUES(56, 15, 25, 30, '', '【魅力指数：60分】想要在与人交往的过程中展现自己的魅力，主要受到两大因素的制约：情感能力和社会交往能力。而这两大能力又分为三个水平：表达水平、感受水平和控制水平。根据你的得分来看，你在这两大能力的得分上都比较低，即使你有着较为不错的先天条件（比如外貌、身材等等），但由于你没有发展出足够的魅商，因此你始终不能很好地展现出自己的魅力。 说准你了吗？ 不如分享给朋友看看他们是什么样的吧！');
INSERT INTO psy_gauge_score_setting (id, gauge_id, `start`, `end`, proposal, `result`) VALUES(57, 15, 31, 50, '', '【魅力指数：70分】想要在与人交往的过程中展现自己的魅力，主要受到两大因素的制约：情感能力和社会交往能力。而这两大能力又分为三个水平：表达水平、感受水平和控制水平。根据你的得分来看，你可能在某一能力方面存在着较大的不足，或者是在两种能力中都得分较低。情感能力能够让你表达出适合的情感以及更好地理解他人的情感，而社会交往能力则能够让你在社交场合更加应对自如，只有掌握好这两大能力，你才能够真正展现出自己的魅力。 说准你了吗？ 不如分享给朋友看看他们是什么样的吧！');
INSERT INTO psy_gauge_score_setting (id, gauge_id, `start`, `end`, proposal, `result`) VALUES(58, 15, 51, 90, '', '【魅力指数：80分】想要在与人交往的过程中展现自己的魅力，主要受到两大因素的制约：情感能力和社会交往能力。而这两大能力又分为三个水平：表达水平、感受水平和控制水平。根据你的得分来看，你在这两方面表现得都比较不错，更有可能有一方面的能力是你尤为擅长的。当然，这并不是说你已经能够完全将自己的魅力展现出来了，你只有让自己的社交和情感能力更加精进，才能够在他人面前展示出更大的魅力。 说准你了吗？ 不如分享给朋友看看他们是什么样的吧！');
INSERT INTO psy_gauge_score_setting (id, gauge_id, `start`, `end`, proposal, `result`) VALUES(59, 15, 91, 100, '', '【魅力指数：90分】想要在与人交往的过程中展现自己的魅力，主要受到两大因素的制约：情感能力和社会交往能力。而这两大能力又分为三个水平：表达水平、感受水平和控制水平。根据你的得分来看，你在两方面的能力上都有着十分出色的表现，你擅长理解他人的情感，并在各种场合下都能表现出符合该场合氛围的情绪；同时你在社交场合中，知晓并且遵守着社交礼仪，同时也能够很快拉近与他人的距离。你的魅商很高，能够完全展现出自己的魅力，给他人留下一个深刻的印象。 说准你了吗？ 不如分享给朋友看看他们是什么样的吧！');
INSERT INTO psy_gauge_score_setting (id, gauge_id, `start`, `end`, proposal, `result`) VALUES(60, 16, 101, 195, '', '【积极热情】个性开放，觉得助人为快乐之本。做事乾脆俐落，有时会过度激动，但又富有强烈的同情心，令人莫明的想和他们亲近。也因为他们的复原力很强，我们能轻易感觉一股够劲的行动力，和他们在一起就像有了一股生命的泉源，不会有想放弃的念头，因为他们总是抱持著乐观进取的态度。 ◎积极人：勇於追求目标理想，不会放弃任何希望，也具有越挫越勇的特质和困难环境中越不易击败的精神。 ◎热情人：生活圈广泛五彩缤纷，比较不拘小节，因此造成他们的个性坦率直来直往活泼好动的性格，也常有孩子气的举动。');
INSERT INTO psy_gauge_score_setting (id, gauge_id, `start`, `end`, proposal, `result`) VALUES(61, 16, 90, 100, '', '【领导人】做事慢条斯理，喜欢思考、沉淀思绪，爱好命令别人，讨厌别人的反抗与被质疑的态度，不容许也不容许自己输给别人。喜爱学习，想让自己成为最好的。而达不到目标时，会不分青红皂白的生闷气。');
INSERT INTO psy_gauge_score_setting (id, gauge_id, `start`, `end`, proposal, `result`) VALUES(62, 16, 79, 89, '', '【感性人】表达能力丰富，想像空间大，因此常胡思乱想而变的多愁善感，容易沉醉在罗曼蒂克与甜言蜜语渔，对爱情总是既期待又怕受伤，常无厘头又莫明的对号入坐。个性属於优柔寡断型，通不顾现实只跟著感觉走，让人猜不著他的想法与思考逻辑。');
INSERT INTO psy_gauge_score_setting (id, gauge_id, `start`, `end`, proposal, `result`) VALUES(63, 16, 60, 78, '', '【理性＆淡定】做事总是深思熟虑考虑再三，谨慎小心，冷静且也当个容易妥协的人，有时候宁愿自己承受舆论与压力，也不愿说出来和好友谈谈，因为他们总是认为自己能熬过那么不堪苦的日子，痕都只是在逞强罢了。他们通常讨厌被束缚，更市酷爱自由！ ◎理性人：深思熟虑为第一原则，凡事要求公私分明，生活可能较拘谨严肃，对於赞美悲伤或开心等没什么差异性。 ◎淡定人：与世无争恬定主意者，内心没什么波澜，就像温驯的绵羊，只要能够生活就好，不必计较太多，成为只羡鸳鸯不羡仙的那一类人。');
INSERT INTO psy_gauge_score_setting (id, gauge_id, `start`, `end`, proposal, `result`) VALUES(64, 16, 40, 59, '', '【双重＆孤寂】环境的因素会让你不知道该怎么表现你自己，所以你可能有见人说人话的习惯，其实你热爱人多的时候，只是有时会导致你慌乱，不过你还会因为现实的需要而委屈自己，配合他人！通常会得不到满足而受挫，造成自闭。 ◎双重人：不会适时表达情感，压抑情绪总是他们碰到阻碍和困难时的第一个反应，学习如何发泄情绪与传达自己的意见，市必须优先学习的。 ◎孤寂人：对於现实不满，不易与人相处，难以找到生活的目标与重心，觉得没人了解自己，常引发强烈的自我防卫意识，就算与人交往，心中仍有一份挥之不去的孤单。');
INSERT INTO psy_gauge_score_setting (id, gauge_id, `start`, `end`, proposal, `result`) VALUES(65, 16, 0, 39, '', '【现实＆自我】喜欢多变刺激的事，是个很有心机的人，而且计划周详，别人对你难以揣测，对任何事你都充满企图心，刚愎自用，想突显求表现。常追求遥不可及的梦想，造成不平衡的心态，隐瞒自己也欺骗别人。 ◎现实人：为了讨好上司、朋友，让人觉得墙头草两边倒，心机重，心眼小，自私又自利，但往往能为自己打算未来，为自己创造一番天地。 ◎自我人：常透过主观的感受来表达意见，然而，人际关系的走样，或许是造成压力的来源。不自觉的划地自限压抑情绪，也不愿被外在所影响而尝试改变，更不会考虑别人的感受，即便经历了挫折？仍然固执自己的理念。');
INSERT INTO psy_gauge_score_setting (id, gauge_id, `start`, `end`, proposal, `result`) VALUES(66, 17, 10, 20, '', '您对核心自我的评价很低，核心自我评价很低会让您在面对事业（学习）时难以获得成功的激励，而对挫折的沮丧会加成，建议您进行一段专业的心理咨询去认识真实的自我。');
INSERT INTO psy_gauge_score_setting (id, gauge_id, `start`, `end`, proposal, `result`) VALUES(67, 17, 20, 30, '', '您对核心自我的评价较低，核心自我较低并不能让您对自我形成一个准确的认识，较低的核心自我会阻挡您对于某些机遇的把握，建议你可以通过心理咨询来认识真实的自我。');
INSERT INTO psy_gauge_score_setting (id, gauge_id, `start`, `end`, proposal, `result`) VALUES(68, 17, 31, 40, '', '您对核心自我的评价较高，核心自我评价较高让您对大多数事情都充满了自信，这是成功的起步，也是魅力的一种，请继续保持。');
INSERT INTO psy_gauge_score_setting (id, gauge_id, `start`, `end`, proposal, `result`) VALUES(69, 17, 41, 50, '', '您对核心自我的评价很高，核心自我评价很高的您一定是一个非常自信的人吧，现实的生活中是否会给人一种太过强势的感觉呢？正所谓有利则有弊，很高的核心自我评价能够帮助能自信得走在自己认定的道路上，但有时候您也需要听听周围的声音。');
INSERT INTO psy_gauge_score_setting (id, gauge_id, `start`, `end`, proposal, `result`) VALUES(70, 18, 0, 6, '', '【低自我价值感】对自己缺乏自信，不会主动为自己争取机会，对自己的尊重程度欠缺，也可能会感受到别人对自己也不够尊重，平时比较容易焦虑，情绪容易低落，自我价值感迫切需要提升。 你首先需要认识到，自己在自我认识上存在偏颇，生命原本就是有价值的，你本来就是有价值的，很重要的。你需要在自我欣赏、自我关爱和自我肯定方面继续提高，并带着勇气去尝试和实践，在实践中肯定自己的进步。');
INSERT INTO psy_gauge_score_setting (id, gauge_id, `start`, `end`, proposal, `result`) VALUES(71, 18, 7, 8, '', '【中等程度的自我价值】对自己有些自信，但在某些方面仍然信心不足，在自我尊重和赢得他人尊重方面仍有些欠缺，可以在带着勇气的实践和尝试中，继续强化自我肯定、自我关爱和自我尊重。');
INSERT INTO psy_gauge_score_setting (id, gauge_id, `start`, `end`, proposal, `result`) VALUES(72, 18, 9, 10, '', '【高自我价值】你对自己是充满信心的，你会主动为自己争取机会，而且你的运气似乎总是不错，你会尊重自己，也会因此赢得别人的尊重。你也懂得关爱自己，相信自己，相信自己的直觉和选择。');
INSERT INTO psy_gauge_score_setting (id, gauge_id, `start`, `end`, proposal, `result`) VALUES(74, 19, 0, 36, '', '您的对伴侣关系满意度很低，已经低于正常范围，您需要寻求专家的帮助，你们的关系中存在较大隐患，长期看，你们的关系出现裂痕的可能性很大。');
INSERT INTO psy_gauge_score_setting (id, gauge_id, `start`, `end`, proposal, `result`) VALUES(75, 19, 37, 43, '', '您对和伴侣的关系基本是满意的，希望您继续保持，您也可以寻求专家的建议，让您和伴侣的关系得到更好的改善。');
INSERT INTO psy_gauge_score_setting (id, gauge_id, `start`, `end`, proposal, `result`) VALUES(76, 19, 44, 50, '', '您对和伴侣的关系是满意的，暂时无需情感专家的帮助。');
INSERT INTO psy_gauge_score_setting (id, gauge_id, `start`, `end`, proposal, `result`) VALUES(77, 20, 0, 4, '', '你有【轻微的拖延倾向】，你所完成的工作常常都不是很完美，因为你没有给自己充足的时间去好好雕琢细节。你会有轻微的拖延倾向，但这并没有影响你的整体工作效率。好好思考自己在哪个环节上易产生拖延，然后在这方面努力做出一些改变吧！');
INSERT INTO psy_gauge_score_setting (id, gauge_id, `start`, `end`, proposal, `result`) VALUES(78, 20, 5, 11, '', '你有【中度拖延倾向】，我知道你不喜欢自己拖延，但你离重度拖延不远啦！你总是心急火燎地赶工，在最后一刻完成任务。当回头看自己的一天甚至过去的一周时，你都会很惊奇感慨：“这些时间都去哪儿了？我都干了些什么？”你可以通过对任务进行优先级管理来帮助自己摆脱拖延，并思考思考到底什么才是你生命最重要的。');
INSERT INTO psy_gauge_score_setting (id, gauge_id, `start`, `end`, proposal, `result`) VALUES(79, 20, 12, 15, '', '你有【重度拖延倾向】，你习惯于把重要的工作和一些毫不相关的小事混在一起。你经常拖延工作甚至根本就无视工作。你把大把时间浪费在了制定计划和目标、做白日梦上面。或许你需要一个时间管理教练，或自己开始学习时间管理。时间管理能教你设定可达成的目标，并且找到终结拖延习惯的积极途径，你一定会从中受益！');

INSERT INTO sys_dict_type (dict_id, dict_name, dict_type, status, create_by, create_time, update_by, update_time, remark) VALUES(100, 'banner类型', 'psy_home_banner_type', '0', 'admin', '2022-10-18 09:33:29', '', NULL, NULL);
INSERT INTO sys_dict_type (dict_id, dict_name, dict_type, status, create_by, create_time, update_by, update_time, remark) VALUES(101, '量表标签分类', 'gauge_label_class', '0', 'admin', '2022-10-18 09:40:34', '', NULL, NULL);

INSERT INTO sys_dict_data (dict_code, dict_sort, dict_label, dict_value, dict_type, css_class, list_class, is_default, status, create_by, create_time, update_by, update_time, remark) VALUES(100, 0, '首页一级banner页', '0', 'psy_home_banner_type', NULL, 'default', 'N', '0', 'admin', '2022-10-18 09:34:40', 'admin', '2022-10-18 09:35:05', NULL);
INSERT INTO sys_dict_data (dict_code, dict_sort, dict_label, dict_value, dict_type, css_class, list_class, is_default, status, create_by, create_time, update_by, update_time, remark) VALUES(101, 0, '首页二级banner页', '1', 'psy_home_banner_type', NULL, 'default', 'N', '0', 'admin', '2022-10-18 09:34:57', '', NULL, NULL);
INSERT INTO sys_dict_data (dict_code, dict_sort, dict_label, dict_value, dict_type, css_class, list_class, is_default, status, create_by, create_time, update_by, update_time, remark) VALUES(102, 0, '限时福利', '2', 'psy_home_banner_type', NULL, 'default', 'N', '0', 'admin', '2022-10-18 09:35:22', '', NULL, NULL);
INSERT INTO sys_dict_data (dict_code, dict_sort, dict_label, dict_value, dict_type, css_class, list_class, is_default, status, create_by, create_time, update_by, update_time, remark) VALUES(103, 0, '全面评估', '3', 'psy_home_banner_type', NULL, 'default', 'N', '0', 'admin', '2022-10-18 09:35:37', '', NULL, NULL);
INSERT INTO sys_dict_data (dict_code, dict_sort, dict_label, dict_value, dict_type, css_class, list_class, is_default, status, create_by, create_time, update_by, update_time, remark) VALUES(104, 0, '精选测评', '0', 'gauge_label_class', NULL, 'default', 'N', '0', 'admin', '2022-10-18 09:41:12', '', NULL, NULL);
INSERT INTO sys_dict_data (dict_code, dict_sort, dict_label, dict_value, dict_type, css_class, list_class, is_default, status, create_by, create_time, update_by, update_time, remark) VALUES(105, 0, '热门分类', '1', 'gauge_label_class', NULL, 'default', 'N', '0', 'admin', '2022-10-18 09:41:20', '', NULL, NULL);

INSERT INTO sys_menu (menu_id, menu_name, parent_id, order_num, `path`, component, query, is_frame, is_cache, menu_type, visible, status, perms, icon, create_by, create_time, update_by, update_time, remark) VALUES(2000, '心理咨询', 0, 1, 'psychology', NULL, NULL, 1, 0, 'M', '0', '0', '', 'eye-open', 'admin', '2022-08-26 10:52:52', 'admin', '2022-08-26 10:53:51', '');
INSERT INTO sys_menu (menu_id, menu_name, parent_id, order_num, `path`, component, query, is_frame, is_cache, menu_type, visible, status, perms, icon, create_by, create_time, update_by, update_time, remark) VALUES(2002, '心理咨询师', 2000, 1, 'consultant', 'psychology/consultant/index', NULL, 1, 0, 'C', '0', '0', 'psychology:consultant:list', '#', 'admin', '2022-08-26 11:41:58', 'admin', '2022-08-26 11:50:36', '心理咨询师菜单');
INSERT INTO sys_menu (menu_id, menu_name, parent_id, order_num, `path`, component, query, is_frame, is_cache, menu_type, visible, status, perms, icon, create_by, create_time, update_by, update_time, remark) VALUES(2003, '心理咨询师查询', 2002, 1, '#', '', NULL, 1, 0, 'F', '0', '0', 'psychology:consultant:query', '#', 'admin', '2022-08-26 11:41:58', '', NULL, '');
INSERT INTO sys_menu (menu_id, menu_name, parent_id, order_num, `path`, component, query, is_frame, is_cache, menu_type, visible, status, perms, icon, create_by, create_time, update_by, update_time, remark) VALUES(2004, '心理咨询师新增', 2002, 2, '#', '', NULL, 1, 0, 'F', '0', '0', 'psychology:consultant:add', '#', 'admin', '2022-08-26 11:41:59', '', NULL, '');
INSERT INTO sys_menu (menu_id, menu_name, parent_id, order_num, `path`, component, query, is_frame, is_cache, menu_type, visible, status, perms, icon, create_by, create_time, update_by, update_time, remark) VALUES(2005, '心理咨询师修改', 2002, 3, '#', '', NULL, 1, 0, 'F', '0', '0', 'psychology:consultant:edit', '#', 'admin', '2022-08-26 11:41:59', '', NULL, '');
INSERT INTO sys_menu (menu_id, menu_name, parent_id, order_num, `path`, component, query, is_frame, is_cache, menu_type, visible, status, perms, icon, create_by, create_time, update_by, update_time, remark) VALUES(2006, '心理咨询师删除', 2002, 4, '#', '', NULL, 1, 0, 'F', '0', '0', 'psychology:consultant:remove', '#', 'admin', '2022-08-26 11:41:59', '', NULL, '');
INSERT INTO sys_menu (menu_id, menu_name, parent_id, order_num, `path`, component, query, is_frame, is_cache, menu_type, visible, status, perms, icon, create_by, create_time, update_by, update_time, remark) VALUES(2007, '心理咨询师导出', 2002, 5, '#', '', NULL, 1, 0, 'F', '0', '0', 'psychology:consultant:export', '#', 'admin', '2022-08-26 11:41:59', '', NULL, '');
INSERT INTO sys_menu (menu_id, menu_name, parent_id, order_num, `path`, component, query, is_frame, is_cache, menu_type, visible, status, perms, icon, create_by, create_time, update_by, update_time, remark) VALUES(2008, '咨询师预约', 2000, 1, 'appointment', 'psychology/appointment/index', NULL, 1, 0, 'C', '0', '0', 'psychology:appointment:list', '#', 'admin', '2022-08-26 11:42:52', 'admin', '2022-08-26 11:50:45', '咨询师预约菜单');
INSERT INTO sys_menu (menu_id, menu_name, parent_id, order_num, `path`, component, query, is_frame, is_cache, menu_type, visible, status, perms, icon, create_by, create_time, update_by, update_time, remark) VALUES(2009, '咨询师预约查询', 2008, 1, '#', '', NULL, 1, 0, 'F', '0', '0', 'psychology:appointment:query', '#', 'admin', '2022-08-26 11:42:52', '', NULL, '');
INSERT INTO sys_menu (menu_id, menu_name, parent_id, order_num, `path`, component, query, is_frame, is_cache, menu_type, visible, status, perms, icon, create_by, create_time, update_by, update_time, remark) VALUES(2010, '咨询师预约新增', 2008, 2, '#', '', NULL, 1, 0, 'F', '0', '0', 'psychology:appointment:add', '#', 'admin', '2022-08-26 11:42:52', '', NULL, '');
INSERT INTO sys_menu (menu_id, menu_name, parent_id, order_num, `path`, component, query, is_frame, is_cache, menu_type, visible, status, perms, icon, create_by, create_time, update_by, update_time, remark) VALUES(2011, '咨询师预约修改', 2008, 3, '#', '', NULL, 1, 0, 'F', '0', '0', 'psychology:appointment:edit', '#', 'admin', '2022-08-26 11:42:53', '', NULL, '');
INSERT INTO sys_menu (menu_id, menu_name, parent_id, order_num, `path`, component, query, is_frame, is_cache, menu_type, visible, status, perms, icon, create_by, create_time, update_by, update_time, remark) VALUES(2012, '咨询师预约删除', 2008, 4, '#', '', NULL, 1, 0, 'F', '0', '0', 'psychology:appointment:remove', '#', 'admin', '2022-08-26 11:42:53', '', NULL, '');
INSERT INTO sys_menu (menu_id, menu_name, parent_id, order_num, `path`, component, query, is_frame, is_cache, menu_type, visible, status, perms, icon, create_by, create_time, update_by, update_time, remark) VALUES(2013, '咨询师预约导出', 2008, 5, '#', '', NULL, 1, 0, 'F', '0', '0', 'psychology:appointment:export', '#', 'admin', '2022-08-26 11:42:53', '', NULL, '');
INSERT INTO sys_menu (menu_id, menu_name, parent_id, order_num, `path`, component, query, is_frame, is_cache, menu_type, visible, status, perms, icon, create_by, create_time, update_by, update_time, remark) VALUES(2014, '咨询用户', 2033, 1, 'user', 'psychology/user/index', NULL, 1, 0, 'C', '0', '0', 'psychology:user:list', '#', 'admin', '2022-08-26 11:43:23', 'admin', '2022-09-06 16:10:01', '用户菜单');
INSERT INTO sys_menu (menu_id, menu_name, parent_id, order_num, `path`, component, query, is_frame, is_cache, menu_type, visible, status, perms, icon, create_by, create_time, update_by, update_time, remark) VALUES(2015, '用户查询', 2014, 1, '#', '', NULL, 1, 0, 'F', '0', '0', 'psychology:user:query', '#', 'admin', '2022-08-26 11:43:23', '', NULL, '');
INSERT INTO sys_menu (menu_id, menu_name, parent_id, order_num, `path`, component, query, is_frame, is_cache, menu_type, visible, status, perms, icon, create_by, create_time, update_by, update_time, remark) VALUES(2016, '用户新增', 2014, 2, '#', '', NULL, 1, 0, 'F', '0', '0', 'psychology:user:add', '#', 'admin', '2022-08-26 11:43:23', '', NULL, '');
INSERT INTO sys_menu (menu_id, menu_name, parent_id, order_num, `path`, component, query, is_frame, is_cache, menu_type, visible, status, perms, icon, create_by, create_time, update_by, update_time, remark) VALUES(2017, '用户修改', 2014, 3, '#', '', NULL, 1, 0, 'F', '0', '0', 'psychology:user:edit', '#', 'admin', '2022-08-26 11:43:23', '', NULL, '');
INSERT INTO sys_menu (menu_id, menu_name, parent_id, order_num, `path`, component, query, is_frame, is_cache, menu_type, visible, status, perms, icon, create_by, create_time, update_by, update_time, remark) VALUES(2018, '用户删除', 2014, 4, '#', '', NULL, 1, 0, 'F', '0', '0', 'psychology:user:remove', '#', 'admin', '2022-08-26 11:43:28', '', NULL, '');
INSERT INTO sys_menu (menu_id, menu_name, parent_id, order_num, `path`, component, query, is_frame, is_cache, menu_type, visible, status, perms, icon, create_by, create_time, update_by, update_time, remark) VALUES(2019, '用户导出', 2014, 5, '#', '', NULL, 1, 0, 'F', '0', '0', 'psychology:user:export', '#', 'admin', '2022-08-26 11:43:28', '', NULL, '');
INSERT INTO sys_menu (menu_id, menu_name, parent_id, order_num, `path`, component, query, is_frame, is_cache, menu_type, visible, status, perms, icon, create_by, create_time, update_by, update_time, remark) VALUES(2020, '心理测评', 2032, 1, 'gauge', 'gauge/gauge/index', NULL, 1, 0, 'C', '0', '0', 'psychology:gauge:list', '#', 'admin', '2022-08-30 17:39:30', 'admin', '2022-09-06 17:43:40', '心理测评菜单');
INSERT INTO sys_menu (menu_id, menu_name, parent_id, order_num, `path`, component, query, is_frame, is_cache, menu_type, visible, status, perms, icon, create_by, create_time, update_by, update_time, remark) VALUES(2021, '心理测评查询', 2020, 1, '#', '', NULL, 1, 0, 'F', '0', '0', 'psychology:gauge:query', '#', 'admin', '2022-08-30 17:39:30', '', NULL, '');
INSERT INTO sys_menu (menu_id, menu_name, parent_id, order_num, `path`, component, query, is_frame, is_cache, menu_type, visible, status, perms, icon, create_by, create_time, update_by, update_time, remark) VALUES(2022, '心理测评新增', 2020, 2, '#', '', NULL, 1, 0, 'F', '0', '0', 'psychology:gauge:add', '#', 'admin', '2022-08-30 17:39:30', '', NULL, '');
INSERT INTO sys_menu (menu_id, menu_name, parent_id, order_num, `path`, component, query, is_frame, is_cache, menu_type, visible, status, perms, icon, create_by, create_time, update_by, update_time, remark) VALUES(2023, '心理测评修改', 2020, 3, '#', '', NULL, 1, 0, 'F', '0', '0', 'psychology:gauge:edit', '#', 'admin', '2022-08-30 17:39:30', '', NULL, '');
INSERT INTO sys_menu (menu_id, menu_name, parent_id, order_num, `path`, component, query, is_frame, is_cache, menu_type, visible, status, perms, icon, create_by, create_time, update_by, update_time, remark) VALUES(2024, '心理测评删除', 2020, 4, '#', '', NULL, 1, 0, 'F', '0', '0', 'psychology:gauge:remove', '#', 'admin', '2022-08-30 17:39:30', '', NULL, '');
INSERT INTO sys_menu (menu_id, menu_name, parent_id, order_num, `path`, component, query, is_frame, is_cache, menu_type, visible, status, perms, icon, create_by, create_time, update_by, update_time, remark) VALUES(2025, '心理测评导出', 2020, 5, '#', '', NULL, 1, 0, 'F', '0', '0', 'psychology:gauge:export', '#', 'admin', '2022-08-30 17:39:30', '', NULL, '');
INSERT INTO sys_menu (menu_id, menu_name, parent_id, order_num, `path`, component, query, is_frame, is_cache, menu_type, visible, status, perms, icon, create_by, create_time, update_by, update_time, remark) VALUES(2026, '测评分类', 2032, 1, 'gaugeClass', 'gauge/gaugeClass/index', NULL, 1, 0, 'C', '0', '0', 'psychology:gaugeClass:list', '#', 'admin', '2022-08-30 17:40:01', 'admin', '2022-09-06 17:43:47', '测评分类菜单');
INSERT INTO sys_menu (menu_id, menu_name, parent_id, order_num, `path`, component, query, is_frame, is_cache, menu_type, visible, status, perms, icon, create_by, create_time, update_by, update_time, remark) VALUES(2027, '测评分类查询', 2026, 1, '#', '', NULL, 1, 0, 'F', '0', '0', 'psychology:gaugeClass:query', '#', 'admin', '2022-08-30 17:40:01', '', NULL, '');
INSERT INTO sys_menu (menu_id, menu_name, parent_id, order_num, `path`, component, query, is_frame, is_cache, menu_type, visible, status, perms, icon, create_by, create_time, update_by, update_time, remark) VALUES(2028, '测评分类新增', 2026, 2, '#', '', NULL, 1, 0, 'F', '0', '0', 'psychology:gaugeClass:add', '#', 'admin', '2022-08-30 17:40:01', '', NULL, '');
INSERT INTO sys_menu (menu_id, menu_name, parent_id, order_num, `path`, component, query, is_frame, is_cache, menu_type, visible, status, perms, icon, create_by, create_time, update_by, update_time, remark) VALUES(2029, '测评分类修改', 2026, 3, '#', '', NULL, 1, 0, 'F', '0', '0', 'psychology:gaugeClass:edit', '#', 'admin', '2022-08-30 17:40:01', '', NULL, '');
INSERT INTO sys_menu (menu_id, menu_name, parent_id, order_num, `path`, component, query, is_frame, is_cache, menu_type, visible, status, perms, icon, create_by, create_time, update_by, update_time, remark) VALUES(2030, '测评分类删除', 2026, 4, '#', '', NULL, 1, 0, 'F', '0', '0', 'psychology:gaugeClass:remove', '#', 'admin', '2022-08-30 17:40:01', '', NULL, '');
INSERT INTO sys_menu (menu_id, menu_name, parent_id, order_num, `path`, component, query, is_frame, is_cache, menu_type, visible, status, perms, icon, create_by, create_time, update_by, update_time, remark) VALUES(2031, '测评分类导出', 2026, 5, '#', '', NULL, 1, 0, 'F', '0', '0', 'psychology:gaugeClass:export', '#', 'admin', '2022-08-30 17:40:01', '', NULL, '');
INSERT INTO sys_menu (menu_id, menu_name, parent_id, order_num, `path`, component, query, is_frame, is_cache, menu_type, visible, status, perms, icon, create_by, create_time, update_by, update_time, remark) VALUES(2032, '心理量表', 0, 1, 'gauge', NULL, NULL, 1, 0, 'M', '0', '0', NULL, 'list', 'admin', '2022-09-06 16:00:02', '', NULL, '');
INSERT INTO sys_menu (menu_id, menu_name, parent_id, order_num, `path`, component, query, is_frame, is_cache, menu_type, visible, status, perms, icon, create_by, create_time, update_by, update_time, remark) VALUES(2033, '用户管理', 0, 1, 'user', NULL, NULL, 1, 0, 'M', '0', '0', NULL, 'peoples', 'admin', '2022-09-06 16:09:40', '', NULL, '');
INSERT INTO sys_menu (menu_id, menu_name, parent_id, order_num, `path`, component, query, is_frame, is_cache, menu_type, visible, status, perms, icon, create_by, create_time, update_by, update_time, remark) VALUES(2045, '心理测评问题选项查询', 2020, 6, '#', '', NULL, 1, 0, 'F', '0', '0', 'gauge:options:query', '#', 'admin', '2022-09-06 16:43:00', '', NULL, '');
INSERT INTO sys_menu (menu_id, menu_name, parent_id, order_num, `path`, component, query, is_frame, is_cache, menu_type, visible, status, perms, icon, create_by, create_time, update_by, update_time, remark) VALUES(2046, '心理测评问题选项新增', 2020, 7, '#', '', NULL, 1, 0, 'F', '0', '0', 'gauge:options:add', '#', 'admin', '2022-09-06 16:43:00', '', NULL, '');
INSERT INTO sys_menu (menu_id, menu_name, parent_id, order_num, `path`, component, query, is_frame, is_cache, menu_type, visible, status, perms, icon, create_by, create_time, update_by, update_time, remark) VALUES(2047, '心理测评问题选项修改', 2020, 8, '#', '', NULL, 1, 0, 'F', '0', '0', 'gauge:options:edit', '#', 'admin', '2022-09-06 16:43:01', '', NULL, '');
INSERT INTO sys_menu (menu_id, menu_name, parent_id, order_num, `path`, component, query, is_frame, is_cache, menu_type, visible, status, perms, icon, create_by, create_time, update_by, update_time, remark) VALUES(2048, '心理测评问题选项删除', 2020, 9, '#', '', NULL, 1, 0, 'F', '0', '0', 'gauge:options:remove', '#', 'admin', '2022-09-06 16:43:01', '', NULL, '');
INSERT INTO sys_menu (menu_id, menu_name, parent_id, order_num, `path`, component, query, is_frame, is_cache, menu_type, visible, status, perms, icon, create_by, create_time, update_by, update_time, remark) VALUES(2049, '心理测评问题选项导出', 2020, 10, '#', '', NULL, 1, 0, 'F', '0', '0', 'gauge:options:export', '#', 'admin', '2022-09-06 16:43:01', '', NULL, '');
INSERT INTO sys_menu (menu_id, menu_name, parent_id, order_num, `path`, component, query, is_frame, is_cache, menu_type, visible, status, perms, icon, create_by, create_time, update_by, update_time, remark) VALUES(2050, '心理测评多维设置查询', 2020, 1, '#', '', NULL, 1, 0, 'F', '0', '0', 'gauge:multiSetting:query', '#', 'admin', '2022-09-10 13:42:31', '', NULL, '');
INSERT INTO sys_menu (menu_id, menu_name, parent_id, order_num, `path`, component, query, is_frame, is_cache, menu_type, visible, status, perms, icon, create_by, create_time, update_by, update_time, remark) VALUES(2051, '心理测评多维设置新增', 2020, 2, '#', '', NULL, 1, 0, 'F', '0', '0', 'gauge:multiSetting:add', '#', 'admin', '2022-09-10 13:42:31', '', NULL, '');
INSERT INTO sys_menu (menu_id, menu_name, parent_id, order_num, `path`, component, query, is_frame, is_cache, menu_type, visible, status, perms, icon, create_by, create_time, update_by, update_time, remark) VALUES(2052, '心理测评多维设置修改', 2020, 3, '#', '', NULL, 1, 0, 'F', '0', '0', 'gauge:multiSetting:edit', '#', 'admin', '2022-09-10 13:42:31', '', NULL, '');
INSERT INTO sys_menu (menu_id, menu_name, parent_id, order_num, `path`, component, query, is_frame, is_cache, menu_type, visible, status, perms, icon, create_by, create_time, update_by, update_time, remark) VALUES(2053, '心理测评多维设置删除', 2020, 4, '#', '', NULL, 1, 0, 'F', '0', '0', 'gauge:multiSetting:remove', '#', 'admin', '2022-09-10 13:42:31', '', NULL, '');
INSERT INTO sys_menu (menu_id, menu_name, parent_id, order_num, `path`, component, query, is_frame, is_cache, menu_type, visible, status, perms, icon, create_by, create_time, update_by, update_time, remark) VALUES(2054, '心理测评多维设置导出', 2020, 5, '#', '', NULL, 1, 0, 'F', '0', '0', 'gauge:multiSetting:export', '#', 'admin', '2022-09-10 13:42:31', '', NULL, '');
INSERT INTO sys_menu (menu_id, menu_name, parent_id, order_num, `path`, component, query, is_frame, is_cache, menu_type, visible, status, perms, icon, create_by, create_time, update_by, update_time, remark) VALUES(2055, '心理测评普通设置查询', 2020, 1, '#', '', NULL, 1, 0, 'F', '0', '0', 'gauge:setting:query', '#', 'admin', '2022-09-10 13:42:51', '', NULL, '');
INSERT INTO sys_menu (menu_id, menu_name, parent_id, order_num, `path`, component, query, is_frame, is_cache, menu_type, visible, status, perms, icon, create_by, create_time, update_by, update_time, remark) VALUES(2056, '心理测评普通设置新增', 2020, 2, '#', '', NULL, 1, 0, 'F', '0', '0', 'gauge:setting:add', '#', 'admin', '2022-09-10 13:42:51', '', NULL, '');
INSERT INTO sys_menu (menu_id, menu_name, parent_id, order_num, `path`, component, query, is_frame, is_cache, menu_type, visible, status, perms, icon, create_by, create_time, update_by, update_time, remark) VALUES(2057, '心理测评普通设置修改', 2020, 3, '#', '', NULL, 1, 0, 'F', '0', '0', 'gauge:setting:edit', '#', 'admin', '2022-09-10 13:42:51', '', NULL, '');
INSERT INTO sys_menu (menu_id, menu_name, parent_id, order_num, `path`, component, query, is_frame, is_cache, menu_type, visible, status, perms, icon, create_by, create_time, update_by, update_time, remark) VALUES(2058, '心理测评普通设置删除', 2020, 4, '#', '', NULL, 1, 0, 'F', '0', '0', 'gauge:setting:remove', '#', 'admin', '2022-09-10 13:42:51', '', NULL, '');
INSERT INTO sys_menu (menu_id, menu_name, parent_id, order_num, `path`, component, query, is_frame, is_cache, menu_type, visible, status, perms, icon, create_by, create_time, update_by, update_time, remark) VALUES(2059, '心理测评普通设置导出', 2020, 5, '#', '', NULL, 1, 0, 'F', '0', '0', 'gauge:setting:export', '#', 'admin', '2022-09-10 13:42:51', '', NULL, '');
INSERT INTO sys_menu (menu_id, menu_name, parent_id, order_num, `path`, component, query, is_frame, is_cache, menu_type, visible, status, perms, icon, create_by, create_time, update_by, update_time, remark) VALUES(2060, '心理测评普通设置查询', 2020, 6, '#', '', NULL, 1, 0, 'F', '0', '0', 'gauge:setting:listByIds', '#', 'admin', '2022-09-10 13:42:51', '', NULL, '');
INSERT INTO sys_menu (menu_id, menu_name, parent_id, order_num, `path`, component, query, is_frame, is_cache, menu_type, visible, status, perms, icon, create_by, create_time, update_by, update_time, remark) VALUES(2073, '测评标签', 2032, 1, 'label', 'gauge/label/index', NULL, 1, 0, 'C', '0', '0', 'gauge:label:list', '#', 'admin', '2022-10-18 10:26:34', '', NULL, '测评标签菜单');
INSERT INTO sys_menu (menu_id, menu_name, parent_id, order_num, `path`, component, query, is_frame, is_cache, menu_type, visible, status, perms, icon, create_by, create_time, update_by, update_time, remark) VALUES(2074, '测评标签查询', 2073, 1, '#', '', NULL, 1, 0, 'F', '0', '0', 'gauge:label:query', '#', 'admin', '2022-10-18 10:26:34', '', NULL, '');
INSERT INTO sys_menu (menu_id, menu_name, parent_id, order_num, `path`, component, query, is_frame, is_cache, menu_type, visible, status, perms, icon, create_by, create_time, update_by, update_time, remark) VALUES(2075, '测评标签新增', 2073, 2, '#', '', NULL, 1, 0, 'F', '0', '0', 'gauge:label:add', '#', 'admin', '2022-10-18 10:26:34', '', NULL, '');
INSERT INTO sys_menu (menu_id, menu_name, parent_id, order_num, `path`, component, query, is_frame, is_cache, menu_type, visible, status, perms, icon, create_by, create_time, update_by, update_time, remark) VALUES(2076, '测评标签修改', 2073, 3, '#', '', NULL, 1, 0, 'F', '0', '0', 'gauge:label:edit', '#', 'admin', '2022-10-18 10:26:34', '', NULL, '');
INSERT INTO sys_menu (menu_id, menu_name, parent_id, order_num, `path`, component, query, is_frame, is_cache, menu_type, visible, status, perms, icon, create_by, create_time, update_by, update_time, remark) VALUES(2077, '测评标签删除', 2073, 4, '#', '', NULL, 1, 0, 'F', '0', '0', 'gauge:label:remove', '#', 'admin', '2022-10-18 10:26:34', '', NULL, '');
INSERT INTO sys_menu (menu_id, menu_name, parent_id, order_num, `path`, component, query, is_frame, is_cache, menu_type, visible, status, perms, icon, create_by, create_time, update_by, update_time, remark) VALUES(2078, '测评标签导出', 2073, 5, '#', '', NULL, 1, 0, 'F', '0', '0', 'gauge:label:export', '#', 'admin', '2022-10-18 10:26:34', '', NULL, '');
INSERT INTO sys_menu (menu_id, menu_name, parent_id, order_num, `path`, component, query, is_frame, is_cache, menu_type, visible, status, perms, icon, create_by, create_time, update_by, update_time, remark) VALUES(2079, '测评banner配置', 2032, 1, 'config', 'banner/config/index', NULL, 1, 0, 'C', '0', '0', 'banner:config:list', '#', 'admin', '2022-10-18 10:34:55', '', NULL, '测评banner配置菜单');
INSERT INTO sys_menu (menu_id, menu_name, parent_id, order_num, `path`, component, query, is_frame, is_cache, menu_type, visible, status, perms, icon, create_by, create_time, update_by, update_time, remark) VALUES(2080, '测评banner配置查询', 2079, 1, '#', '', NULL, 1, 0, 'F', '0', '0', 'banner:config:query', '#', 'admin', '2022-10-18 10:34:55', '', NULL, '');
INSERT INTO sys_menu (menu_id, menu_name, parent_id, order_num, `path`, component, query, is_frame, is_cache, menu_type, visible, status, perms, icon, create_by, create_time, update_by, update_time, remark) VALUES(2081, '测评banner配置新增', 2079, 2, '#', '', NULL, 1, 0, 'F', '0', '0', 'banner:config:add', '#', 'admin', '2022-10-18 10:34:55', '', NULL, '');
INSERT INTO sys_menu (menu_id, menu_name, parent_id, order_num, `path`, component, query, is_frame, is_cache, menu_type, visible, status, perms, icon, create_by, create_time, update_by, update_time, remark) VALUES(2082, '测评banner配置修改', 2079, 3, '#', '', NULL, 1, 0, 'F', '0', '0', 'banner:config:edit', '#', 'admin', '2022-10-18 10:34:55', '', NULL, '');
INSERT INTO sys_menu (menu_id, menu_name, parent_id, order_num, `path`, component, query, is_frame, is_cache, menu_type, visible, status, perms, icon, create_by, create_time, update_by, update_time, remark) VALUES(2083, '测评banner配置删除', 2079, 4, '#', '', NULL, 1, 0, 'F', '0', '0', 'banner:config:remove', '#', 'admin', '2022-10-18 10:34:55', '', NULL, '');
INSERT INTO sys_menu (menu_id, menu_name, parent_id, order_num, `path`, component, query, is_frame, is_cache, menu_type, visible, status, perms, icon, create_by, create_time, update_by, update_time, remark) VALUES(2084, '测评banner配置导出', 2079, 5, '#', '', NULL, 1, 0, 'F', '0', '0', 'banner:config:export', '#', 'admin', '2022-10-18 10:34:55', '', NULL, '');

-- 菜单 SQL咨询banner,class
INSERT INTO sys_menu (`menu_id`, `menu_name`, `parent_id`, `order_num`, `path`, `component`, `query`, `is_frame`, `is_cache`, `menu_type`, `visible`, `status`, `perms`, `icon`, `create_by`, `create_time`, `update_by`, `update_time`, `remark`) VALUES (2094, '咨询类型', 2000, 1, 'psyClass', 'psychology/psyClass/index', NULL, 1, 0, 'C', '0', '0', 'psychology:class:list', '#', 'admin', '2023-06-16 06:46:53', '', NULL, '咨询类型菜单');
INSERT INTO sys_menu (`menu_id`, `menu_name`, `parent_id`, `order_num`, `path`, `component`, `query`, `is_frame`, `is_cache`, `menu_type`, `visible`, `status`, `perms`, `icon`, `create_by`, `create_time`, `update_by`, `update_time`, `remark`) VALUES (2095, '咨询类型查询', 2094, 1, '#', '', NULL, 1, 0, 'F', '0', '0', 'psychology:class:query', '#', 'admin', '2023-06-16 06:46:53', '', NULL, '');
INSERT INTO sys_menu (`menu_id`, `menu_name`, `parent_id`, `order_num`, `path`, `component`, `query`, `is_frame`, `is_cache`, `menu_type`, `visible`, `status`, `perms`, `icon`, `create_by`, `create_time`, `update_by`, `update_time`, `remark`) VALUES (2096, '咨询类型新增', 2094, 2, '#', '', NULL, 1, 0, 'F', '0', '0', 'psychology:class:add', '#', 'admin', '2023-06-16 06:46:53', '', NULL, '');
INSERT INTO sys_menu (`menu_id`, `menu_name`, `parent_id`, `order_num`, `path`, `component`, `query`, `is_frame`, `is_cache`, `menu_type`, `visible`, `status`, `perms`, `icon`, `create_by`, `create_time`, `update_by`, `update_time`, `remark`) VALUES (2097, '咨询类型修改', 2094, 3, '#', '', NULL, 1, 0, 'F', '0', '0', 'psychology:class:edit', '#', 'admin', '2023-06-16 06:46:53', '', NULL, '');
INSERT INTO sys_menu (`menu_id`, `menu_name`, `parent_id`, `order_num`, `path`, `component`, `query`, `is_frame`, `is_cache`, `menu_type`, `visible`, `status`, `perms`, `icon`, `create_by`, `create_time`, `update_by`, `update_time`, `remark`) VALUES (2098, '咨询类型删除', 2094, 4, '#', '', NULL, 1, 0, 'F', '0', '0', 'psychology:class:remove', '#', 'admin', '2023-06-16 06:46:53', '', NULL, '');
INSERT INTO sys_menu (`menu_id`, `menu_name`, `parent_id`, `order_num`, `path`, `component`, `query`, `is_frame`, `is_cache`, `menu_type`, `visible`, `status`, `perms`, `icon`, `create_by`, `create_time`, `update_by`, `update_time`, `remark`) VALUES (2099, '咨询类型导出', 2094, 5, '#', '', NULL, 1, 0, 'F', '0', '0', 'psychology:class:export', '#', 'admin', '2023-06-16 06:46:53', '', NULL, '');
INSERT INTO sys_menu (`menu_id`, `menu_name`, `parent_id`, `order_num`, `path`, `component`, `query`, `is_frame`, `is_cache`, `menu_type`, `visible`, `status`, `perms`, `icon`, `create_by`, `create_time`, `update_by`, `update_time`, `remark`) VALUES (2100, '咨询banner配置', 2000, 1, 'psyBanner', 'psychology/banner/index', NULL, 1, 0, 'C', '0', '0', 'psychology:banner:list', '#', 'admin', '2023-06-16 06:52:29', '', NULL, '咨询banner配置菜单');
INSERT INTO sys_menu (`menu_id`, `menu_name`, `parent_id`, `order_num`, `path`, `component`, `query`, `is_frame`, `is_cache`, `menu_type`, `visible`, `status`, `perms`, `icon`, `create_by`, `create_time`, `update_by`, `update_time`, `remark`) VALUES (2101, '咨询banner配置查询', 2100, 1, '#', '', NULL, 1, 0, 'F', '0', '0', 'psychology:banner:query', '#', 'admin', '2023-06-16 06:52:29', '', NULL, '');
INSERT INTO sys_menu (`menu_id`, `menu_name`, `parent_id`, `order_num`, `path`, `component`, `query`, `is_frame`, `is_cache`, `menu_type`, `visible`, `status`, `perms`, `icon`, `create_by`, `create_time`, `update_by`, `update_time`, `remark`) VALUES (2102, '咨询banner配置新增', 2100, 2, '#', '', NULL, 1, 0, 'F', '0', '0', 'psychology:banner:add', '#', 'admin', '2023-06-16 06:52:29', '', NULL, '');
INSERT INTO sys_menu (`menu_id`, `menu_name`, `parent_id`, `order_num`, `path`, `component`, `query`, `is_frame`, `is_cache`, `menu_type`, `visible`, `status`, `perms`, `icon`, `create_by`, `create_time`, `update_by`, `update_time`, `remark`) VALUES (2103, '咨询banner配置修改', 2100, 3, '#', '', NULL, 1, 0, 'F', '0', '0', 'psychology:banner:edit', '#', 'admin', '2023-06-16 06:52:29', '', NULL, '');
INSERT INTO sys_menu (`menu_id`, `menu_name`, `parent_id`, `order_num`, `path`, `component`, `query`, `is_frame`, `is_cache`, `menu_type`, `visible`, `status`, `perms`, `icon`, `create_by`, `create_time`, `update_by`, `update_time`, `remark`) VALUES (2104, '咨询banner配置删除', 2100, 4, '#', '', NULL, 1, 0, 'F', '0', '0', 'psychology:banner:remove', '#', 'admin', '2023-06-16 06:52:29', '', NULL, '');
INSERT INTO sys_menu (`menu_id`, `menu_name`, `parent_id`, `order_num`, `path`, `component`, `query`, `is_frame`, `is_cache`, `menu_type`, `visible`, `status`, `perms`, `icon`, `create_by`, `create_time`, `update_by`, `update_time`, `remark`) VALUES (2105, '咨询banner配置导出', 2100, 5, '#', '', NULL, 1, 0, 'F', '0', '0', 'psychology:banner:export', '#', 'admin', '2023-06-16 06:52:29', '', NULL, '');
